bright_ti4,bright_ti5,delta_t,frp,log_frp,estimated_flame_temp_k,estimated_pixel_fraction,is_night,confidence_num,recurrence_count,persistence_score,diurnal_ratio,frp_stability,is_persistent_cluster,dist_to_industrial_km,is_inside_buffer,frp_zscore,is_anomaly,label
326.6189289077746,287.7460427674862,38.872886140288415,71.97873900447385,4.290168152213831,802.0606476544544,0.14957628713429472,0.0,0.85,2,0.02465002963399341,0.3737315051182635,0.4436888166270443,0.0,26.925242843615976,0.0,0.0,0.0,WILDFIRE_FOREST
359.31889192614864,302.6412903629936,56.677601563155065,34.245390682601204,3.5623347599310713,1094.5502586550067,0.11835520312631014,0.0,1.0,21,0.9185788512030175,1.5150864736415435,0.82810538597262,1.0,0.5045764312721159,1.0,0.99015311832369,0.0,INDUSTRIAL_PERSISTENT_SOURCE
334.55654670403635,290.8665843403672,43.68996236366917,35.74187578554124,3.603917134159819,1043.9660534549096,0.09237992472733834,0.0,1.0,33,0.7086392461694604,1.669009574866863,0.6514653398060756,1.0,1.6959059139721298,1.0,-0.6497541796909816,0.0,INDUSTRIAL_PERSISTENT_SOURCE
373.70087580946716,311.0341395923942,62.66673621707298,123.02031027668014,4.820445344746373,1250.2680453005378,0.19904781776306565,0.0,0.95,5,0.5327733752579304,1.0535233783591098,0.353094895858894,1.0,0.735691935746125,1.0,4.757859393866773,1.0,INDUSTRIAL_ACCIDENTAL_FIRE
314.6841553161987,297.6999174822697,16.984237833929,15.889365635314054,2.826684171518396,615.1567814698179,0.0504605945848225,0.0,0.8,2,0.01537161406898917,0.0,0.12556422607053128,0.0,27.976836939349823,0.0,0.0,0.0,AGRICULTURAL_BURNING
329.17890471231107,295.3024550273856,33.87644968492549,18.70015457183201,2.9806264819990496,663.0672062188611,0.09269112421231374,0.0,0.4,1,0.13072917325851022,0.0,0.1917494587355239,0.0,8.239976358611633,0.0,0.0,0.0,AGRICULTURAL_BURNING
322.9308090688827,294.5268395660204,28.40396950286231,19.619849369156096,3.0262541734775583,675.6771213221385,0.0961541985796066,1.0,0.7,6,0.6362560291212102,1.1310732298529091,0.6445598039963047,1.0,2.754769745690005,1.0,-0.15612736704309582,0.0,MINING_COAL_FIRE
353.17732372142285,299.3539026769052,53.82342104451766,39.07705111369506,3.6908038790622277,1066.3966011007274,0.11264684208903532,0.0,1.0,30,0.9088322867193342,1.1584482886175018,0.7483241677688385,1.0,1.3426413202946086,1.0,0.12761964934875247,0.0,INDUSTRIAL_PERSISTENT_SOURCE
327.3976796559814,293.76739271294406,33.63028694303733,8.852612372081538,2.28773663546035,672.2625330604421,0.09207571735759335,0.0,0.4,2,0.1322579449024112,0.0,0.1472770966469406,0.0,31.410454252711535,0.0,0.0,0.0,AGRICULTURAL_BURNING
327.19985117676197,303.327866031618,23.87198514514398,9.262977994551,2.3285430505076197,618.8286815195904,0.06767996286285996,0.0,0.65,2,0.041808431895933015,0.0,0.21199149330514316,0.0,41.213404930841335,0.0,0.0,0.0,AGRICULTURAL_BURNING
391.26216875365503,304.1844508829279,87.07771787072716,132.44458956012178,4.893686332204535,1400.0,0.26879347963064903,0.0,0.85,2,0.5611906055926772,0.9335081913136263,0.22147182897478823,0.0,1.7724103736602594,1.0,4.76745419211615,1.0,INDUSTRIAL_ACCIDENTAL_FIRE
323.30469801850506,299.8916226781048,23.41307534040027,7.108307405873975,2.0928891417676825,609.8466553356051,0.06653268835100068,0.0,0.65,1,0.09173284105134925,0.0,0.233933581661172,0.0,39.2581881961332,0.0,0.0,0.0,AGRICULTURAL_BURNING
333.90246052173364,303.9579803150804,29.944480206653225,18.120313162613343,2.950751286286893,629.1029227324717,0.08286120051663307,0.0,0.8,2,0.011051101663834006,0.0,0.20820089929279084,0.0,50.5782218234201,0.0,0.0,0.0,AGRICULTURAL_BURNING
341.4951409079932,300.6660779310687,40.82906297692449,16.582649754476005,2.866912606409663,691.9134001843522,0.1316544656483557,0.0,0.85,16,0.6503094396069017,1.0417116347940552,0.618367929312978,1.0,0.5299822857523914,1.0,-0.28831821042169836,0.0,MINING_COAL_FIRE
325.8918352717548,290.5349009990934,35.35693427266142,25.22777111751563,3.266818815716797,849.1880111622481,0.13785644757553805,1.0,0.85,1,0.08249985879143079,0.4374770699433108,0.37366191307165686,0.0,74.81576582415533,0.0,0.0,0.0,WILDFIRE_FOREST
333.7503790217532,306.9605598978871,26.789819123866096,12.565821901924306,2.6075535341703007,626.0902080102367,0.07497454780966523,0.0,0.4,1,0.12798484298970014,0.0,0.2555938868265008,0.0,54.24777319368608,0.0,0.0,0.0,AGRICULTURAL_BURNING
340.71391626252836,302.2641202779875,38.449795984540856,48.62644877863099,3.9045239331128094,1020.298809048509,0.08189959196908171,1.0,1.0,30,0.7700647139916115,1.7487186386811626,0.8885218643543492,1.0,0.06840213231351369,1.0,-0.4064824446566888,0.0,INDUSTRIAL_PERSISTENT_SOURCE
320.2635311683436,292.5541843373809,27.709346830962716,13.741476482510485,2.690665050164648,648.8133630682951,0.09416956237417919,0.0,1.0,24,0.923396294339549,0.8768719483703038,0.5902249426594142,1.0,0.4119297729919228,1.0,-0.023263102833277816,0.0,MINING_COAL_FIRE
357.07946773324056,290.0403537727074,67.03911396053314,31.888821146726748,3.4931328172578167,999.164996856426,0.24346371320177712,1.0,0.85,1,0.06758766581570833,0.1953859091640724,0.28225215725344,0.0,84.20243597958043,0.0,0.0,0.0,WILDFIRE_FOREST
319.1604871356692,302.2290374051538,16.931449730515396,23.720996262601712,3.2076529336625734,588.2685398637079,0.05032862432628849,0.0,0.4,2,0.16013991500443495,0.0,0.2674576705899273,0.0,18.172925922216766,0.0,0.0,0.0,AGRICULTURAL_BURNING
365.81750035852446,305.3302107931003,60.487289565424135,127.99242587324159,4.85975368847701,1234.5775584702862,0.19282082732978323,0.0,0.85,5,0.45698515316261634,0.8535079027276135,0.4135594634174309,1.0,0.4319547772140266,1.0,5.514869245418787,1.0,INDUSTRIAL_ACCIDENTAL_FIRE
331.5938205318962,298.41108500296474,33.18273552893146,38.52854821542149,3.677023150487486,990.0238186149927,0.07136547105786292,1.0,1.0,13,0.728853905592385,1.047247578759341,0.7588301399412427,1.0,1.1517754262724984,1.0,-0.5580786755230154,0.0,INDUSTRIAL_PERSISTENT_SOURCE
349.7612830741037,300.48187267659705,49.27941039750664,36.25422687348291,3.6177654115016167,917.9007930482275,0.18426470132502212,0.0,0.65,1,0.19925718800976375,0.11326302700939862,0.38548664635730157,0.0,71.07753229911462,0.0,0.0,0.0,WILDFIRE_FOREST
351.7886704623149,290.9867157737146,60.80195468860029,23.687216480859984,3.2062855582757996,958.7906102445687,0.22267318229533428,1.0,0.85,3,0.22447968706873705,0.3358817714150072,0.27254584469617454,0.0,55.16800905530085,0.0,0.0,0.0,WILDFIRE_FOREST
337.74406557354325,288.05231995075957,49.691745622783685,19.741171019629068,3.032120663098938,773.8912145793348,0.15697641606509627,1.0,0.7,17,0.8727293278787893,1.3509879723631033,0.6485995393316336,1.0,0.7711112751277938,1.0,-0.05703883757568323,0.0,MINING_COAL_FIRE
332.3186896588069,291.7983529924342,40.52033666637266,20.324012537569573,3.0598337869161463,700.7566362846136,0.13077239047535044,0.0,1.0,12,0.7234257225449843,1.289835832233074,0.7260429917905993,1.0,2.624956561749571,1.0,-0.03727738198032304,0.0,MINING_COAL_FIRE
340.16565150988873,292.13186865207257,48.03378285781616,39.35212402322722,3.6976440333113705,1039.4370631766665,0.10106756571563233,1.0,0.9,10,0.8447204901421835,1.220729973979551,0.8997496102957898,1.0,1.7797199722074102,1.0,0.36666581997703496,0.0,INDUSTRIAL_PERSISTENT_SOURCE
376.37121456149106,310.8108502552411,65.56036430624994,156.68633963134943,5.0606078677145065,1240.4830179617393,0.20731532658928553,1.0,1.0,2,0.2747515398413709,1.19158379800915,0.3899708468633344,0.0,0.4895462182097023,1.0,4.089607644452161,1.0,INDUSTRIAL_ACCIDENTAL_FIRE
335.471021131033,291.2807018626917,44.190319268341284,9.471351973556054,2.3486431448704614,708.3719580451998,0.14125805505240369,0.0,0.7,8,0.9046674180587175,0.7851284804700407,0.6297085919684452,1.0,3.1974875063324935,0.0,0.5492029031363517,0.0,MINING_COAL_FIRE
389.77132854682003,301.99990594725244,87.77142259956759,133.12464711867514,4.898769569958959,1368.6071622589438,0.2707754931416217,0.0,1.0,1,0.5428215517645636,1.0362362279724286,0.3553123194410823,0.0,1.6724666182627863,1.0,7.212806312193993,1.0,INDUSTRIAL_ACCIDENTAL_FIRE
325.4896656984961,295.287244889721,30.20242080877506,38.632853120685525,3.6796583985721827,817.3993920452626,0.1206747360292502,0.0,0.65,2,0.08565299105596907,0.4036296349455555,0.3175458119668793,0.0,23.950804633160676,0.0,0.0,0.0,WILDFIRE_FOREST
356.68787661137105,287.3883316879154,69.29954492345564,24.672007388628167,3.24540119161634,1064.1394194824477,0.25099848307818545,1.0,1.0,2,0.10986501171856355,0.15556527028922917,0.4768044302019836,0.0,64.68325255965595,0.0,0.0,0.0,WILDFIRE_FOREST
334.37877361054444,288.3247185388087,46.05405507173572,37.58090459058642,3.652757454340765,1035.8764503508532,0.09710811014347144,1.0,0.75,13,0.7248678047642202,1.5863881409203358,0.7104384487379481,1.0,1.153642610911162,1.0,0.6872573572014933,0.0,INDUSTRIAL_PERSISTENT_SOURCE
325.49205149893004,298.51681322337544,26.975238275554602,85.7032501886043,4.462491370841683,816.3047698583586,0.10991746091851534,0.0,0.85,1,0.08963194120838347,0.37645383758290996,0.39687196797450763,0.0,38.33755327874705,0.0,0.0,0.0,WILDFIRE_FOREST
329.1509984283819,289.17972281198894,39.97127561639297,75.69709988828832,4.339863896553898,885.5980186909516,0.15323758538797658,0.0,0.65,1,0.1484480921179159,0.35340307725654385,0.25578896721743954,0.0,36.83644263113462,0.0,0.0,0.0,WILDFIRE_FOREST
341.45532421481005,292.48008236081324,48.975241853996806,38.90685943298327,3.6865482247336376,1049.1314760884104,0.10295048370799362,0.0,0.75,32,0.7498433737363815,1.5265992925091452,0.7118221339811526,1.0,1.909931473370517,1.0,-0.58920613034172,0.0,INDUSTRIAL_PERSISTENT_SOURCE
335.07463641944634,299.8909676748782,35.18366874456814,16.36012189756396,2.854175730956628,704.1665126909801,0.11552476784162324,1.0,1.0,12,0.6576155629138033,1.014320471910156,0.5990578625824361,1.0,1.9399910224695582,1.0,-0.4244198200441548,0.0,MINING_COAL_FIRE
332.0812167713909,303.74909413347575,28.332122637915177,9.641853872921235,2.3647947049129465,624.2985725841387,0.07883030659478793,0.0,0.65,2,0.027109547033033622,0.0,0.23899778173500802,0.0,24.258884258241796,0.0,0.0,0.0,AGRICULTURAL_BURNING
342.8058278524473,291.75369487894403,51.05213297350326,42.99937732341644,3.784175482077589,1053.9242534589791,0.10710426594700653,0.0,1.0,37,0.796544507907107,1.740037949227772,0.7451219656291073,1.0,1.5175256153534127,1.0,0.41453334020297583,0.0,INDUSTRIAL_PERSISTENT_SOURCE
327.8445119399486,297.9489503126371,29.89556162731145,10.611643073981657,2.452008308003238,641.3698229532724,0.08273890406827863,0.0,0.8,2,0.020105155009455797,0.0,0.13387797738666252,0.0,53.24372895485291,0.0,0.0,0.0,AGRICULTURAL_BURNING
387.9996840560122,300.0958555513974,87.90382850461481,227.786929244271,5.432791130444923,1373.7172178501346,0.2711537957274709,1.0,0.85,5,0.2340071038724317,1.249380050310286,0.31248291263107325,1.0,0.7919034225982785,1.0,6.855146264453174,1.0,INDUSTRIAL_ACCIDENTAL_FIRE
336.2011720590819,288.2385483939032,47.96262366517868,21.293806913861587,3.1043089230284093,714.6222170292436,0.1520360676147962,0.0,0.7,13,0.6488729085697398,1.2533893671338459,0.6103790806782677,1.0,1.3276029741458637,1.0,0.4641806975428324,0.0,MINING_COAL_FIRE
340.87483292847696,291.90366730218636,48.9711656262906,126.56023629051904,4.848588694527402,873.0820175924038,0.183237218754302,0.0,0.85,2,0.053417093752129774,0.2510941059743265,0.2756017013634149,0.0,47.27715466525759,0.0,0.0,0.0,WILDFIRE_FOREST
381.6854520511927,308.59290125298907,73.09255079820366,120.07284805279808,4.796392414460458,1261.3581819696235,0.228835859423439,1.0,0.85,2,0.2935190665874564,1.3458917766058005,0.13744322358943545,0.0,0.502704578721339,1.0,7.41157503672889,1.0,INDUSTRIAL_ACCIDENTAL_FIRE
320.5048654476788,289.8359838197641,30.668881627914686,10.361485062930782,2.4302291321195946,679.6143544458861,0.10262537607975625,1.0,0.85,26,0.6554914803622722,1.3267290259607378,0.8226270450799864,1.0,1.5963940857610306,1.0,0.6300677999310553,0.0,MINING_COAL_FIRE
328.55737610878157,296.9623470241217,31.59502908465987,14.769847623508305,2.75809973850013,693.8464566334169,0.10527151167045677,0.0,1.0,29,0.7509329469867124,0.9249207912184249,0.6923555600542419,1.0,1.0052625301368432,1.0,0.33996947887736706,0.0,MINING_COAL_FIRE
326.44008052232624,302.12857586459023,24.31150465773601,14.153902667909902,2.718258100623958,607.498094942971,0.06877876164434002,0.0,0.8,2,0.1496230985359887,0.0,0.24286984405514875,0.0,26.34995505751235,0.0,0.0,0.0,AGRICULTURAL_BURNING
333.31666142035584,303.4171961293009,29.899465291054923,12.26592474070483,2.5851986979909984,646.5817437951476,0.0827486632276373,0.0,0.65,2,0.10380431080851425,0.0,0.3234067064913342,0.0,24.179446817135837,0.0,0.0,0.0,AGRICULTURAL_BURNING
390.7050604916953,304.53629338772345,86.16876710397185,166.96604737675665,5.123761860030638,1368.9825695843247,0.2661964774399196,1.0,0.95,1,0.5489023406705362,1.070235654956285,0.4383471490064612,0.0,0.6795097583429719,1.0,4.947373937165154,1.0,INDUSTRIAL_ACCIDENTAL_FIRE
330.9649659396905,293.1555212970505,37.80944464264002,21.13924566558511,3.0973518555882738,684.4190961105543,0.1230269846932572,0.0,0.85,5,0.8381454744457727,0.9273550095518209,0.8296137508715868,1.0,3.2906342971358176,0.0,0.3585517565876577,0.0,MINING_COAL_FIRE
328.1547192554389,295.68392767341254,32.47079158202638,16.485392024885783,2.8613657909037364,636.0846937714132,0.08917697895506596,0.0,0.8,2,0.06134830713318783,0.0,0.34024797293256315,0.0,32.09353233690547,0.0,0.0,0.0,AGRICULTURAL_BURNING
379.3003048499111,298.6212732894653,80.67903156044576,140.72023996133723,4.9538549732031285,1330.5352448127935,0.25051151874413075,1.0,1.0,2,0.554758037362439,0.8035574978726182,0.3435000024974125,0.0,1.5413386833572635,1.0,5.389029641862955,1.0,INDUSTRIAL_ACCIDENTAL_FIRE
324.16940050066006,288.1947367171321,35.974663783527944,14.778156594741924,2.758626489502714,698.622446773673,0.1177847536672227,0.0,0.85,8,0.6088932334328524,1.2732349794762219,0.8162391770713275,1.0,0.33977752475590667,1.0,-0.44163895131325315,0.0,MINING_COAL_FIRE
340.7781751652319,293.1151196741241,47.6630554911078,15.551111912549707,2.8064532846145784,750.4769180901006,0.1511801585460223,1.0,1.0,25,0.8503714574506159,0.796937126134077,0.8336673613660722,1.0,2.507343945818774,1.0,0.7177985733837331,0.0,MINING_COAL_FIRE
322.30716686224673,288.44034458288087,33.86682227936586,18.487427548094857,2.9697695165114215,632.2348865341825,0.11176234936961675,0.0,0.7,12,0.7162835456572774,1.3595404630335826,0.7589999402990986,1.0,2.6503586909904966,1.0,0.745014437216285,0.0,MINING_COAL_FIRE
326.4491890451844,302.9221515328443,23.527037512340144,18.18433226823175,2.95409391820563,616.1675581796004,0.06681759378085037,0.0,0.8,1,0.12567167649236016,0.0,0.23773897233263094,0.0,54.43461011650819,0.0,0.0,0.0,AGRICULTURAL_BURNING
321.0245283369736,294.63834403087776,26.386184306095856,6.681659358719839,2.038835586154789,635.4755417427169,0.09038909801741674,0.0,0.7,13,0.8625119342814163,1.3602318035251935,0.5801288002922662,1.0,0.5284217145544909,1.0,-0.30373161403195503,0.0,MINING_COAL_FIRE
351.0296227667716,288.3664032441095,62.663219522662075,43.19813139322205,3.7886825120185432,1114.1341959104407,0.13032643904532415,0.0,1.0,20,0.8941294986335566,1.2516776861103038,0.8872549032899537,1.0,0.9176099153467302,1.0,0.38174384594851696,0.0,INDUSTRIAL_PERSISTENT_SOURCE
391.19058182089145,305.3240022897603,85.86657953113115,127.27254785384847,4.854157280323722,1367.3145530122165,0.2653330843746604,1.0,1.0,2,0.4302899045005243,1.3606864902823554,0.13655908133505298,0.0,1.2744573408527398,1.0,3.1888499862312525,1.0,INDUSTRIAL_ACCIDENTAL_FIRE
339.3799928298042,289.84790281593473,49.53209001386949,12.817650943179428,2.6259468287241936,734.4825396403568,0.15652025718248425,0.0,0.85,18,0.646441703587217,1.2079588245507065,0.7015573686258307,1.0,2.391327571887424,1.0,0.4115323338605521,0.0,MINING_COAL_FIRE
323.38097812665444,296.0058693760715,27.375108750582967,11.687707586449626,2.540633618161725,631.9238897223794,0.09321459643023705,1.0,0.85,6,0.7666319864595175,1.3188800697099066,0.7502981569382068,1.0,2.127829681721489,1.0,0.2585454954536659,0.0,MINING_COAL_FIRE
382.59606303982275,305.902419595317,76.69364344450577,173.03105977889493,5.1592337877609085,1282.1905091906517,0.23912469555573077,1.0,0.95,5,0.33154114819931757,0.9577329583987698,0.22787488688592017,1.0,0.7128520954147564,1.0,5.482658031943886,1.0,INDUSTRIAL_ACCIDENTAL_FIRE
322.46326238400906,294.6494724219756,27.813789962033468,18.611737818737037,2.976128255289321,666.6835203956871,0.07753447490508367,0.0,0.8,2,0.06510624850356943,0.0,0.24879324000782232,0.0,19.669406739202657,0.0,0.0,0.0,AGRICULTURAL_BURNING
381.208982202845,309.91611029596373,71.29287190688126,120.8437886785143,4.802739803626385,1308.9316556981562,0.22369391973394645,1.0,0.85,3,0.5993939448686738,1.0721084435135828,0.18410469320762834,1.0,1.725855380977029,1.0,6.617613168654607,1.0,INDUSTRIAL_ACCIDENTAL_FIRE
340.98844995138705,294.1838913991785,46.80455855220856,9.744960111296855,2.3744368177838937,690.7427689241871,0.1487273101491673,0.0,0.85,20,0.7100793296304145,1.0356375944681884,0.8279088908254033,1.0,2.6496608930514878,1.0,0.4650892977344294,0.0,MINING_COAL_FIRE
320.11301798392896,303.5100851726924,16.602932811236542,15.956639634084791,2.8306594759497314,583.6159672748107,0.04950733202809136,0.0,0.4,1,0.14506599413870608,0.0,0.34136400764276,0.0,51.4000907065187,0.0,0.0,0.0,AGRICULTURAL_BURNING
322.29429741640604,304.43301159389125,17.861285822514787,3.434570585459869,1.4894307870512171,617.6056158748573,0.05265321455628697,0.0,0.65,1,0.019225623024514263,0.0,0.3237750813995669,0.0,57.42504283009869,0.0,0.0,0.0,AGRICULTURAL_BURNING
334.005863015596,292.2804207899678,41.72544222562817,25.49322600874647,3.2768890780037707,1020.7461866047959,0.08845088445125635,1.0,0.9,39,0.9546534071258534,1.6733995377513766,0.8284498141662512,1.0,2.1037966943253728,1.0,0.5483842332300015,0.0,INDUSTRIAL_PERSISTENT_SOURCE
357.2778596820885,289.1750732664301,68.10278641565839,46.77635771520353,3.866530908669748,1126.0328698021044,0.14120557283131677,1.0,0.9,10,0.9514531991759428,1.7743647211237255,0.732871682486943,1.0,0.1782130597374695,1.0,0.00971977923628864,0.0,INDUSTRIAL_PERSISTENT_SOURCE
365.4818559494302,308.95039768327746,56.531458266152754,274.0868191020642,5.617086753667661,1190.2671581030322,0.18151845218900786,1.0,0.95,2,0.4579559578383606,1.1825012212544932,0.4384623463396512,0.0,0.2676699546723176,1.0,3.258317330512218,1.0,INDUSTRIAL_ACCIDENTAL_FIRE
329.92435491110683,300.6458405834972,29.278514327609628,18.908249290609383,2.991134183050184,635.021766295012,0.08119628581902408,0.0,0.8,2,0.1354576849867775,0.0,0.28239646935896134,0.0,54.66054352781796,0.0,0.0,0.0,AGRICULTURAL_BURNING
312.42246056883226,296.62804454170686,15.794416027125408,16.682817531351088,2.872593407145602,585.1191581673249,0.04748604006781352,0.0,0.65,2,0.055465720447219986,0.0,0.3363126192659257,0.0,28.703396337790554,0.0,0.0,0.0,AGRICULTURAL_BURNING
329.5912720253197,294.40740959863945,35.183862426680264,12.479048658363833,2.601136528688324,684.5788996996597,0.09595965606670065,0.0,0.65,2,0.047396634832690854,0.0,0.2453190747349189,0.0,57.15796206698893,0.0,0.0,0.0,AGRICULTURAL_BURNING
350.29790608913135,296.0591351050206,54.23877098411077,32.63524089756381,3.5155743535617416,1098.1566041889298,0.11347754196822155,0.0,0.75,44,0.7051243129906758,1.7018764962216335,0.8208491775555727,1.0,1.4961308943919895,1.0,-0.4556050411527339,0.0,INDUSTRIAL_PERSISTENT_SOURCE
333.5388385380288,299.48089170415795,34.05794683387086,54.32734949755586,4.0132673522302715,811.4822620253501,0.13352648944623619,0.0,1.0,2,0.0802901416024485,0.37994030891746555,0.3831518522125458,0.0,55.32673312431208,0.0,0.0,0.0,WILDFIRE_FOREST
329.5753048998981,292.3814679138452,37.19383698605287,27.04794358305626,3.333915316734195,830.8680364993605,0.14397945662017625,1.0,0.65,2,0.024266085016613717,0.26850237108516195,0.2133185794907981,0.0,67.15110996203768,0.0,0.0,0.0,WILDFIRE_FOREST
312.3358418440911,303.98551850220974,8.350323341881335,6.796996391395275,2.0537385815077167,540.7555791425277,0.02887580835470334,0.0,0.65,1,0.046435719532063234,0.0,0.233300550124891,0.0,43.138419115477795,0.0,0.0,0.0,AGRICULTURAL_BURNING
324.6585850933867,296.0601295476615,28.598455545725187,6.938517880774983,2.071726592945185,630.4455669669068,0.07949613886431298,0.0,0.65,2,0.08288174989413667,0.0,0.33205205464028387,0.0,11.637865731543224,0.0,0.0,0.0,AGRICULTURAL_BURNING
388.71529382824656,299.74749139553586,88.9678024327107,129.10079098995502,4.868309465361277,1400.0,0.2741937212363163,0.0,1.0,4,0.383391038615594,1.1238729235457754,0.44334558235693977,1.0,1.4398686594614596,1.0,7.357156316186048,1.0,INDUSTRIAL_ACCIDENTAL_FIRE
339.2300019659166,296.9303358376547,42.29966612826189,30.586864845706547,3.4527413647387113,1041.4657812043642,0.08959933225652378,0.0,1.0,9,0.8117864260629233,1.1653790652627274,0.9240238814492095,1.0,1.9214058732175912,1.0,0.5907085014637392,0.0,INDUSTRIAL_PERSISTENT_SOURCE
358.58343401327454,302.1131985951223,56.47023541815224,33.760929992840055,3.548494054723988,1106.8582341348028,0.11794047083630449,1.0,0.75,7,0.8312987579355346,1.4597430603810384,0.832037868746401,1.0,1.4824854536641552,1.0,1.1232255168665664,0.0,INDUSTRIAL_PERSISTENT_SOURCE
335.14377038988505,300.6233787061863,34.52039168369873,19.854993039412328,3.037593393887756,683.7316859605326,0.11362969052485353,0.0,1.0,12,0.6468199435748763,1.1511675949692521,0.7903936794566419,1.0,1.8335840261853824,1.0,0.2808172650616406,0.0,MINING_COAL_FIRE
331.4824589616827,300.38645961233124,31.095999349351473,5.0,1.791759469228055,647.8925607691872,0.1038457124267185,1.0,0.7,9,0.8092447734982421,1.3140423408658033,0.6742901235492982,1.0,2.1532440204922256,1.0,0.2742135651759686,0.0,MINING_COAL_FIRE
334.30359771538815,290.59542424935734,43.708173466030814,13.267553006518991,2.6579879386150256,721.4207716803592,0.1398804956172309,1.0,1.0,6,0.6751727897601744,0.753918687459862,0.669508385880022,1.0,2.083289626028821,1.0,0.6906485946373278,0.0,MINING_COAL_FIRE
353.85068498605807,286.32458987417743,67.52609511188064,24.57566414395947,3.241641279983779,977.8254788906312,0.24508698370626877,1.0,0.85,3,0.15480542325657107,0.10700514261052649,0.36394005530020934,0.0,29.019753164120317,0.0,0.0,0.0,WILDFIRE_FOREST
334.8154508386706,295.0561166402821,39.7593341983885,18.40500743663872,2.9655311480539175,681.5116899246893,0.10739833549597125,0.0,0.4,2,0.09084691304812109,0.0,0.34624953711242734,0.0,33.10659859197824,0.0,0.0,0.0,AGRICULTURAL_BURNING
376.3791709515665,308.41949512580607,67.95967582576043,180.8545646727349,5.203207272425279,1274.221466633801,0.2141705023593155,0.0,0.95,1,0.15231601150230142,1.1259900856231693,0.26829294233117573,0.0,0.4097646646573656,1.0,4.671392859877433,1.0,INDUSTRIAL_ACCIDENTAL_FIRE
324.57253456902777,300.71753247285636,23.855002096171404,4.611491114550567,1.7248164800372194,608.7455391322973,0.06763750524042851,0.0,0.4,2,0.08649214358274449,0.0,0.3252369024845525,0.0,30.745612444728295,0.0,0.0,0.0,AGRICULTURAL_BURNING
390.88990494076614,310.4053080943849,80.48459684638124,135.42338400260783,4.9157631676849896,1320.843423155935,0.24995599098966068,1.0,0.85,5,0.550036716038434,1.2358413735190608,0.44068391670768736,1.0,0.3941437736676777,1.0,3.3885366297291073,1.0,INDUSTRIAL_ACCIDENTAL_FIRE
333.683562575274,300.77406803456296,32.90949454071102,38.16872976276167,3.6678787183227506,866.581325125443,0.1296983151357034,1.0,0.65,1,0.05732269168858718,0.23975473960902505,0.3523682628593833,0.0,71.42579062876436,0.0,0.0,0.0,WILDFIRE_FOREST
330.40981167646976,299.14607220463336,31.263739471836402,19.922673089776197,3.040833407791912,672.2773318002638,0.10432496991953258,1.0,0.85,13,0.8256456645841452,0.9285155392922521,0.7422982348378467,1.0,3.2527229114132825,0.0,0.35122745979229486,0.0,MINING_COAL_FIRE
329.0063397989451,298.04648329631254,30.959856502632533,16.353579494325068,2.8537987960258064,659.7011834134821,0.10345673286466438,1.0,1.0,24,0.7236162333599689,0.7318678498598205,0.7123986577809411,1.0,1.4732041274126988,1.0,0.42904357449429664,0.0,MINING_COAL_FIRE
323.4095369247332,300.7136295188356,22.69590740589757,6.933904954748342,2.071145342533157,604.301813976649,0.06473976851474393,0.0,0.4,1,0.022962765938863088,0.0,0.31900329663237337,0.0,16.4554747243794,0.0,0.0,0.0,AGRICULTURAL_BURNING
317.98852458206767,300.60977751019476,17.37874707187291,16.31903974462268,2.851806459600944,595.6072789773083,0.05144686767968227,0.0,0.65,1,0.06643856578203046,0.0,0.287813341139715,0.0,12.125455576827258,0.0,0.0,0.0,AGRICULTURAL_BURNING
325.4898753015756,307.90225282559373,17.587622475981846,19.25054799997941,3.0081818549137647,592.7117120019207,0.051969056189954614,0.0,0.4,2,0.1154704437013007,0.0,0.24823012472753186,0.0,30.06423508362556,0.0,0.0,0.0,AGRICULTURAL_BURNING
378.8855586504755,304.1395388395241,74.7460198109514,141.797366717507,4.961426609381866,1302.7400514304622,0.23356005660271825,1.0,0.85,2,0.29674441160406084,1.0416561999611844,0.27759417855123314,0.0,0.432392210119728,1.0,4.665970693814801,1.0,INDUSTRIAL_ACCIDENTAL_FIRE
379.085559960369,303.91718447304544,75.16837548732354,225.16317755369056,5.421256763311796,1270.087010531723,0.23476678710663867,0.0,0.95,1,0.5975326444256229,0.8602924973445762,0.3850353727440664,0.0,1.7923662087909145,1.0,6.493848798181893,1.0,INDUSTRIAL_ACCIDENTAL_FIRE
339.1552790496354,293.9770430623574,45.178235987278015,7.064761935342924,2.0875041928951177,737.5490830075087,0.14408067424936577,0.0,0.85,20,0.6931217666137237,0.7665019332760514,0.5707854704332678,1.0,1.1174595390703619,1.0,0.7227270389838982,0.0,MINING_COAL_FIRE
367.3058622582849,305.00873975298583,62.29712250529906,143.14355395810912,4.970809705485584,1232.3126514101882,0.19799177858656872,1.0,1.0,4,0.22259825644233014,1.3624379203078192,0.42522981877114885,1.0,1.4404022028588102,1.0,5.934215778767059,1.0,INDUSTRIAL_ACCIDENTAL_FIRE
322.7235712420621,305.9614388615092,16.76213238055294,19.350030684828685,3.0130824197414565,573.7502970708678,0.04990533095138235,0.0,0.4,1,0.04177900865708499,0.0,0.26739769446803574,0.0,43.706442948882994,0.0,0.0,0.0,AGRICULTURAL_BURNING
340.6533418126877,290.8608802918132,49.7924615208745,20.290096883150625,3.0582420295362094,728.7685733420229,0.15726417577392715,1.0,0.85,13,0.8039616159329148,0.7238909328498244,0.5942453592414125,1.0,3.037158501946234,0.0,0.736348609694931,0.0,MINING_COAL_FIRE
391.60041161894145,301.652510726784,89.94790089215746,313.62142922447515,5.75137010408468,1387.5850352580164,0.27699400254902135,1.0,1.0,3,0.4015681292900438,1.460976117987617,0.40351962674425135,1.0,0.07678294550817331,1.0,5.895860068609041,1.0,INDUSTRIAL_ACCIDENTAL_FIRE
342.8045604596799,291.22797673172033,51.57658372795959,24.11761811775566,3.223569516951244,900.4557770586423,0.1919219457598653,1.0,1.0,2,0.03556491343133618,0.1567982885099083,0.20372482675082706,0.0,43.7067361703253,0.0,0.0,0.0,WILDFIRE_FOREST
338.8206699075003,291.60104479660765,47.21962511089265,25.469352953249924,3.2759875714086895,1054.755028848007,0.0994392502217853,1.0,1.0,11,0.884999841978103,1.6384151611424835,0.906184538904363,1.0,1.2340967232106503,1.0,-0.06287506194457237,0.0,INDUSTRIAL_PERSISTENT_SOURCE
355.2940328297093,291.58357043501366,63.71046239469564,47.96337927718038,3.891072657006458,1115.710926333105,0.13242092478939127,1.0,1.0,32,0.8379399589682259,1.6759376624638096,0.9167391607114574,1.0,0.1111711398544945,1.0,1.1719831443413187,0.0,INDUSTRIAL_PERSISTENT_SOURCE
380.53881583137735,302.873338304356,77.66547752702132,216.4229793883273,5.381844670059424,1306.6292093359473,0.24190136436291806,1.0,1.0,3,0.4815036730708879,0.8165164752518704,0.41449621163619377,1.0,0.700543766086078,1.0,6.9324990397780075,1.0,INDUSTRIAL_ACCIDENTAL_FIRE
326.5372243988999,297.74648014375225,28.790744255147672,21.50347654625413,3.1136698104412948,873.9847073874154,0.11596914751715891,1.0,1.0,3,0.2158309001561563,0.39146553395844996,0.23645335086129987,0.0,37.55765071277315,0.0,0.0,0.0,WILDFIRE_FOREST
355.0005750988973,295.41895579145637,59.58161930744092,55.39610095831661,4.032400024169549,1105.1795232159075,0.12416323861488184,1.0,1.0,16,0.8190736221990973,1.7030141239842957,0.7792824009554981,1.0,1.9705497044122364,1.0,0.9925134329431577,0.0,INDUSTRIAL_PERSISTENT_SOURCE
354.1108697655334,302.4109213234236,51.69994844210976,57.13129786206356,4.062704208353121,1052.918578118684,0.10839989688421953,1.0,1.0,39,0.8077243684069967,1.255320691616658,0.9359972794661415,1.0,1.10901717374333,1.0,0.2743386432080577,0.0,INDUSTRIAL_PERSISTENT_SOURCE
322.02429951270034,292.99991322580263,29.02438628689771,35.280634230572495,3.59128410664244,815.63251172425,0.11674795428965903,0.0,0.85,3,0.13281003365785546,0.4481614679768622,0.3713639973807489,0.0,47.5193679033795,0.0,0.0,0.0,WILDFIRE_FOREST
327.4898505669165,290.470239263901,37.019611303015495,12.428780950494744,2.597400235789387,702.6777737676335,0.12077031800861569,1.0,0.85,29,0.7551806391936265,1.021952537637772,0.6635314264145349,1.0,2.5455224328815946,1.0,-0.29555751857846146,0.0,MINING_COAL_FIRE
371.0045073273443,300.344756151627,70.6597511757173,224.80442174219934,5.419669234084496,1251.8121167873778,0.22188500335919228,1.0,0.85,3,0.21210998336402967,0.8363798985560307,0.2894537173553746,1.0,0.23299372058520046,1.0,5.595450195671599,1.0,INDUSTRIAL_ACCIDENTAL_FIRE
331.0382408620594,291.8805440771116,39.1576967849478,18.15364297060901,2.952492930986734,677.392718473098,0.12687913367127945,1.0,0.85,25,0.6475324869492173,0.793042946780947,0.6920020666285676,1.0,3.1050774191066375,0.0,0.7711549358796532,0.0,MINING_COAL_FIRE
314.00285077770707,304.5715965364154,9.43125424129164,12.259711249811803,2.584730208488323,540.8492810719569,0.0315781356032291,0.0,0.8,1,0.16260988850033867,0.0,0.29429787569208843,0.0,7.6298994008849,0.0,0.0,0.0,AGRICULTURAL_BURNING
328.9443530753205,288.815043305523,40.129309769797544,18.052747571560985,2.9472113206509056,690.3070978597523,0.12965517077085012,1.0,0.85,7,0.6065138557246551,1.018836120674849,0.6511125065464435,1.0,3.0748299710669524,0.0,0.17287847233806986,0.0,MINING_COAL_FIRE
383.57504132729173,309.54729727171764,74.02774405557409,289.51121145873924,5.671642169209003,1278.5405301969834,0.2315078401587831,0.0,0.85,5,0.3410617472299866,1.168257762892182,0.3657587993025718,1.0,1.2554183812824775,1.0,3.7244345273702684,1.0,INDUSTRIAL_ACCIDENTAL_FIRE
391.5825832644055,310.53965921973264,81.04292404467287,139.55673679194513,4.945611227843452,1346.5878899559955,0.2515512115562082,0.0,0.95,3,0.35565198603311565,1.0778945135452318,0.1547109397481013,1.0,0.5702526074923214,1.0,5.960204063471007,1.0,INDUSTRIAL_ACCIDENTAL_FIRE
330.95862084018177,290.9630034556859,39.99561738449586,31.718016250322876,3.487925881850225,858.8467363937298,0.1533187246149862,0.0,0.65,1,0.03235035322605609,0.23867705056862332,0.25801358296371657,0.0,81.68943510717767,0.0,0.0,0.0,WILDFIRE_FOREST
333.399455723599,290.840115603253,42.55934012034595,18.398966245156366,2.9652197783173695,730.6434621033458,0.13659811462955984,1.0,0.7,6,0.7252609857539912,1.2692344279856314,0.6664512728553219,1.0,2.3139725230320853,1.0,-0.046572234908372756,0.0,MINING_COAL_FIRE
323.98843438430606,293.96353325277767,30.024901131528395,18.612376670130278,2.9761608297095017,660.3635703815762,0.10078543180436685,0.0,1.0,23,0.7436087082370015,1.2544590076017665,0.7084214235210414,1.0,2.099362242375168,1.0,0.5307919658020768,0.0,MINING_COAL_FIRE
332.8798624126617,297.2633460124189,35.6165164002428,19.440605678645234,3.0175233969241373,687.3039486359319,0.11676147542926514,0.0,0.7,20,0.6665329313908285,1.3277791303608624,0.7879193480976853,1.0,1.5146736223740311,1.0,-0.4102552581630335,0.0,MINING_COAL_FIRE
330.6332676209242,286.0615217564525,44.571745864471666,60.35700854190046,4.1167094032939655,857.1698164416769,0.16857248621490553,0.0,0.65,1,0.19435757137717688,0.401875364312582,0.4429394988121294,0.0,37.034263456079486,0.0,0.0,0.0,WILDFIRE_FOREST
349.698722706647,291.19811604645287,58.50060666019414,67.31483965283093,4.224127014614029,899.7424431194723,0.21500202220064712,0.0,0.85,2,0.14525158104243188,0.1509782318725248,0.2997011540660967,0.0,76.79903865451855,0.0,0.0,0.0,WILDFIRE_FOREST
337.3988359091108,292.0887699796866,45.310065929424184,13.805665818935777,2.695009933114813,730.291854724988,0.14445733122692622,1.0,0.85,19,0.769291509192675,1.249497321374554,0.618893403397044,1.0,2.777352245887451,1.0,-0.08659165478727954,0.0,MINING_COAL_FIRE
354.08371677170794,297.8970405210047,56.186676250703215,8.0,2.1972245773362196,1102.9190118540541,0.11737335250140643,0.0,0.9,11,0.9143076983153107,1.7232766482828625,0.669321534804513,1.0,0.992165125598851,1.0,-0.27415150473570593,0.0,INDUSTRIAL_PERSISTENT_SOURCE
317.02435478322843,303.2026602701016,13.821694513126829,11.097128955286774,2.4929681480256107,596.7328070453584,0.04255423628281707,0.0,0.4,1,0.1433949167239092,0.0,0.16731350017905566,0.0,25.043993462390695,0.0,0.0,0.0,AGRICULTURAL_BURNING
312.89521314867545,297.80880958987603,15.086403558799418,5.138172535752101,1.81452706524401,566.3716420822656,0.04571600889699855,0.0,0.65,2,0.10425738873732866,0.0,0.3824803116362123,0.0,20.101446285735783,0.0,0.0,0.0,AGRICULTURAL_BURNING
329.6309289703736,301.30014162221255,28.33078734816104,13.75199263001177,2.6913781672216355,647.3833390640797,0.0788269683704026,0.0,0.4,1,0.06867676890311662,0.0,0.1487107673579179,0.0,18.487076811305677,0.0,0.0,0.0,AGRICULTURAL_BURNING
347.05625712194075,290.75120774886153,56.305049373079214,21.451581045867137,3.111361036914188,952.8384062949104,0.20768349791026403,1.0,0.65,2,0.19527648029113692,0.1332047494363129,0.49905466635782597,0.0,66.73196014488377,0.0,0.0,0.0,WILDFIRE_FOREST
384.9980143713986,300.27779641331995,84.72021795807865,186.51850090998795,5.233877512062687,1370.6910753576014,0.26205776559451044,0.0,0.95,5,0.399447832267971,1.3633271853927864,0.11611985696648473,1.0,1.0388992967923234,1.0,2.842480804672673,1.0,INDUSTRIAL_ACCIDENTAL_FIRE
348.66733601875336,294.0504645753953,54.616871443358036,40.57777562735329,3.7275657847832435,1098.3241676542511,0.11423374288671607,1.0,0.75,9,0.8032962436038,1.2070343932377148,0.8742538911747431,1.0,1.4947092728134561,1.0,0.32023196601869675,0.0,INDUSTRIAL_PERSISTENT_SOURCE
361.0835418834815,302.6960150216079,58.387526861873596,33.57831930737341,3.5432268760483403,1117.56124305391,0.1217750537237472,1.0,1.0,31,0.9044683524195599,1.1442493694130884,0.7914825712223277,1.0,0.6048417245887536,1.0,-0.5984943120808475,0.0,INDUSTRIAL_PERSISTENT_SOURCE
353.2733190612323,291.7810483027526,61.49227075847972,28.840617316791615,3.395870462681616,1111.4348171223814,0.12798454151695943,1.0,1.0,13,0.7816870127976122,0.9808431773148757,0.8272261164059194,1.0,1.0100850849657252,1.0,0.09599090933773624,0.0,INDUSTRIAL_PERSISTENT_SOURCE
322.1504226290713,296.13010276559396,26.02031986347731,15.048444807901374,2.775611948177272,647.2848938443344,0.0893437710385066,0.0,1.0,15,0.9335106645097009,1.041233301257409,0.7200258745338407,1.0,1.5348163398851993,1.0,-0.25156163047847735,0.0,MINING_COAL_FIRE
344.12974519812065,292.98393257256885,51.1458126255518,43.3243318272735,3.791533777447859,937.814549152008,0.19048604208517264,1.0,0.85,1,0.14044969641627827,0.27078517392676205,0.4322185120838348,0.0,63.214138455734776,0.0,0.0,0.0,WILDFIRE_FOREST
392.3205859476714,299.7193509458403,92.60123500183113,239.29664145635957,5.481874166183493,1400.0,0.28457495714808895,0.0,1.0,2,0.5694490432229671,1.0180109848319487,0.1795884673069894,0.0,0.4628355605413921,1.0,7.1279568483016496,1.0,INDUSTRIAL_ACCIDENTAL_FIRE
313.46831714204177,298.61628765353447,14.852029488507299,10.803019298568485,2.4683553715018083,606.1291137030421,0.045130073721268246,0.0,0.4,1,0.171861059282248,0.0,0.11506478947624209,0.0,16.402197028350777,0.0,0.0,0.0,AGRICULTURAL_BURNING
331.46438664630375,295.3577370741256,36.10664957217813,6.796149787339329,2.0536299948187864,648.6418189288698,0.09826662393044533,0.0,0.4,1,0.15796100131913418,0.0,0.2857478118160603,0.0,16.575421942810188,0.0,0.0,0.0,AGRICULTURAL_BURNING
329.1590011612187,297.7676520351633,31.391349126055445,80.31531322853606,4.398334353411805,828.6215455093508,0.12463783042018482,0.0,0.85,3,0.13359501100743704,0.39149508250339304,0.20576951103702806,0.0,55.51988424747946,0.0,0.0,0.0,WILDFIRE_FOREST
350.7169770547109,292.77004049108933,57.94693656362159,26.057184487936926,3.2979525703203936,961.685993402139,0.21315645521207197,1.0,1.0,1,0.17703108311421945,0.2336456796231955,0.3756453527512936,0.0,81.97168807519022,0.0,0.0,0.0,WILDFIRE_FOREST
341.87164391045775,292.2522710892713,49.61937282118646,14.360174351233299,2.7317780786468555,738.1033172585815,0.1567696366319613,0.0,1.0,24,0.677129391698272,0.729446093050619,0.5916450046729963,1.0,3.234691626728318,0.0,0.7159803492261478,0.0,MINING_COAL_FIRE
332.03988053291573,301.6789773601715,30.36090317274426,22.531141405850768,3.1583247100987144,663.4136215742041,0.08390225793186065,0.0,0.4,2,0.09632213863182597,0.0,0.27778474347944393,0.0,42.14633583350598,0.0,0.0,0.0,AGRICULTURAL_BURNING
314.7670217293387,297.7704677612969,16.99655396804178,22.371837755076122,3.151531782817853,558.6599241633949,0.05049138492010445,0.0,0.65,1,0.011546010651411275,0.0,0.12332363316960068,0.0,6.713929426027683,0.0,0.0,0.0,AGRICULTURAL_BURNING
392.09281183629616,311.06999516840705,81.02281666788912,233.9095409234601,5.459200507798131,1334.190163634081,0.2514937619082546,1.0,0.85,5,0.5790116355036146,1.4728115909971158,0.412098802820961,1.0,1.452358985779165,1.0,3.9350334807072787,1.0,INDUSTRIAL_ACCIDENTAL_FIRE
334.6917885819217,288.76445894054797,45.92732964137372,14.88554978273179,2.7654098773039766,737.2920372481911,0.14622094183249634,1.0,0.7,9,0.6102167941730638,1.330237638408376,0.6665586318211061,1.0,1.9001804967029867,1.0,-0.10566400288651673,0.0,MINING_COAL_FIRE
328.5092105502833,300.6525950895941,27.85661546068917,10.203370457921014,2.41621466677252,668.0194916562282,0.09459032988768334,0.0,0.85,16,0.6665839593330796,1.1988735952264356,0.8235053307121082,1.0,3.0314189797907374,0.0,0.297677489400235,0.0,MINING_COAL_FIRE
339.31582427711686,299.3230879336284,39.992736343488446,47.62819058758181,3.884203415983017,1028.0925702510388,0.0849854726869769,1.0,1.0,21,0.8321287484503838,1.2384376119982408,0.9327829130475966,1.0,1.4341551927220173,1.0,-0.05296067153651762,0.0,INDUSTRIAL_PERSISTENT_SOURCE
324.89184197022206,289.519787601997,35.372054368225065,15.533762676074767,2.8054045130365752,680.0728171703062,0.11606301248064305,1.0,0.85,5,0.8157606273082036,0.7206869536591329,0.6534804807831459,1.0,0.624149631603457,1.0,-0.3751856842522532,0.0,MINING_COAL_FIRE
359.61590216511524,292.10318593937006,67.51271622574518,77.54139601985833,4.3636258236272205,966.6825435372596,0.2450423874191506,0.0,1.0,2,0.17008118188259633,0.35655847520228034,0.2807630173626866,0.0,12.800346678602665,0.0,0.0,0.0,WILDFIRE_FOREST
341.9552585957712,293.60410783216724,48.35115076360398,11.149817356821076,2.497314137313165,740.1670343675471,0.15314614503886853,1.0,0.7,12,0.9087699225161143,1.1742956580424133,0.5808658735966153,1.0,3.2677324085295645,0.0,-0.1384553783483366,0.0,MINING_COAL_FIRE
385.41153241287566,301.8376850934688,83.57384731940687,148.61307185807826,5.008052440453548,1339.8301178653621,0.25878242091259107,1.0,0.85,5,0.5033020644971089,1.3236112536895817,0.3927858117663162,1.0,1.4984315908672257,1.0,5.786019729529109,1.0,INDUSTRIAL_ACCIDENTAL_FIRE
388.9934606622281,302.89141798669067,86.1020426755374,156.17257979122388,5.057344435971624,1369.7773756722918,0.26600583621582113,1.0,0.95,1,0.16827483392404743,1.00583127545468,0.34992071992643986,0.0,0.8694056997724139,1.0,5.454753326334297,1.0,INDUSTRIAL_ACCIDENTAL_FIRE
366.18856476045073,304.72709726160963,61.4614674988411,218.37429151534212,5.390779364655221,1208.851481432901,0.1956041928538317,1.0,0.95,1,0.20139620224633284,1.2327090140226833,0.34586273969043635,0.0,0.233627812231806,1.0,2.8863278936205377,1.0,INDUSTRIAL_ACCIDENTAL_FIRE
358.2012546813912,294.89912926940946,63.30212541198176,46.778658606875766,3.8665790671393134,1111.5209747062543,0.13160425082396354,1.0,1.0,11,0.9334403818256887,1.7813369622640647,0.8589087297599092,1.0,1.3432013934778988,1.0,-0.2628021341708051,0.0,INDUSTRIAL_PERSISTENT_SOURCE
330.2577820176569,302.8402427106306,27.41753930702629,27.205414698307887,3.33951397009069,921.4989502376241,0.05983507861405257,0.0,0.75,35,0.7347773390888677,1.4469263131478471,0.7708013624761993,1.0,0.10565644042850955,1.0,0.9352832294404467,0.0,INDUSTRIAL_PERSISTENT_SOURCE
335.95619370941915,305.38121656360715,30.574977145812,9.764880654163857,2.3762890442861164,658.2242557912462,0.08443744286453,0.0,0.4,2,0.1679420555230908,0.0,0.18912308733894184,0.0,53.61459982280597,0.0,0.0,0.0,AGRICULTURAL_BURNING
358.9856217513579,296.3114892059374,62.67413254542049,52.652838119884514,3.9825343683277414,1097.9898902962047,0.130348265090841,0.0,1.0,25,0.7461561343582106,1.7045757517162543,0.9259377715338308,1.0,0.40040670034754233,1.0,0.038962970179639456,0.0,INDUSTRIAL_PERSISTENT_SOURCE
392.09453176029876,306.6416919693621,85.45283979093665,226.27401270586472,5.426156393947732,1357.3289020567288,0.26415097083124756,0.0,0.95,2,0.4449588434273165,1.1156373131912731,0.4186649474411456,0.0,1.7658097689116612,1.0,4.856132133511526,1.0,INDUSTRIAL_ACCIDENTAL_FIRE
335.80132457798663,291.5735061908962,44.22781838709045,19.196910403411522,3.005529642382903,698.959694793309,0.14136519539168702,0.0,0.85,24,0.9222362836838707,1.1053983504994074,0.8320657312947551,1.0,2.782636866386423,1.0,-0.1048992113027537,0.0,MINING_COAL_FIRE
343.66953699916814,298.0695663534642,45.599970645703934,37.06655050511712,3.6393359570198216,1039.7268648308207,0.09619994129140787,1.0,1.0,37,0.7014728557629608,1.5021481637852532,0.6878850417753707,1.0,0.3735597518491728,1.0,-0.4051023658177366,0.0,INDUSTRIAL_PERSISTENT_SOURCE
384.70188454164827,307.9227191732082,76.77916536844009,203.38144606043988,5.319988081511023,1295.4125044452874,0.23936904390982883,1.0,1.0,3,0.565683853110985,0.8340603645631993,0.3033552826812883,1.0,0.06463644328449993,1.0,4.5542334349823985,1.0,INDUSTRIAL_ACCIDENTAL_FIRE
347.1528737460012,293.0049912929983,54.14788245300292,32.60684492369127,3.5147297641884734,937.592920002788,0.20049294151000974,0.0,0.65,3,0.20168810204641885,0.17903853571741182,0.3641183644395879,0.0,71.27843039089755,0.0,0.0,0.0,WILDFIRE_FOREST
370.6079428832434,304.23383634670586,66.37410653653757,365.09967231313414,5.90290562505104,1272.9396775001214,0.20964030439010733,1.0,0.85,2,0.33170196599971347,1.4505824386944077,0.17168084316967333,0.0,0.9042057010090362,1.0,4.095163848653138,1.0,INDUSTRIAL_ACCIDENTAL_FIRE
338.02154852104303,291.9151621485026,46.10638637254044,20.43132173160028,3.06485348427979,890.4984944889596,0.1736879545751348,0.0,0.85,2,0.21263942897555446,0.12835521249094245,0.29495211466250804,0.0,84.01355595886734,0.0,0.0,0.0,WILDFIRE_FOREST
327.48312445645064,290.56120643499526,36.92191802145538,20.24650928323134,3.056192612852384,684.9704366327682,0.12049119434701538,1.0,0.85,17,0.6178267529495068,1.190695025792404,0.6542315089745401,1.0,1.22077200271426,1.0,0.22373559033883095,0.0,MINING_COAL_FIRE
383.31089023454473,305.64969903896986,77.66119119557487,278.57140826140704,5.633257745693775,1305.3398698361752,0.24188911770164248,1.0,1.0,5,0.26015954931098373,0.8697057994780203,0.1056098547592931,1.0,0.48705231365137164,1.0,3.2811252975410836,1.0,INDUSTRIAL_ACCIDENTAL_FIRE
368.8236187826861,307.9076365686287,60.91598221405741,340.2576767561968,5.832637842234994,1233.2691483553635,0.19404566346873545,1.0,1.0,3,0.526980951798392,1.4109276876962897,0.13940313664417797,1.0,1.7523585650611502,1.0,2.884630811322136,1.0,INDUSTRIAL_ACCIDENTAL_FIRE
328.1531523533298,292.6991401670727,35.4540121862571,33.17961369979625,3.5316293756866624,1006.7934754004953,0.0759080243725142,1.0,0.9,34,0.7322001276769192,1.6134330652026763,0.83873527359028,1.0,1.1683352471690294,1.0,-0.2934943660685676,0.0,INDUSTRIAL_PERSISTENT_SOURCE
360.96269057981004,294.80889204632695,66.1537985334831,50.857279131429905,3.9484953130848983,1137.8139864521072,0.1373075970669662,0.0,1.0,24,0.9134169178484451,1.2930820360623676,0.7892001284589278,1.0,1.1252591719124976,1.0,0.47821569398941266,0.0,INDUSTRIAL_PERSISTENT_SOURCE
338.1621523471891,288.9351309692577,49.22702137793135,10.612750332893963,2.4521036610997644,757.389420365434,0.1556486325083753,0.0,0.7,10,0.7685267826121712,1.2016007210219717,0.8418864199068443,1.0,0.7678078951699836,1.0,0.513897711496534,0.0,MINING_COAL_FIRE
334.5709415377268,294.5139141691946,40.057027368532204,12.674604919328022,2.6155404571651437,689.0213365339487,0.12944864962437774,0.0,1.0,18,0.6555371758178845,1.1427736381631077,0.7156557217511944,1.0,2.3404328798185188,1.0,-0.10092385565876183,0.0,MINING_COAL_FIRE
329.0084332514423,298.2229847332049,30.785448518237388,5.0367249789744974,1.797861642867112,635.8674608997853,0.08496362129559348,0.0,0.8,1,0.06305562570420395,0.0,0.29000157455277686,0.0,10.573451627292833,0.0,0.0,0.0,AGRICULTURAL_BURNING
313.037278494119,305.567385798854,7.469892695265003,16.988105969273295,2.8897107600003644,559.6361634645704,0.026674731738162507,0.0,0.8,2,0.06659314385176959,0.0,0.12053595082781282,0.0,14.329325116736484,0.0,0.0,0.0,AGRICULTURAL_BURNING
331.8546469169265,303.28109934560484,28.573547571321683,16.7291643567658,2.875210987377294,633.90846467882,0.0794338689283042,0.0,0.8,2,0.1156935246025099,0.0,0.24203136035148237,0.0,34.37012681611246,0.0,0.0,0.0,AGRICULTURAL_BURNING
348.3536640802153,292.38810642722353,55.96555765299178,44.34359161462536,3.8142688570859495,1111.050194756048,0.11693111530598356,1.0,0.9,24,0.9527482474053566,1.6853166173678802,0.8022910167969042,1.0,1.5108875134153357,1.0,-0.18884708134434858,0.0,INDUSTRIAL_PERSISTENT_SOURCE
390.82396810746485,302.8467564135246,87.97721169394026,182.33307992671473,5.211304607339532,1373.6116976038702,0.27136346198268646,0.0,0.85,5,0.5924039735153255,1.47639200842373,0.43952605983334736,1.0,1.1941268144678079,1.0,4.6999357179030845,1.0,INDUSTRIAL_ACCIDENTAL_FIRE
365.5422609084656,304.9145120125681,60.627748895897525,132.57711262707952,4.894678933755293,1186.3690722410593,0.19322213970256436,1.0,0.95,3,0.47880644615017165,1.2129095932923808,0.4426125003962531,1.0,0.3629397411373254,1.0,3.2402714087920343,1.0,INDUSTRIAL_ACCIDENTAL_FIRE
380.60571569754666,304.266441164483,76.33927453306364,267.7201655574106,5.593670561400195,1329.636608512675,0.2381122129516104,1.0,0.95,2,0.3083808385337633,0.9181979446743803,0.27746788635290437,0.0,1.0261853358761024,1.0,7.058873297399102,1.0,INDUSTRIAL_ACCIDENTAL_FIRE
349.9298646551938,286.9279213657494,63.0019432894444,135.0876561991745,4.913299208991517,934.0542526191429,0.23000647763148133,1.0,1.0,2,0.10235961943547699,0.31689354939150394,0.2857782678961965,0.0,66.35809540134554,0.0,0.0,0.0,WILDFIRE_FOREST
329.8319120196772,300.2425488884689,29.5893631312083,13.378945548998836,2.6657650219964304,668.1539655071917,0.099541037517738,0.0,0.7,25,0.7646387234953903,0.75001576124094,0.8446759853898997,1.0,1.449703652208365,1.0,0.2449918560720108,0.0,MINING_COAL_FIRE
327.0327730074302,297.5749327745403,29.457840232889907,10.630310310932748,2.453614648112084,632.8907344842214,0.08164460058222478,0.0,0.65,1,0.11203732191521859,0.0,0.3736407705769551,0.0,38.98550412608951,0.0,0.0,0.0,AGRICULTURAL_BURNING
350.75089493516646,298.48734211629176,52.2635528188747,24.501306880374095,3.238729701061882,913.5928339261175,0.19421184272958233,0.0,0.65,3,0.17359280234551105,0.13753253061933324,0.22777282011562963,0.0,76.28251834783056,0.0,0.0,0.0,WILDFIRE_FOREST
375.2757277153563,301.18291376241984,74.09281395293647,327.7405938348961,5.795268971173584,1332.0927999687801,0.23169375415124704,0.0,0.95,2,0.6236416698059076,0.8705562221111206,0.18960543614878178,0.0,0.7912945092358451,1.0,5.555280210478947,1.0,INDUSTRIAL_ACCIDENTAL_FIRE
388.8873082836916,308.2903526066575,80.59695567703409,174.46485409007133,5.1674387612558546,1300.1857310002777,0.2502770162200974,0.0,0.85,5,0.37026957993649734,1.2858121898740194,0.16396290809560257,1.0,1.1176888635634106,1.0,7.086210045738276,1.0,INDUSTRIAL_ACCIDENTAL_FIRE
325.64033401915793,306.3546873642221,19.285646654935817,16.070052030030023,2.8373255848409555,594.9016734157069,0.056214116637339544,0.0,0.8,2,0.010748273530643667,0.0,0.3386635829256067,0.0,46.318421660167935,0.0,0.0,0.0,AGRICULTURAL_BURNING
359.20782311055655,287.1016703650864,72.10615274547013,46.08666235688594,3.8519897837839765,1008.296336462057,0.2603538424849004,1.0,0.65,2,0.209347408616292,0.17077528061064068,0.3628849813844338,0.0,32.725970175503434,0.0,0.0,0.0,WILDFIRE_FOREST
355.75638095869965,297.50046735750226,58.25591360119739,40.10381081385679,3.7161008377357017,980.933641177922,0.21418637867065796,0.0,1.0,2,0.10172731435168494,0.4026372134049776,0.4778022252809752,0.0,71.27178434503178,0.0,0.0,0.0,WILDFIRE_FOREST
320.1824197793362,289.68750999514685,30.49490978418936,18.86514161617032,2.9889665181699367,656.478698940902,0.10212831366911246,0.0,0.7,23,0.6969430909912269,1.1995956715920268,0.7487571731151113,1.0,0.7789814146253629,1.0,-0.006188982608812232,0.0,MINING_COAL_FIRE
338.9099985532541,294.1658545323715,44.74414402088263,13.821901663538053,2.6961059290137066,699.1064933378638,0.14284041148823606,0.0,1.0,9,0.9196566502355716,0.7832028161364006,0.7781250231389583,1.0,0.3030591825046104,1.0,-0.008774210969761276,0.0,MINING_COAL_FIRE
366.6840831024863,309.93819227826,56.74589082422631,219.18566023499363,5.394471100619459,1167.0770082311521,0.18213111664064657,0.0,0.95,5,0.5709667833959043,1.2418194521696946,0.11744470972402955,1.0,0.44469732737003204,1.0,6.572423556039839,1.0,INDUSTRIAL_ACCIDENTAL_FIRE
342.0455517557647,291.0132294005614,51.03232235520329,91.3017564997172,4.52506317166053,933.2701781826311,0.19010774118401097,0.0,0.65,3,0.08703543606131631,0.4359451993584814,0.3560269812817503,0.0,27.175849849664786,0.0,0.0,0.0,WILDFIRE_FOREST
342.309826491269,298.9065667358776,43.40325975539139,29.197719954669612,3.407766423340944,1021.3119632316883,0.09180651951078278,1.0,0.75,43,0.8767391362249108,1.5179278519029897,0.7599370762259574,1.0,0.2539166386080661,1.0,-0.6239879449770955,0.0,INDUSTRIAL_PERSISTENT_SOURCE
325.16834739014786,298.5593478858773,26.60899950427057,44.06012316417615,3.807997668337605,803.184095119296,0.10869666501423524,1.0,0.65,1,0.2278615272400566,0.2775779152226904,0.42031204360303215,0.0,56.75001915679394,0.0,0.0,0.0,WILDFIRE_FOREST
334.468596986765,305.15498761363756,29.313609373127463,14.559213341784078,2.7446529610316137,637.675585509928,0.08128402343281865,0.0,0.8,1,0.04864140923054904,0.0,0.32895593138884216,0.0,13.593208035780645,0.0,0.0,0.0,AGRICULTURAL_BURNING
328.0734802147219,288.57705701568995,39.49642319903194,18.592015525057782,2.9751221120677735,725.4005797005291,0.12784692342580553,1.0,0.7,5,0.7130075676292987,1.1101329649392806,0.6219753756563575,1.0,1.355062087078059,1.0,0.48537925005660587,0.0,MINING_COAL_FIRE
318.44802683106786,305.22774848439127,13.220278346676594,17.156517106780946,2.8990295655050553,552.8553285875835,0.04105069586669149,0.0,0.65,2,0.02555375854795512,0.0,0.17265163691418314,0.0,24.754495780761513,0.0,0.0,0.0,AGRICULTURAL_BURNING
393.3262651503832,311.9371535522221,81.3891115981611,197.35346801408636,5.290050631123529,1332.533920796839,0.2525403188518888,1.0,0.85,5,0.22397916705470292,1.4900625616152134,0.39351311063688676,1.0,0.8379844182727838,1.0,3.782757613571187,1.0,INDUSTRIAL_ACCIDENTAL_FIRE
345.6027613654515,289.52988326439623,56.07287810105527,20.3397887290294,3.0605733455916755,939.7986714900453,0.20690959367018422,0.0,1.0,2,0.18552066685396626,0.20202985042052368,0.2703217233224777,0.0,52.698833320711095,0.0,0.0,0.0,WILDFIRE_FOREST
326.8700904053445,293.566387093976,33.30370331136851,15.811940530248144,2.822089379797103,644.3109578546156,0.09125925827842127,0.0,0.8,2,0.08205584200877618,0.0,0.18881902891245855,0.0,20.986644387965747,0.0,0.0,0.0,AGRICULTURAL_BURNING
342.62630041934517,300.35627226166326,42.27002815768191,33.91631278493908,3.5529541350452334,877.6825432676003,0.1609000938589397,0.0,0.85,2,0.21833020441263423,0.30900274656910154,0.33726362221202366,0.0,77.60805979127642,0.0,0.0,0.0,WILDFIRE_FOREST
340.82934873856425,287.59928909208134,53.230059646482914,22.951895258936258,3.176047454710808,902.1440402708126,0.19743353215494303,0.0,0.65,3,0.09653722559131146,0.30965442299011425,0.4568802960572244,0.0,37.22740375445491,0.0,0.0,0.0,WILDFIRE_FOREST
340.2884937194414,292.75935137662253,47.529142342818886,76.13836187333807,4.345600716792843,898.2433455298784,0.17843047447606294,0.0,0.65,1,0.23736162728075882,0.2982090675316866,0.41361636010736813,0.0,42.944681895780874,0.0,0.0,0.0,WILDFIRE_FOREST
348.92669262866843,299.3067090162962,49.61998361237221,47.14158180362849,3.874146290220345,1048.6363724558294,0.10423996722474442,1.0,1.0,37,0.8272147920728842,1.167906344033561,0.847929092135925,1.0,0.9949259549304516,1.0,0.7679050361956818,0.0,INDUSTRIAL_PERSISTENT_SOURCE
346.8070848988497,289.48223320214873,57.32485169670099,73.35807644346625,4.308892294356556,965.1839481592809,0.2110828389890033,0.0,0.65,3,0.08547074050352617,0.11746637231881439,0.3667614153937386,0.0,43.87958075533294,0.0,0.0,0.0,WILDFIRE_FOREST
340.66816988262,290.5522631282734,50.11590675434661,49.45024873519955,3.9209876771184757,937.520872977897,0.1870530225144887,0.0,1.0,3,0.026139426474976486,0.24013323795230607,0.24893633476013408,0.0,52.81147400686337,0.0,0.0,0.0,WILDFIRE_FOREST
329.1998980352087,307.7088818570718,21.49101617813693,5.3176984835658505,1.8433549778422118,587.0687417026975,0.06172754044534233,0.0,0.65,1,0.11496761866761926,0.0,0.20275705221002877,0.0,49.25072929577466,0.0,0.0,0.0,AGRICULTURAL_BURNING
321.40370437015457,298.0585125801913,23.34519178996328,18.02789321525784,2.9459059665749856,639.936125415786,0.08170054797132366,0.0,1.0,7,0.8598995387598596,1.0579489497419505,0.665455521145552,1.0,1.1527533006085366,1.0,0.43879177436563555,0.0,MINING_COAL_FIRE
355.9412496146428,299.5387583886238,56.40249122601898,31.346025596790078,3.4764911570405643,1100.7597790165653,0.11780498245203797,0.0,0.75,20,0.7761274952372977,1.7984002055481456,0.9166527535215595,1.0,1.3208561184315535,1.0,0.21951413380174278,0.0,INDUSTRIAL_PERSISTENT_SOURCE
331.8350952414636,298.5882366702258,33.246858571237794,32.46119260110697,3.510386337514858,999.0256230775816,0.0714937171424756,0.0,0.75,18,0.9244022170850198,1.332583225481168,0.8155486200602505,1.0,2.007372343622962,1.0,-0.43360350974673034,0.0,INDUSTRIAL_PERSISTENT_SOURCE
326.3086312967397,305.9156140178945,20.393017278845207,15.83235493834738,2.823302923449615,615.6880673871598,0.05898254319711302,0.0,0.4,2,0.03389845187272399,0.0,0.10914497809341642,0.0,16.863025238508712,0.0,0.0,0.0,AGRICULTURAL_BURNING
331.4156496161085,306.84237446897555,24.57327514713296,12.573098895628494,2.6080898114919284,598.1523056159649,0.0694331878678324,0.0,0.65,2,0.10376021099848808,0.0,0.2490999096782708,0.0,18.030331543169,0.0,0.0,0.0,AGRICULTURAL_BURNING
335.0944483602465,296.8432539824839,38.2511943777626,19.130309545263984,3.0022266168441503,666.9378431921889,0.1036279859444065,0.0,0.65,2,0.03329187487703283,0.0,0.38553028550198265,0.0,50.9686330167838,0.0,0.0,0.0,AGRICULTURAL_BURNING
338.47463790654444,293.0076120002867,45.46702590625773,36.75489083546083,3.6311150258583025,879.2484908008037,0.1715567530208591,0.0,0.85,2,0.10509229371335,0.34038742559730356,0.37034782741987515,0.0,63.45216407352228,0.0,0.0,0.0,WILDFIRE_FOREST
371.95841288347924,303.4726839426772,68.48572894080206,171.42770186993175,5.14997802902165,1258.3179596501438,0.21567351125943446,0.0,1.0,1,0.6438927601074437,1.109901876745669,0.25602682010203015,0.0,1.0903335865758028,1.0,6.06717940402369,1.0,INDUSTRIAL_ACCIDENTAL_FIRE
390.26069225035945,300.7213204759282,89.53937177443123,159.72373635202797,5.079686967822496,1395.7567479832676,0.27582677649837495,1.0,0.95,3,0.4687149507491033,1.026069531058872,0.3783151681690463,1.0,0.7698693338491875,1.0,7.386504773473913,1.0,INDUSTRIAL_ACCIDENTAL_FIRE
328.42827764324073,297.6672759228089,30.761001720431807,40.45766006471469,3.72467266703371,954.4054960228367,0.06652200344086362,1.0,0.9,40,0.8843332796056116,1.1964413423718683,0.8580132615556557,1.0,0.4186446683256219,1.0,0.7554349781451013,0.0,INDUSTRIAL_PERSISTENT_SOURCE
335.58905276768405,288.525794465599,47.063258302085046,13.360229189981114,2.6644625237978055,714.9951819229154,0.14946645229167155,0.0,1.0,21,0.6090654576176404,1.2641614220999071,0.7100873763179854,1.0,0.27462764831123054,1.0,-0.20724451330717913,0.0,MINING_COAL_FIRE
358.01644068305467,295.9171816244343,62.09925905862036,41.75337426741237,3.7554481224998106,1145.4202662398409,0.12919851811724073,1.0,0.75,31,0.9709382395245243,0.9480911421519155,0.9312651012222015,1.0,1.1484330259075686,1.0,-0.21682374367768542,0.0,INDUSTRIAL_PERSISTENT_SOURCE
341.0287632382804,300.925037261626,40.1037259766544,16.57068401774788,2.8662318324456466,684.9661302257422,0.12958207421901258,0.0,1.0,5,0.9392360769738816,1.2512426980405615,0.5721765149937291,1.0,2.0291869800319677,1.0,0.5520291959458514,0.0,MINING_COAL_FIRE
332.89151085567323,289.5699066051972,43.321604250476014,31.693261768624602,3.48716899454792,1021.124995768674,0.09164320850095203,1.0,0.75,6,0.7310944943204614,1.0774646837712596,0.6792830114326975,1.0,0.942016925356596,1.0,0.10473351841314038,0.0,INDUSTRIAL_PERSISTENT_SOURCE
383.9647849755937,299.8191792117512,84.14560576384252,313.70186934179065,5.751625744128317,1356.979821000637,0.2604160164681215,1.0,0.85,1,0.4069272321033839,1.1141695520226242,0.15565875130909146,0.0,1.0301604705259422,1.0,4.535619620013043,1.0,INDUSTRIAL_ACCIDENTAL_FIRE
315.9315279262636,293.6022165504311,22.329311375832503,9.271216572146866,2.3293454757511487,601.7161841441562,0.06382327843958126,0.0,0.65,2,0.07268308089688481,0.0,0.17769465322959005,0.0,14.171006274426512,0.0,0.0,0.0,AGRICULTURAL_BURNING
387.49861045407226,309.2716359184265,78.22697453564575,245.9667138580357,5.509253565838445,1277.8056108167507,0.24350564153041643,1.0,1.0,4,0.611322569801786,0.8286537610620418,0.11738152201090161,1.0,0.2894790415261244,1.0,4.3410547718858155,1.0,INDUSTRIAL_ACCIDENTAL_FIRE
320.63432308072146,305.70497899635905,14.929344084362413,18.481283113588333,2.969454164299192,597.1046834638584,0.04532336021090603,0.0,0.4,1,0.10107916591814554,0.0,0.3674556448319303,0.0,23.033879525042963,0.0,0.0,0.0,AGRICULTURAL_BURNING
391.36936700846803,306.00481292867653,85.3645540797915,234.9050707689563,5.463429481599971,1342.4545447859575,0.26389872594226144,1.0,0.95,4,0.6053382897175698,1.2249627051031278,0.32095764358219603,1.0,0.9555311155713223,1.0,3.446361741639972,1.0,INDUSTRIAL_ACCIDENTAL_FIRE
329.44637511915533,303.8630873404392,25.583287778716112,22.83160755571481,3.1710127481603756,629.0947073726585,0.07195821944679029,0.0,0.4,2,0.13555469690770464,0.0,0.2724109611758464,0.0,19.858089427176026,0.0,0.0,0.0,AGRICULTURAL_BURNING
327.9759560386239,300.5989804427519,27.37697559587201,11.477596318132344,2.5239347416772424,602.42437857371,0.07644243898968003,0.0,0.65,2,0.09759341189913806,0.0,0.33799293196474633,0.0,53.97564416934151,0.0,0.0,0.0,AGRICULTURAL_BURNING
351.0136573781376,288.9614206655426,62.052236712595004,29.429979866856293,3.4154283022871126,1125.7201702242846,0.12910447342519002,0.0,0.9,39,0.9440703821874045,1.1787019833611634,0.9313477399955201,1.0,1.3195909760187754,1.0,0.8876257273166122,0.0,INDUSTRIAL_PERSISTENT_SOURCE
342.71895729637185,297.4802799087948,45.23867738757707,25.997229512724523,3.295734250099665,871.9779817527025,0.17079559129192357,0.0,0.85,1,0.1696276451268151,0.1700773275260331,0.2339661949800348,0.0,77.3838525225662,0.0,0.0,0.0,WILDFIRE_FOREST
346.577275885199,296.54214771994515,50.035128165253866,44.83030688795883,3.8249455947228945,1053.8216193926737,0.10507025633050773,1.0,1.0,21,0.7212113277487023,1.2046986246933462,0.7920304800782146,1.0,0.7681190087118782,1.0,-0.2306244769114567,0.0,INDUSTRIAL_PERSISTENT_SOURCE
324.9658820791959,295.3803460245046,29.585536054691318,120.66063370613459,4.801235477707981,811.8618328095185,0.11861845351563773,0.0,0.85,3,0.06903926500183322,0.39890028822372914,0.37149191698104433,0.0,42.94741968023145,0.0,0.0,0.0,WILDFIRE_FOREST
322.53476434750115,294.31004789060063,28.224716456900524,15.913885831967912,2.8281349314240365,669.3156222574372,0.09564204701971578,0.0,1.0,25,0.871448851733301,1.1465312103345235,0.8359790010162605,1.0,0.4721073121511138,1.0,0.3498522501639866,0.0,MINING_COAL_FIRE
333.21868689361,294.4699211304457,38.74876576316433,22.30466345822441,3.1486534889662803,705.2759367472408,0.10487191440791083,0.0,0.4,1,0.03736243286764396,0.0,0.27337214275056887,0.0,39.886357578618174,0.0,0.0,0.0,AGRICULTURAL_BURNING
371.81808881789453,299.0247429327582,72.79334588513632,150.36867603579395,5.019718424193274,1254.1466079625127,0.2279809882432466,1.0,1.0,2,0.529672163961433,1.0760557266728452,0.29229498345065863,0.0,1.1060350384174114,1.0,5.34910922540477,1.0,INDUSTRIAL_ACCIDENTAL_FIRE
352.64938002095533,290.44764250213194,62.20173751882339,57.41790379200653,4.067622414631589,969.1103850386256,0.22733912506274465,0.0,1.0,2,0.19229658317595025,0.34356092518749914,0.27577852793574004,0.0,49.24011355945934,0.0,0.0,0.0,WILDFIRE_FOREST
329.66351452496485,287.1159352864628,42.54757923850207,49.93583760248783,3.930566754443736,870.1762232056475,0.16182526412834022,0.0,1.0,3,0.15717430611446864,0.4433212048625912,0.47948861102403184,0.0,13.526163871219612,0.0,0.0,0.0,WILDFIRE_FOREST
338.7777104674129,293.9378514811985,44.83985898621438,32.1977729641511,3.5024827942794805,871.8912478976137,0.1694661966207146,0.0,1.0,2,0.04891442879047553,0.11657249206439381,0.25879361674750034,0.0,44.803708628635995,0.0,0.0,0.0,WILDFIRE_FOREST
340.3149453390047,291.82807777504445,48.48686756396023,12.554354633972672,2.6067078708966966,729.8988743823866,0.15353390732560068,0.0,0.7,21,0.8975526741987241,0.9565932039100431,0.768661087929149,1.0,3.1139787838251314,0.0,-0.27214821708442105,0.0,MINING_COAL_FIRE
372.1747633334673,305.4303229740157,66.74444035945157,420.70825292833746,6.044313731175993,1298.6141938353337,0.2106984010270045,0.0,1.0,3,0.631384175126603,1.3079390401920912,0.3169071000015812,1.0,1.189175336456627,1.0,4.518699516828445,1.0,INDUSTRIAL_ACCIDENTAL_FIRE
373.33558328269135,301.8684675185219,71.46711576416942,126.94766293353364,4.851621296972266,1285.6038819222326,0.22419175932619834,1.0,0.95,1,0.15574032987468892,1.479473581786821,0.13965622665461247,0.0,0.8060331232903856,1.0,7.3923898953423945,1.0,INDUSTRIAL_ACCIDENTAL_FIRE
316.36194198453825,294.4702314781518,21.89171050638646,17.40919308359713,2.912850163952912,629.9459879129704,0.06272927626596615,0.0,0.8,1,0.062134575186972935,0.0,0.14042677342200538,0.0,46.64384567501626,0.0,0.0,0.0,AGRICULTURAL_BURNING
370.1695961360489,300.6920462633214,69.47754987272748,191.58379043740473,5.260531334022662,1278.085960585786,0.21850728535064992,0.0,0.95,5,0.32254131391119334,0.8844451097704206,0.261272568811454,1.0,0.12152007846633801,1.0,2.9494820029802757,1.0,INDUSTRIAL_ACCIDENTAL_FIRE
365.79100923491757,303.2704871362927,62.520522098624895,123.00774101245298,4.820343991176302,1230.2964708319537,0.19863006313892825,1.0,0.85,1,0.33836948496897035,1.1280852118564793,0.2451868258181828,0.0,1.4684683288682077,1.0,4.647050410200638,1.0,INDUSTRIAL_ACCIDENTAL_FIRE
334.9441130993754,291.7080767839595,43.2360363154159,44.94128240743834,3.827364111704565,1038.0963454410464,0.0914720726308318,1.0,0.9,22,0.9844985518433721,1.0651120962829785,0.8775211019102609,1.0,2.191473425436637,1.0,0.7870748044576619,0.0,INDUSTRIAL_PERSISTENT_SOURCE
353.76511477505693,297.37668935499795,56.38842542005898,32.893623212767515,3.523226890874219,882.1182925872356,0.20796141806686325,0.0,0.85,1,0.0702373195925037,0.3309346621008209,0.41636153748858307,0.0,35.45162765921562,0.0,0.0,0.0,WILDFIRE_FOREST
335.3072987413154,297.47655055227244,37.830748189042936,23.17312812880269,3.1852416083023125,707.2720428475401,0.1230878519686941,0.0,0.7,27,0.6039988155913129,1.3541982626973188,0.6217341278079449,1.0,2.314861361466457,1.0,0.1318807616198353,0.0,MINING_COAL_FIRE
339.39060197001174,289.70879821642677,49.68180375358497,16.719947430513415,2.874690978497219,742.822893086708,0.15694801072452852,0.0,0.7,17,0.8881185989290743,0.9571711024063705,0.8082371143091394,1.0,2.8113263282594545,1.0,0.7905115109776659,0.0,MINING_COAL_FIRE
332.88410667804516,295.6164687605863,37.26763791745884,13.10751633387888,2.646707728675755,686.3937914014285,0.12147896547845384,1.0,0.85,24,0.7825395072177299,0.9392516738368581,0.752655195959575,1.0,1.7789398127864855,1.0,-0.09026769582934435,0.0,MINING_COAL_FIRE
337.21582552449144,295.57376478095483,41.642060743536604,204.6650164969721,5.326248711689557,911.9048972438451,0.15880686914512201,1.0,0.85,2,0.06698089441659125,0.2256271660885669,0.32158087106982103,0.0,76.6606036702212,0.0,0.0,0.0,WILDFIRE_FOREST
334.2140085568435,297.4532685108908,36.76074004595273,19.288782546431126,3.0100681493973314,813.3269830353214,0.14253580015317577,1.0,0.85,2,0.115283674945673,0.3840893648818564,0.423957704648284,0.0,82.09505312461255,0.0,0.0,0.0,WILDFIRE_FOREST
352.36843191609984,298.5898560444299,53.77857587166994,27.430214008773575,3.347452453203116,1087.6041304463217,0.1125571517433399,1.0,0.75,33,0.8316155035040043,1.5585116389087337,0.6962442573009002,1.0,0.5305539503380367,1.0,0.8992003499649162,0.0,INDUSTRIAL_PERSISTENT_SOURCE
391.6435456680211,302.5540686570645,89.08947701095661,268.32938215296286,5.595935099521229,1353.2408066384985,0.2745413628884475,1.0,0.95,5,0.5627078320619741,1.2947864990463789,0.4385422556342279,1.0,1.6266815674583188,1.0,3.970341059712722,1.0,INDUSTRIAL_ACCIDENTAL_FIRE
339.9380552709658,297.83926712545167,42.098788145514106,11.819207765978682,2.550944652857496,681.7497673522277,0.13528225184432602,0.0,1.0,20,0.9380919505430794,1.0861527152686334,0.6266192122493336,1.0,3.4367950892508796,0.0,-0.45577848650015795,0.0,MINING_COAL_FIRE
313.0634323730071,293.71071099584077,19.352721377166347,13.377222809154935,2.665645204931479,605.692754279613,0.056381803442915865,0.0,0.65,2,0.015964893906771,0.0,0.2604714352569385,0.0,54.8982376077566,0.0,0.0,0.0,AGRICULTURAL_BURNING
387.458261257455,304.7564172992613,82.7018439581937,142.4370725797869,4.965896420414516,1333.9308916077343,0.2562909827376963,0.0,0.95,4,0.4156784158763476,1.1675345381717692,0.3475476191669835,1.0,0.4280550206878763,1.0,5.681813982184185,1.0,INDUSTRIAL_ACCIDENTAL_FIRE
326.37221222837593,298.3067997773055,28.065412451070415,26.746352685294685,3.3231043967899825,653.9922160553435,0.09518689271734404,0.0,1.0,23,0.7312184433031492,0.9348233398988091,0.7596207115450901,1.0,2.151279319424096,1.0,-0.2300132921462062,0.0,MINING_COAL_FIRE
387.4647901088992,307.11606618834344,80.34872392055576,158.9008976148138,5.074554233425239,1314.0183063087318,0.2495677826301593,1.0,0.95,1,0.5707237765423799,1.0275728108021893,0.3402145188401341,0.0,1.1366249930872545,1.0,7.401793208671227,1.0,INDUSTRIAL_ACCIDENTAL_FIRE
336.8537056987889,300.57599457138286,36.27771112740601,37.31409893834342,3.645817946942217,996.0078280964111,0.07755542225481202,0.0,1.0,34,0.8958169428929909,1.524476845688159,0.7417440533850992,1.0,1.580053162998493,1.0,-0.09503790611329777,0.0,INDUSTRIAL_PERSISTENT_SOURCE
326.5900814031571,298.7366555758124,27.853425827344722,13.723031178269165,2.6894130145383794,633.5051977638224,0.07763356456836182,0.0,0.65,1,0.11903235926830137,0.0,0.11732988969162053,0.0,59.310113932804256,0.0,0.0,0.0,AGRICULTURAL_BURNING
326.5315063718957,299.8605173864538,26.67098898544191,51.014029255248275,3.9515134755638996,793.2537817709822,0.1089032966181397,0.0,0.85,1,0.24097022520483752,0.23676262169818263,0.4222428094198233,0.0,17.670086168917216,0.0,0.0,0.0,WILDFIRE_FOREST
358.38832238390614,295.9471358560508,62.441186527855336,31.395757378417837,3.478027469113664,1126.788975288328,0.12988237305571068,0.0,0.75,33,0.9899249689548468,1.1351206192082242,0.9445715966860828,1.0,1.4791794046628957,1.0,0.7266152304244211,0.0,INDUSTRIAL_PERSISTENT_SOURCE
355.09388803777665,286.0619073201191,69.03198071765758,30.285412921294334,3.4431519480621007,971.0985666454884,0.2501066023921919,0.0,1.0,3,0.07490437730506462,0.2540022115097734,0.31378963780165625,0.0,13.53481092703096,0.0,0.0,0.0,WILDFIRE_FOREST
339.7480952531791,293.9521478085956,45.795947444583476,17.35759160458703,2.9100432003672414,681.5896974185621,0.14584556412738137,1.0,1.0,9,0.8322771463264135,1.2158454435980666,0.7679911084821542,1.0,2.2296449230950683,1.0,-0.28962274035122226,0.0,MINING_COAL_FIRE
332.64900748216286,296.8481110692356,35.80089641292727,18.15823953780012,2.952732886160545,704.457376265213,0.11728827546550649,0.0,1.0,24,0.7965421754810074,1.1173375127057446,0.8327144094202616,1.0,1.2547940984448502,1.0,0.2889552862713699,0.0,MINING_COAL_FIRE
345.94391022143924,296.361614507454,49.58229571398522,40.25516250158021,3.7197762565033474,1069.8362460340245,0.10416459142797044,0.0,0.75,29,0.9752915398092352,1.3026154941050632,0.7131379016529603,1.0,2.1527611607364006,1.0,-0.4622814212659294,0.0,INDUSTRIAL_PERSISTENT_SOURCE
350.2434957089864,302.97299861498425,47.27049709400217,43.154325769493575,3.7876909011743245,1065.5547774715817,0.09954099418800434,1.0,1.0,38,0.9425497874490159,0.9825998458240582,0.8542859874210729,1.0,0.18341289476462846,1.0,1.1512038383133048,0.0,INDUSTRIAL_PERSISTENT_SOURCE
340.62152784474137,292.073396452346,48.54813139239536,29.110288610844428,3.4048669276633947,897.6508787180452,0.18182710464131788,0.0,0.65,1,0.14719870411760827,0.3771065125498785,0.25122636529885894,0.0,24.42820809520717,0.0,0.0,0.0,WILDFIRE_FOREST
375.793822806359,302.29761195092624,73.49621085543276,280.83734508048155,5.641330114035739,1297.320204826806,0.22998917387266504,1.0,0.85,5,0.21217292071543517,1.0758952327478397,0.3111669686742122,1.0,0.39159503800079437,1.0,7.363419173141708,1.0,INDUSTRIAL_ACCIDENTAL_FIRE
341.8294440258261,292.5111459129538,49.3182981128723,53.45759594459641,3.997422342764033,925.6933376361603,0.18439432704290765,0.0,1.0,3,0.056187672334010966,0.3672615257070483,0.24019960436170124,0.0,26.01421192772436,0.0,0.0,0.0,WILDFIRE_FOREST
320.02401390250503,294.8930640054366,25.130949897068433,20.104516496975467,3.049487069565521,652.6846781417831,0.08680271399162409,0.0,0.7,17,0.8045526663675148,1.0428034776886648,0.6811257597878279,1.0,0.8298016658186734,1.0,0.6251622701879909,0.0,MINING_COAL_FIRE
339.2470298225555,290.67994208008656,48.567087742468914,34.09037701364106,3.557926933727803,1074.7624592221223,0.10213417548493783,0.0,0.9,24,0.7859678101860251,1.0976571409314035,0.8532400306803385,1.0,1.6884246994373062,1.0,-0.5079661888157836,0.0,INDUSTRIAL_PERSISTENT_SOURCE
348.65403963289134,295.84737001208975,52.806669620801586,40.90058435776443,3.735299773316865,1092.928097653491,0.11061333924160317,1.0,1.0,7,0.8529980905033516,0.9158806441607453,0.8051018849629126,1.0,1.9263557251583405,1.0,-0.3336248911567674,0.0,INDUSTRIAL_PERSISTENT_SOURCE
354.6390510879889,288.1576983681248,66.4813527198641,33.417121638229915,3.538554162598389,1144.7561889466247,0.13796270543972822,1.0,0.9,38,0.8648452667558459,1.3586908057233846,0.922659621895701,1.0,1.6809199697429154,1.0,1.1733752232340482,0.0,INDUSTRIAL_PERSISTENT_SOURCE
382.30643603933623,305.89487393457875,76.41156210475748,263.70036569265767,5.578598490768398,1315.9958081691686,0.23831874887073565,1.0,0.95,2,0.4233481641481699,0.9002970210918488,0.35015159172571264,0.0,0.9254874366135806,1.0,3.3991826966591567,1.0,INDUSTRIAL_ACCIDENTAL_FIRE
341.2061473928882,296.11542205988934,45.090725332998886,14.628965484153396,2.749125954408798,715.5760121741041,0.14383064380856825,0.0,0.7,25,0.7826705547388115,1.0277372314517148,0.8238621528929391,1.0,0.6887051080333998,1.0,0.7163051632272543,0.0,MINING_COAL_FIRE
369.17006615597234,304.160995050931,65.00907110504136,207.0320391655111,5.337692102288803,1266.1199873765695,0.20574020315726102,1.0,1.0,2,0.4058902282847403,0.8100668651889071,0.3810434554581863,0.0,0.8949897302176835,1.0,7.193538932216081,1.0,INDUSTRIAL_ACCIDENTAL_FIRE
349.47937436232183,286.43652176984466,63.042852592477175,98.2730579684194,4.597874214684643,945.8249991376132,0.2301428419749239,1.0,0.85,3,0.06994572670294495,0.20582031664365313,0.4959916159440917,0.0,13.68627615997004,0.0,0.0,0.0,WILDFIRE_FOREST
342.4063452559371,299.6194407778158,42.7869044781213,75.08765299851738,4.331886004641315,822.4875063205321,0.16262301492707099,0.0,0.65,2,0.1793459305852931,0.1767788227728445,0.42026550185866063,0.0,16.270589999848415,0.0,0.0,0.0,WILDFIRE_FOREST
355.56029576307344,288.5056024543003,67.05469330877315,23.71533877128103,3.2074240537773027,1006.9486966257275,0.24351564436257717,0.0,0.65,3,0.19198862680258316,0.18835663186345086,0.312126026126886,0.0,28.263302387327094,0.0,0.0,0.0,WILDFIRE_FOREST
335.8925530352053,288.01414563791235,47.87840739729296,44.690938829786084,3.821900003181675,1069.1567435834982,0.10075681479458592,1.0,1.0,9,0.9588953374689431,1.268862905806515,0.8074802252730402,1.0,1.6705882650702175,1.0,0.599088947531093,0.0,INDUSTRIAL_PERSISTENT_SOURCE
327.6218863091507,298.9890531572914,28.632833151859302,17.217817082913026,2.9024000758129427,663.2040322192709,0.096808094719598,0.0,0.85,13,0.7297497472759987,1.2555698997139542,0.6806995062104898,1.0,2.5166305227671115,1.0,0.0631056851513565,0.0,MINING_COAL_FIRE
326.3339113128051,291.2150761220337,35.11883519077145,22.218748888863985,3.1449600940629137,842.839128160051,0.13706278396923816,0.0,0.85,2,0.20504249702091848,0.371092614615792,0.26272545264761904,0.0,67.68844988643514,0.0,0.0,0.0,WILDFIRE_FOREST
333.75355985009816,299.754543268881,33.99901658121718,17.121436861213976,2.897095594447483,688.9867154428343,0.11214004737490622,1.0,1.0,13,0.6772146660892399,1.1665595749591755,0.673395099582151,1.0,3.184701274021222,0.0,-0.20840658512753302,0.0,MINING_COAL_FIRE
380.701727341231,299.60676420616903,81.09496313506196,173.54462653259165,5.162180448388511,1309.812308986167,0.2516998946716056,1.0,0.95,2,0.4212729016977115,1.139287400991033,0.1580210890571465,0.0,1.5552444633615112,1.0,5.379541686584275,1.0,INDUSTRIAL_ACCIDENTAL_FIRE
333.81719968530933,289.5956323039668,44.22156738134254,12.04750240398819,2.5685967287843656,743.6908066820611,0.1413473353752644,0.0,0.85,11,0.6019735182251357,1.1567207039415675,0.6114661686075327,1.0,1.8477783479980618,1.0,0.0678631668199805,0.0,MINING_COAL_FIRE
372.4614281776289,306.6400298124564,65.82139836517246,156.6390173945635,5.060307719083344,1274.8221616983224,0.208061138186207,1.0,1.0,4,0.33967929496121185,1.4077898963592812,0.1720444235128689,1.0,1.2868601295495303,1.0,4.476640649288008,1.0,INDUSTRIAL_ACCIDENTAL_FIRE
325.1187217405998,293.12258831745464,31.99613342314518,16.561580053731504,2.8657135644398255,637.48832770681,0.10641752406612909,1.0,0.7,12,0.6364597543317134,0.9530863485752931,0.6160798459551365,1.0,1.9276332950427304,1.0,0.3868298838093567,0.0,MINING_COAL_FIRE
347.79607325928794,292.49811402666097,55.297959232626965,26.046718098681882,3.297565670711115,1087.5508733374375,0.11559591846525394,1.0,0.9,29,0.8252995126693191,1.6322479320306202,0.8644858470655331,1.0,0.09499899442853896,1.0,0.39082960324021676,0.0,INDUSTRIAL_PERSISTENT_SOURCE
359.5286394315047,291.5870042173851,67.94163521411963,48.23552147388782,3.8966153441718125,1001.0266472210324,0.24647211738039876,1.0,0.85,2,0.06380353578972935,0.1526210561561183,0.32705722769030676,0.0,45.4067441790292,0.0,0.0,0.0,WILDFIRE_FOREST
343.8901478032748,297.3972845995614,46.4928632037134,51.4441797331135,3.9597493607747785,1065.86149653043,0.0979857264074268,1.0,1.0,18,0.8591641091221074,1.5016397588850636,0.8389761512183779,1.0,1.7535721586362345,1.0,0.3301475829602105,0.0,INDUSTRIAL_PERSISTENT_SOURCE
317.8181302801458,295.5287300524643,22.289400227681483,18.71532347783756,2.981396174896612,626.8027617532978,0.0637235005692037,0.0,0.4,1,0.027328424152696908,0.0,0.22819894779220237,0.0,26.688743620187765,0.0,0.0,0.0,AGRICULTURAL_BURNING
371.3568299132033,302.3540349262575,69.00279498694579,128.19220347954828,4.861301244942154,1272.5160922466257,0.2171508428198451,1.0,1.0,3,0.31783691651952983,1.1898149102204671,0.24552128623316266,1.0,0.34212937393062753,1.0,5.487987358097824,1.0,INDUSTRIAL_ACCIDENTAL_FIRE
353.2562633998335,297.92386598938896,55.332397410444514,44.32344345250643,3.813824414131889,1079.690264969951,0.11566479482088904,0.0,0.75,17,0.8663126115283832,0.9506220248836552,0.6742125362581958,1.0,0.5352137667858776,1.0,0.9232499001679568,0.0,INDUSTRIAL_PERSISTENT_SOURCE
350.8497863771823,298.53235147795357,52.317434899228715,26.153268990364403,3.3014974439335036,1087.588931399293,0.10963486979845743,1.0,0.75,27,0.927047848134696,1.0472548398682995,0.819681058324413,1.0,0.8303648264638842,1.0,0.1705334846852431,0.0,INDUSTRIAL_PERSISTENT_SOURCE
350.6971164214339,289.2181033180493,61.4790131033846,22.79451571741358,3.1694551220824407,935.2785098285784,0.22493004367794867,0.0,0.85,1,0.12618161157512553,0.38847101904678905,0.42986684540121384,0.0,83.34939285420158,0.0,0.0,0.0,WILDFIRE_FOREST
337.6521353091776,287.10076024978014,50.55137505939746,18.47942241182219,2.9693586474576734,915.1699780264153,0.18850458353132485,0.0,0.65,1,0.18497809784188843,0.2149080486252692,0.46101439898191754,0.0,41.58148215384138,0.0,0.0,0.0,WILDFIRE_FOREST
357.451719039675,301.0737882429361,56.37793079673895,25.43713936996182,3.2747698158609513,1093.5991431039658,0.11775586159347791,0.0,1.0,9,0.7700810870375636,1.1410132270703703,0.7796693178513525,1.0,0.9319938603363926,1.0,-0.16619172455875053,0.0,INDUSTRIAL_PERSISTENT_SOURCE
341.203797331662,293.14278936404776,48.061007967614216,15.965494890783694,2.83118156909181,730.6510055403861,0.1523171656217549,0.0,0.7,6,0.8233037824247307,0.7529211122262753,0.6359189735282735,1.0,0.18940109827251483,1.0,0.6259223707749872,0.0,MINING_COAL_FIRE
344.7863254746207,294.5000118062525,50.28631366836822,44.0463706979199,3.807692419164686,861.7483507770738,0.1876210455612274,0.0,0.85,1,0.2427227497472296,0.2997573371416493,0.33278150893428,0.0,59.75428677541105,0.0,0.0,0.0,WILDFIRE_FOREST
326.92781392302845,299.3093622709134,27.618451652115027,13.239300955893366,2.65600581460284,671.0995946955791,0.0939098618631858,0.0,1.0,29,0.8394420947470576,0.7430441698420367,0.5962602313627964,1.0,2.001289807810798,1.0,-0.4642586688841589,0.0,MINING_COAL_FIRE
331.28650636098985,287.43390604454044,43.85260031644941,92.87751995230671,4.541990953423685,878.3259445273635,0.1661753343881647,0.0,0.65,1,0.19324437529101499,0.24889542299538084,0.4671653446308397,0.0,44.16771335108479,0.0,0.0,0.0,WILDFIRE_FOREST
336.5496743824242,299.7163123623381,36.8333620200861,21.62854912913299,3.119212344869545,679.5743714520029,0.120238177200246,1.0,0.7,17,0.7581345774438222,1.2920076630384854,0.5640862117697205,1.0,1.1446669358379578,1.0,0.02196157061686166,0.0,MINING_COAL_FIRE
338.8073097697668,293.0339845350986,45.773325234668164,18.494145142119343,2.970114171363824,732.3424526576553,0.14578092924190905,1.0,1.0,8,0.6892242981073181,0.927702029985795,0.7603818954024986,1.0,0.48985490088266515,1.0,0.3938049387179783,0.0,MINING_COAL_FIRE
377.3786552254587,307.7386540509553,69.64000117450342,152.29203896463554,5.032344853444082,1225.957594493745,0.21897143192715263,0.0,1.0,4,0.2406596399627526,1.1366810229202866,0.32481393406682957,1.0,0.055631961307487696,1.0,4.690937486026813,1.0,INDUSTRIAL_ACCIDENTAL_FIRE
345.572450102973,291.9504542849712,53.62199581800178,31.958490465550618,3.495248905010385,1066.3032240177317,0.11224399163600356,1.0,1.0,7,0.7758711938246307,1.5485980090570761,0.8164420274821844,1.0,0.4775049964684842,1.0,0.03674941021569489,0.0,INDUSTRIAL_PERSISTENT_SOURCE
322.25605877034224,291.44308120237224,30.812977567969995,11.4996366583585,2.5256995765544725,686.0405436320275,0.10303707876562855,1.0,0.85,10,0.7480559333535846,1.1800206126313384,0.827994822419371,1.0,0.5454969197618165,1.0,0.06383551538620025,0.0,MINING_COAL_FIRE
329.2655379553572,301.7640104439285,27.50152751142872,35.11127507316548,3.5866051454708696,929.4117516265848,0.06000305502285744,0.0,1.0,19,0.7624842431099617,1.0715184418654744,0.7886118028518667,1.0,1.4873827389114727,1.0,0.9030743437958513,0.0,INDUSTRIAL_PERSISTENT_SOURCE
333.97112354445477,291.08352656474113,42.887596979713635,20.317786256604982,3.0595417597885435,721.4726011421462,0.1375359913706104,1.0,1.0,26,0.6822248921517631,1.2804059822086071,0.8354216547130475,1.0,3.071756108759958,0.0,-0.027870548939075368,0.0,MINING_COAL_FIRE
327.6980575808393,298.2614446400935,29.436612940745817,5.0,1.791759469228055,644.2627735612352,0.09910460840213091,0.0,0.85,21,0.7955285541755033,1.3068957886307095,0.7737430732228464,1.0,0.4384012649432797,1.0,-0.024589310746404414,0.0,MINING_COAL_FIRE
338.04794966470814,298.0302560515987,40.01769361310943,14.655904448987018,2.750848126918982,697.3645148291791,0.12933626746602694,0.0,0.7,20,0.6158820384731128,1.2727811607248143,0.6183797972011463,1.0,1.101868213751003,1.0,0.55889804912137,0.0,MINING_COAL_FIRE
392.6207420233586,302.8302357589439,89.79050626441472,157.14060138079543,5.063484519473513,1374.4494240466797,0.2765443036126135,0.0,0.95,1,0.3593475716638421,1.3130014311322817,0.4066673673943446,0.0,0.1457822371187253,1.0,2.801067079625801,1.0,INDUSTRIAL_ACCIDENTAL_FIRE
315.00025968215624,295.1603053707755,19.839954311380723,10.299235965825297,2.4247351097886103,596.7739267483844,0.057599885778451806,0.0,0.4,1,0.13865256718635136,0.0,0.14308081769641345,0.0,53.9971687979242,0.0,0.0,0.0,AGRICULTURAL_BURNING
373.01225022369,305.4852529230573,67.52699730063267,249.16852278299308,5.522134781896842,1257.4739437450703,0.21293427800180761,0.0,1.0,4,0.6270211325390429,0.9309869892873512,0.29444234945996695,1.0,1.552832502217732,1.0,2.885892827700479,1.0,INDUSTRIAL_ACCIDENTAL_FIRE
388.18764445628346,305.29814466715794,82.88949978912552,216.66683849361485,5.38296563001206,1324.8060624890772,0.25682714225464437,0.0,1.0,3,0.437677701625778,0.8122866543566403,0.20265801377319764,1.0,1.7580241907386238,1.0,4.598127520781986,1.0,INDUSTRIAL_ACCIDENTAL_FIRE
317.67369501487474,299.844438246917,17.82925676795776,21.892744027302857,3.1308200056482045,583.14744591077,0.052573141919894394,0.0,0.65,2,0.08808868451998644,0.0,0.2629880081113226,0.0,15.146833244041876,0.0,0.0,0.0,AGRICULTURAL_BURNING
383.1777858624274,305.051917419177,78.1258684432504,376.91395712623745,5.934666543058544,1300.8994603496647,0.2432167669807154,1.0,0.85,5,0.3466603351925943,1.1130407225515067,0.39043744265104974,1.0,1.5872277603286828,1.0,3.5514348878222743,1.0,INDUSTRIAL_ACCIDENTAL_FIRE
359.8238020860604,298.1718375230497,61.65196456301072,44.34096479634665,3.8142109239960518,1097.961876204463,0.12830392912602145,0.0,0.75,31,0.9602930361014164,1.575711208061809,0.8434159932145453,1.0,0.9234569911781398,1.0,0.6225316494209061,0.0,INDUSTRIAL_PERSISTENT_SOURCE
373.9769601290318,304.0320158553518,69.94494427368,172.41905366411007,5.155710941032442,1297.5387561925686,0.21984269792479996,1.0,0.85,3,0.36684716566019004,1.3213775528709393,0.2560844407822356,1.0,0.596335796626179,1.0,4.507300152876308,1.0,INDUSTRIAL_ACCIDENTAL_FIRE
368.10302344581453,303.62838103643537,64.47464240937916,188.19908726248994,5.242799832412113,1229.2876964759107,0.20421326402679757,1.0,1.0,3,0.29939143552712577,1.049617323190344,0.1890684660663911,1.0,1.3256436001840253,1.0,2.8640799123573606,1.0,INDUSTRIAL_ACCIDENTAL_FIRE
336.0745254403148,302.6837933417985,33.39073209851631,46.58088794443606,3.862431166836785,979.383350851234,0.07178146419703263,0.0,0.75,41,0.8475247354227173,1.070941269294918,0.7882136514044826,1.0,0.8622825389582393,1.0,0.6895014632598444,0.0,INDUSTRIAL_PERSISTENT_SOURCE
333.25013575633324,297.4015577912583,35.848577965074924,41.69078848187184,3.7539831705424245,983.3306301239587,0.07669715593014985,1.0,0.75,27,0.7803718620432744,1.1880145017786525,0.801813407723551,1.0,0.08278657359141077,1.0,-0.10947089588589387,0.0,INDUSTRIAL_PERSISTENT_SOURCE
387.2169416977853,299.32871817774287,87.8882235200424,125.31799197926603,4.838802473520105,1371.0784863782512,0.271109210057264,0.0,1.0,4,0.1658718826864943,1.4180403715631056,0.3306658935462813,1.0,1.0896448659969968,1.0,3.1974572770570178,1.0,INDUSTRIAL_ACCIDENTAL_FIRE
322.9349425881207,292.2356324283739,30.6993101597468,23.922826155810217,3.2157840966305837,654.8410641190682,0.10271231474213371,1.0,0.7,23,0.6067060138271149,1.2919233565688775,0.8065587418590936,1.0,0.31946253708120304,1.0,0.5059851457700881,0.0,MINING_COAL_FIRE
375.65123169355877,307.776356201186,67.87487549237278,205.61968293911033,5.330879822908024,1244.0096093983045,0.21392821569249365,0.0,0.95,2,0.6335263407130174,1.3028318227604028,0.18656911053667918,0.0,0.7416103710424479,1.0,6.81484295980208,1.0,INDUSTRIAL_ACCIDENTAL_FIRE
387.5814991867292,300.220471474103,87.3610277126262,182.65586723644225,5.21306371968044,1355.1595469118229,0.2696029363217891,1.0,1.0,2,0.38273500438499175,0.9600376130674465,0.41804545824427874,0.0,1.5915238285981248,1.0,2.8241823025471593,1.0,INDUSTRIAL_ACCIDENTAL_FIRE
334.24335112462256,286.20107221377987,48.0422789108427,94.90256119983692,4.563332688517511,932.3964054830399,0.18014092970280898,1.0,0.65,3,0.22758018397374735,0.3890907843542204,0.2873908426115451,0.0,73.56759018202216,0.0,0.0,0.0,WILDFIRE_FOREST
394.9154706170885,305.8268299892524,89.08864062783607,156.9348969781688,5.06218290367136,1385.214483397248,0.2745389732223888,1.0,1.0,3,0.18500175606653288,1.0587019395987411,0.2624834819087287,1.0,0.6120337671129187,1.0,5.659521998636084,1.0,INDUSTRIAL_ACCIDENTAL_FIRE
323.2109542246354,298.8819222045391,24.329032020096292,21.81212986130317,3.127292405953136,621.9122296279776,0.06882258005024072,0.0,0.8,2,0.03976325068068636,0.0,0.1955689294377969,0.0,44.81290710730945,0.0,0.0,0.0,AGRICULTURAL_BURNING
335.36417240576566,298.70175288311844,36.66241952264721,8.010723335110335,2.198415349764167,661.7327980316813,0.09965604880661802,0.0,0.8,2,0.15919172343744123,0.0,0.18213939742057367,0.0,36.12971610480555,0.0,0.0,0.0,AGRICULTURAL_BURNING
357.09002239856915,295.96042784645283,61.129594552116316,38.244161469850106,3.6698026808031807,1159.5333828445418,0.12725918910423262,0.0,0.9,38,0.8573468812353182,1.4974124615472997,0.6840161286657718,1.0,0.576406706870538,1.0,0.3472557158858156,0.0,INDUSTRIAL_PERSISTENT_SOURCE
343.56635988534015,297.8680638038211,45.69829608151906,40.08336254759205,3.7156032353520123,915.8264855646772,0.17232765360506352,1.0,1.0,2,0.03974372385273392,0.18568313649424667,0.26529976281978146,0.0,52.86236998383822,0.0,0.0,0.0,WILDFIRE_FOREST
313.5924281277115,293.67332617365633,19.91910195405518,2.509097264043276,1.2553588146675632,600.9528762759483,0.05779775488513795,0.0,0.4,1,0.10694218124105791,0.0,0.3463763349666527,0.0,50.2460956028634,0.0,0.0,0.0,AGRICULTURAL_BURNING
381.7505694519234,310.17912966056764,71.57143979135577,257.15386899156215,5.553555798591083,1303.4781937011949,0.2244898279753022,1.0,0.95,5,0.19030770258480087,1.0205072606637122,0.37699341267744146,1.0,0.7002063948097802,1.0,6.349128001992421,1.0,INDUSTRIAL_ACCIDENTAL_FIRE
315.41056703598196,296.8908741113128,18.51969292466913,15.170775125936776,2.783205608490632,587.6551353367588,0.05429923231167282,0.0,0.4,2,0.014164444397775179,0.0,0.38375606121935657,0.0,35.04363821815887,0.0,0.0,0.0,AGRICULTURAL_BURNING
393.90040498461195,301.57429134619804,92.32611363841391,137.374898889617,4.929966660330193,1400.0,0.28378889610975405,0.0,0.85,2,0.3371483835698963,0.8212709417877858,0.4258320434274422,0.0,1.207856613149507,1.0,3.9474922649851587,1.0,INDUSTRIAL_ACCIDENTAL_FIRE
328.28889028449703,289.01025568395556,39.278634600541466,25.937126930485782,3.2935055183197384,686.7767409425269,0.1272246702872613,1.0,0.7,5,0.6599170878566838,0.9569903626058438,0.5874711715972609,1.0,1.4636356562330606,1.0,0.2750703513356314,0.0,MINING_COAL_FIRE
370.2464431152788,309.980321624681,60.26612149059781,124.69201882952038,4.83383461978182,1218.083914578019,0.19218891854456516,1.0,1.0,3,0.4970752867549155,0.8479537846388857,0.3671043519406113,1.0,0.44756422479115104,1.0,4.234960180474637,1.0,INDUSTRIAL_ACCIDENTAL_FIRE
330.75424324990894,294.6910844662998,36.06315878360914,33.571407413187835,3.543026965085958,847.9620991331873,0.14021052927869712,0.0,1.0,2,0.2251120936411263,0.30784902764703026,0.3198200905334884,0.0,70.2664685911027,0.0,0.0,0.0,WILDFIRE_FOREST
312.68614103855316,293.990096496949,18.69604454160418,13.500758743196068,2.674200975174483,629.3455249196546,0.054740111354010454,0.0,0.65,2,0.151333968231443,0.0,0.17391141958839457,0.0,26.10573132320572,0.0,0.0,0.0,AGRICULTURAL_BURNING
329.9273911740399,293.2052615837305,36.72212959030941,5.923048000460987,1.934856135148811,711.6924558706514,0.11992037025802688,1.0,0.7,28,0.7746399749046521,1.0128566261555618,0.778306181264634,1.0,3.2202677509102013,0.0,-0.09192668088263051,0.0,MINING_COAL_FIRE
314.82523677798304,306.74166265804456,8.083574119938476,3.980437058562143,1.605517649949118,544.8667665420832,0.02820893529984619,0.0,0.65,1,0.12164748484422144,0.0,0.11997158419073053,0.0,39.65287111822956,0.0,0.0,0.0,AGRICULTURAL_BURNING
387.3183887771803,298.4694540863009,88.84893469087939,138.56852520567446,4.938555700764678,1384.7347055683324,0.27385409911679826,1.0,0.85,2,0.3969907435654313,0.8774422158686451,0.39625830210708135,0.0,1.0473069485248039,1.0,3.2837053444974815,1.0,INDUSTRIAL_ACCIDENTAL_FIRE
354.0284745694329,291.1528795307827,62.875595038650204,29.058330660106677,3.403139849186862,1132.4023750492406,0.1307511900773004,0.0,0.75,8,0.8879945166825683,0.9754118752934355,0.8429182980620089,1.0,0.725105424118429,1.0,0.9447891267096298,0.0,INDUSTRIAL_PERSISTENT_SOURCE
333.00304620684716,299.51035534893884,33.492690857908315,15.233677271161454,2.787087928331193,688.5171257406533,0.11069340245116661,0.0,0.7,9,0.9325589192670827,0.7838827126944646,0.6325382228137999,1.0,1.4673405907304025,1.0,0.48046242565095576,0.0,MINING_COAL_FIRE
354.7899913028786,291.4176478211475,63.37234348173109,38.47823931138389,3.675749616594714,1142.8888192458087,0.1317446869634622,0.0,1.0,10,0.9400702960491958,1.563504909524844,0.8599139231463011,1.0,1.088683904745155,1.0,-0.31231454006778936,0.0,INDUSTRIAL_PERSISTENT_SOURCE
324.64140039537097,305.72441398962826,18.916986405742705,10.415612005506025,2.4349818926931506,591.1602104155138,0.055292466014356764,0.0,0.8,2,0.025540813349468006,0.0,0.21491150512547857,0.0,34.008529610987495,0.0,0.0,0.0,AGRICULTURAL_BURNING
329.44881693135255,293.31326279561375,36.1355541357388,10.371714475935768,2.4311290858351207,688.3336661738658,0.11824444038782514,1.0,1.0,22,0.7712658780638498,1.2406386828876896,0.7376177199140544,1.0,2.5477947907813645,1.0,0.7473016334860416,0.0,MINING_COAL_FIRE
344.14341608738357,293.319218638856,50.82419744852757,56.42623366063542,4.050501231333268,920.8447894368863,0.1894139914950919,0.0,0.85,1,0.14540501018735227,0.21255589247841714,0.2058305465546906,0.0,25.61916175333016,0.0,0.0,0.0,WILDFIRE_FOREST
380.70806828045033,307.7669862009085,72.94108207954184,142.99466749373266,4.969776267596802,1301.9973375931704,0.22840309165583383,1.0,0.85,2,0.6132938125807472,1.486022802699834,0.27241633289750433,0.0,1.4438256074292852,1.0,4.013748625005104,1.0,INDUSTRIAL_ACCIDENTAL_FIRE
348.5429863153523,301.19778072058074,47.345205594771585,22.609046606500442,3.1616299693630068,1036.319470888416,0.09969041118954318,1.0,1.0,21,0.8179214000894953,1.0814896901402031,0.6734726295740069,1.0,0.7277615624637231,1.0,-0.3431820768651228,0.0,INDUSTRIAL_PERSISTENT_SOURCE
335.0407027072286,296.13677130506846,38.90393140216014,22.915924707705063,3.174544542816055,821.9387624297766,0.14967977134053378,0.0,0.85,3,0.13528530980783127,0.10592527334893728,0.3566285710744367,0.0,19.155711162554027,0.0,0.0,0.0,WILDFIRE_FOREST
392.1833300639749,302.50093981747034,89.68239024650455,153.75882147153968,5.041867914602617,1381.3134354148324,0.27623540070429875,0.0,1.0,1,0.4244902247208209,1.0504698588794843,0.3267361060966849,0.0,0.8837647261016354,1.0,2.9582451376052017,1.0,INDUSTRIAL_ACCIDENTAL_FIRE
335.28043692770785,299.825911307966,35.454525619741844,157.41772267697584,5.065235358708569,829.260067446715,0.13818175206580616,0.0,0.85,2,0.03498093533211104,0.3605063010680781,0.34009022274913936,0.0,80.10626604539681,0.0,0.0,0.0,WILDFIRE_FOREST
328.39864133551606,297.5124375026396,30.886203832876447,69.85875728894202,4.260688561729801,854.3847959795592,0.12295401277625483,0.0,0.85,1,0.2191437264124038,0.22122722608797302,0.37981376667833056,0.0,66.70961551917217,0.0,0.0,0.0,WILDFIRE_FOREST
380.34027196582815,305.0212281256208,75.31904384020737,278.9000375193814,5.634432530567063,1311.2686045912067,0.2351972681148782,0.0,1.0,1,0.18547045849996383,1.036596609796075,0.2314540334239804,0.0,1.4470165631918566,1.0,3.0386120958851652,1.0,INDUSTRIAL_ACCIDENTAL_FIRE
333.5301754184566,300.8151897417407,32.71498567671591,43.848321555324546,3.80328616428891,976.9669232494003,0.07042997135343183,1.0,1.0,32,0.7329073549119574,1.622411246435327,0.8927098098521996,1.0,1.5171537944018298,1.0,0.6185942738353305,0.0,INDUSTRIAL_PERSISTENT_SOURCE
390.90642567543637,306.2422413098385,84.66418436559786,162.93255151167978,5.0994550719587295,1315.2716219140132,0.2618976696159939,1.0,0.95,3,0.25161154554304366,1.3080015242539644,0.4130583948884813,1.0,0.7068273388593033,1.0,4.616740382068231,1.0,INDUSTRIAL_ACCIDENTAL_FIRE
344.0336441681408,293.8051950530736,50.228449115067235,84.9899725683172,4.454230691412604,907.9701387568599,0.18742816371689078,0.0,0.65,2,0.14776354695071225,0.2895020668134457,0.2055397714679708,0.0,79.942983001814,0.0,0.0,0.0,WILDFIRE_FOREST
333.72896206917125,291.1072294071846,42.62173266198664,21.437861759946095,3.1107497891244775,695.6989335287099,0.13677637903424755,1.0,0.7,22,0.6119342515833636,0.8056754951912064,0.7970722832053921,1.0,2.149393017385382,1.0,-0.4566531927833541,0.0,MINING_COAL_FIRE
313.9966482444362,297.278954929123,16.71769331531317,13.90495450087753,2.7016936745173603,582.7315207803672,0.049794233288282926,0.0,0.4,2,0.03071264893026309,0.0,0.1896051951442403,0.0,33.620471904253236,0.0,0.0,0.0,AGRICULTURAL_BURNING
346.8379850376472,301.9624929626371,44.87549207501007,40.90680239968073,3.7354481621920774,1032.7475501368417,0.09475098415002015,1.0,1.0,27,0.8644395072153559,1.28211534646736,0.9301036718398805,1.0,0.0316607953534058,1.0,-0.6904259041529024,0.0,INDUSTRIAL_PERSISTENT_SOURCE
338.49257413768987,298.9188083162089,39.57376582148095,9.936905480796295,2.392142894164908,696.0951490152064,0.12806790234708842,1.0,0.85,9,0.8458672245611232,1.2309814446276295,0.5693152317786043,1.0,0.903639030399364,1.0,0.35492108274868595,0.0,MINING_COAL_FIRE
340.3123639011983,290.196404624161,50.11595927703729,19.450873903285242,3.0180256152327343,754.6912441668173,0.15818845507724938,1.0,0.85,11,0.8033445071269001,1.291199803367997,0.5513111934358037,1.0,2.6546725022172364,1.0,0.43316393572763023,0.0,MINING_COAL_FIRE
316.2342407184576,303.82487824226234,12.40936247619527,19.653007934890788,3.0278609715058353,573.9765480710684,0.03902340619048818,0.0,0.8,1,0.17438806734410695,0.0,0.31194294616582086,0.0,38.99279445844547,0.0,0.0,0.0,AGRICULTURAL_BURNING
333.84240346389254,294.19379457181975,39.64860889207279,22.27172003988157,3.147238891208267,674.093672310158,0.12828173969163653,0.0,0.85,26,0.6014005865771457,0.7952270084498635,0.6370292340284419,1.0,0.524603265018197,1.0,-0.22966195735284617,0.0,MINING_COAL_FIRE
330.70657261774517,298.60434477740137,32.1022278403438,51.39002598879621,3.958716229484067,967.6127523665524,0.0692044556806876,1.0,0.9,34,0.770802792547003,1.2348392110309867,0.67773485511112,1.0,1.4464752820432298,1.0,1.0516547488870347,0.0,INDUSTRIAL_PERSISTENT_SOURCE
323.604169789864,305.4908464669572,18.11332332290681,20.73493022001833,3.078920653946452,561.9211018633596,0.05328330830726702,0.0,0.4,2,0.13199495290327407,0.0,0.2763305387818269,0.0,10.787016077800335,0.0,0.0,0.0,AGRICULTURAL_BURNING
331.0876023651,300.57364492594854,30.513957439151454,11.652430645919095,2.537849342638324,692.9874055198144,0.10218273554043272,0.0,0.7,13,0.6625654762148725,1.3384444458586344,0.5926463255965952,1.0,2.349479088128534,1.0,0.6812601707985657,0.0,MINING_COAL_FIRE
392.2320629953254,311.95191918804574,80.28014380727967,125.04209761418609,4.836615959198909,1324.1972573238743,0.24937183944937047,1.0,0.85,4,0.3293107909767957,1.383243049617672,0.2060561274437105,1.0,1.275755648523882,1.0,2.898390353785646,1.0,INDUSTRIAL_ACCIDENTAL_FIRE
350.398728001151,297.34699381129025,53.05173418986078,25.767176997855906,3.2871763980252413,1058.296756459059,0.11110346837972157,1.0,0.9,24,0.7461920808313429,1.0145632797855706,0.8448531480505771,1.0,1.098205716061394,1.0,0.0037974159119331663,0.0,INDUSTRIAL_PERSISTENT_SOURCE
380.7641092206768,307.7696589970724,72.99445022360442,142.56960075212035,4.966819940277063,1294.1910193006563,0.22855557206744118,1.0,0.95,1,0.3039431910081247,1.0070768682475753,0.1003892329686656,0.0,1.6254621946036232,1.0,5.688083154304667,1.0,INDUSTRIAL_ACCIDENTAL_FIRE
350.4181511674807,295.66024476670776,54.757906400772924,37.322201507285,3.646029402060083,1103.1768678792337,0.11451581280154585,1.0,0.9,25,0.8112345433921146,1.0038626633829673,0.8904618382157226,1.0,1.0599651308909932,1.0,0.9924724982922661,0.0,INDUSTRIAL_PERSISTENT_SOURCE
324.85547745211994,288.6155292617054,36.239948190414566,10.333170016539828,2.427733825538913,692.8556932818556,0.11854270911547019,1.0,0.85,11,0.7448683332026068,1.0076095969068413,0.7854604935981665,1.0,0.9184222612597056,1.0,-0.13298088326298962,0.0,MINING_COAL_FIRE
374.7746935269335,309.0952994874809,65.67939403945263,143.22933019712588,4.971404603593274,1277.36516931568,0.20765541154129322,1.0,0.95,5,0.22399207368291738,1.1733706401357538,0.4044892058766897,1.0,0.8575296458027972,1.0,6.1411581684069,1.0,INDUSTRIAL_ACCIDENTAL_FIRE
361.69592129712896,289.5292882437042,72.16663305342479,26.674181384116103,3.320499898540814,1155.6431837401667,0.14933326610684958,1.0,0.75,25,0.7746359829364738,1.505569534028722,0.902911084078311,1.0,0.9021261619994165,1.0,-0.7205775848555056,0.0,INDUSTRIAL_PERSISTENT_SOURCE
390.4216379171412,298.87351696037587,91.54812095676533,160.6579109308706,5.08548244161222,1386.5582112770799,0.2815660598764724,1.0,0.95,5,0.6376715667395353,1.0142360244659516,0.293156997747415,1.0,0.6367383376370176,1.0,6.806972879856061,1.0,INDUSTRIAL_ACCIDENTAL_FIRE
382.3794339998581,304.8547424687034,77.5246915311547,174.51541428927024,5.167726869757122,1301.7535125371603,0.241499118660442,1.0,0.85,4,0.6351176722074384,0.9950501441805255,0.17654843011325413,1.0,1.1783041850094327,1.0,6.285532311423392,1.0,INDUSTRIAL_ACCIDENTAL_FIRE
334.8381482357762,291.8279396058035,43.01020862997268,22.798292431926463,3.16961383154581,714.5080938418761,0.13788631037135052,1.0,1.0,7,0.7458754470487846,1.1473805898728622,0.6134239047327713,1.0,1.8977194392352494,1.0,-0.13133070377244738,0.0,MINING_COAL_FIRE
322.3573029588746,302.6133749725581,19.743927986316464,12.753466648943915,2.621290912258887,572.4960570805433,0.05735981996579116,0.0,0.8,2,0.17391778727483728,0.0,0.3893740557404959,0.0,56.95899779539767,0.0,0.0,0.0,AGRICULTURAL_BURNING
347.29560197671304,289.97637102891173,57.319230947801316,114.04052186877293,4.745284430373895,947.2215664134118,0.2110641031593377,0.0,0.85,2,0.12551670669001638,0.4005713498299627,0.3955400310143201,0.0,53.650883777085554,0.0,0.0,0.0,WILDFIRE_FOREST
330.43581171072105,291.1430310929112,39.29278061780985,77.33512112442145,4.360996048080566,892.0848207906668,0.1509759353926995,0.0,0.65,1,0.23209020487176438,0.382083538932119,0.2391873449229774,0.0,68.45153292442458,0.0,0.0,0.0,WILDFIRE_FOREST
391.65977240796195,305.0431753109177,86.61659709704423,128.52525987640018,4.863875919079076,1319.229833178108,0.2674759917058407,1.0,0.95,2,0.5607159958212966,1.3757743560689377,0.38138547764338204,0.0,0.8363620485693737,1.0,5.794326934280253,1.0,INDUSTRIAL_ACCIDENTAL_FIRE
325.57256472915776,293.15640841000214,32.41615631915562,16.6698372102442,2.8718590735129474,663.1586063463136,0.08904039079788906,0.0,0.65,2,0.01223767114342259,0.0,0.37645805691926204,0.0,16.25810562706397,0.0,0.0,0.0,AGRICULTURAL_BURNING
333.0240656075056,297.9945515310968,35.02951407640876,24.342253708759994,3.2324731097211257,641.25635731107,0.11508432593259646,0.0,1.0,25,0.7541685912544449,0.9865707857715144,0.6193497458961761,1.0,0.4072571449424257,1.0,0.05070849303765057,0.0,MINING_COAL_FIRE
371.2755639622378,298.6997064012355,72.5758575610023,158.33463188244795,5.071006593679977,1289.2883632007095,0.2273595930314351,1.0,0.95,3,0.5465714369983697,0.8762253197867274,0.32278852636367406,1.0,1.5263869120906917,1.0,3.937292512490113,1.0,INDUSTRIAL_ACCIDENTAL_FIRE
335.2141330072737,301.6685312317154,33.54560177555828,33.21836924741057,3.532762612372657,993.5308577594806,0.07209120355111656,0.0,1.0,40,0.8037157593807842,1.2572207315880257,0.7410109836716038,1.0,2.054236193125557,1.0,0.42954190631252454,0.0,INDUSTRIAL_PERSISTENT_SOURCE
351.87238701651904,288.5387139616434,63.333673054875646,48.524865931435784,3.902474885492324,940.7411142578771,0.23111224351625215,1.0,0.65,3,0.09018641602357663,0.28329443519495817,0.22374340048346283,0.0,19.924541117403336,0.0,0.0,0.0,WILDFIRE_FOREST
350.5046536000456,294.5107330271727,55.99392057287287,48.710988539376046,3.906226006035913,1095.6503536837654,0.11698784114574574,1.0,0.9,12,0.8739668785353046,1.501692025602587,0.9088312332377677,1.0,1.806352721001396,1.0,0.8509166515925704,0.0,INDUSTRIAL_PERSISTENT_SOURCE
339.693237497378,298.24587218158285,41.44736531579514,10.092218771082733,2.4062438508805886,672.2550648806423,0.1334210437594147,1.0,1.0,14,0.8866612072927305,1.15468727458434,0.6703495480981081,1.0,0.5301872994729652,1.0,-0.4632996311662114,0.0,MINING_COAL_FIRE
330.6319927674815,295.69253043652714,34.93946233095437,44.904752332298756,3.8265686483583394,1002.0687268420558,0.07487892466190875,0.0,0.9,8,0.8746543276894045,1.5329495049592063,0.900337475856829,1.0,0.7683961128467153,1.0,0.7537874964097453,0.0,INDUSTRIAL_PERSISTENT_SOURCE
358.81604317725197,299.7609266974272,59.05511647982479,40.0131422114263,3.713892557083884,1092.2137000785197,0.12311023295964958,1.0,0.9,42,0.7482303930606339,1.5525864170078858,0.9395094868729756,1.0,1.377084593139721,1.0,-0.2168445664801386,0.0,INDUSTRIAL_PERSISTENT_SOURCE
355.77801643891945,294.13189525906756,61.64612117985189,30.7402597651161,3.45758589922092,1136.7922717978859,0.12829224235970377,0.0,0.9,36,0.7229823857776794,1.3010749207399457,0.9186932459191505,1.0,0.7323653539779986,1.0,-0.02752720940182085,0.0,INDUSTRIAL_PERSISTENT_SOURCE
335.31544968648655,307.15141049375427,28.164039192732275,19.106766025649698,3.001056376613365,614.8733490780472,0.07841009798183068,0.0,0.4,2,0.09352283047715862,0.0,0.23758854622943978,0.0,19.629039665896805,0.0,0.0,0.0,AGRICULTURAL_BURNING
330.2654997016468,292.37731576464125,37.88818393700552,23.354661825393723,3.192723281939101,705.9436755138656,0.12325195410573006,0.0,1.0,9,0.7374062903180307,0.7533528754115337,0.715948983901417,1.0,2.205115275352713,1.0,0.28162525671382965,0.0,MINING_COAL_FIRE
387.8485884598615,301.3269256158936,86.52166284396793,192.48507566932406,5.265200381171388,1360.70001265701,0.2672047509827655,1.0,0.85,5,0.4661529152967897,0.9055022807758006,0.27786957185925154,1.0,1.3243786100707544,1.0,5.318141015151365,1.0,INDUSTRIAL_ACCIDENTAL_FIRE
383.8435859373071,311.02899466892745,72.81459126837967,340.8459013526244,5.834360054680276,1283.7762337198412,0.22804168933822763,1.0,1.0,2,0.35613986391583274,1.0225877859382344,0.3029059081469672,0.0,1.2331837951751157,1.0,3.979131769486291,1.0,INDUSTRIAL_ACCIDENTAL_FIRE
361.6323095454026,294.935426762216,66.6968827831866,37.74226924118251,3.6569312324425405,1183.0600313533214,0.1383937655663732,0.0,1.0,21,0.9189697791981712,1.5261098968938052,0.8797352878147173,1.0,0.18204278196555398,1.0,-0.12457845055155103,0.0,INDUSTRIAL_PERSISTENT_SOURCE
383.2909227545785,307.7949539747097,75.4959687798688,218.1536970096089,5.389773296490305,1280.9121575330482,0.2357027679424823,1.0,0.85,4,0.6304600734644124,1.3836543656431792,0.3249021636132719,1.0,1.5167712062301246,1.0,5.095929473501555,1.0,INDUSTRIAL_ACCIDENTAL_FIRE
335.7483878347961,288.56124241331736,47.18714542147876,42.369813670345124,3.769763661558247,921.0296355611174,0.17729048473826253,1.0,0.85,3,0.23272296195156922,0.24418588796352958,0.396139852800085,0.0,75.27544271375231,0.0,0.0,0.0,WILDFIRE_FOREST
323.1175112978167,297.85908680241073,25.25842449540596,18.21813145729279,2.9558541801528797,586.5031331853157,0.07114606123851491,0.0,0.4,1,0.11621716581465427,0.0,0.1338135048246727,0.0,38.480176542166674,0.0,0.0,0.0,AGRICULTURAL_BURNING
373.9419860351001,302.48561800596303,71.45636802913708,142.96604822880357,4.969577495587561,1282.3594630302441,0.22416105151182023,0.0,0.85,3,0.46745332957658137,0.920313558495147,0.26678426479128303,1.0,0.3375019757267162,1.0,3.1315174966868957,1.0,INDUSTRIAL_ACCIDENTAL_FIRE
331.498773003628,298.9519528166464,32.54682018698162,48.26760331254117,3.8972667314218574,942.8294184228415,0.07009364037396325,1.0,1.0,30,0.7778032881240541,1.1269295602550493,0.7972430903804129,1.0,0.8641963850835755,1.0,0.642898314219144,0.0,INDUSTRIAL_PERSISTENT_SOURCE
340.96749129795006,288.7804720690307,52.18701922891938,16.60042111594054,2.8679228287999354,739.9967941697921,0.16410576922548392,1.0,0.7,10,0.9154430877511558,1.2481059779567119,0.7512983446084949,1.0,1.4305945515819718,1.0,0.19769493542160488,0.0,MINING_COAL_FIRE
390.1241755885632,301.35747933089226,88.76669625767096,127.29487760825774,4.854331345713555,1400.0,0.2736191321647742,0.0,0.95,1,0.5343735656812565,0.870393912458411,0.2376415197847253,0.0,0.39117697512260347,1.0,5.510997222299802,1.0,INDUSTRIAL_ACCIDENTAL_FIRE
370.31979659671816,308.12300290469534,62.19679369202282,235.76900490390784,5.467085002989725,1186.484601559446,0.1977051248343509,0.0,0.85,1,0.2569973393491568,1.223387600553807,0.23560795357288852,0.0,1.4021742292242916,1.0,4.681470330013072,1.0,INDUSTRIAL_ACCIDENTAL_FIRE
321.3698881280859,298.0949152560203,23.274972872065632,15.210368536075084,2.7856510705955673,626.6896753922621,0.0814999224916161,1.0,0.85,14,0.8435399803767532,1.3241090180325177,0.6676378008404102,1.0,3.325609633438181,0.0,0.7519833465919263,0.0,MINING_COAL_FIRE
322.9364079960316,297.96506503974774,24.971342956283877,7.2529160985151595,2.1105666043787137,605.4022409823322,0.07042835739070968,0.0,0.8,1,0.15344452855930513,0.0,0.3889473100768307,0.0,44.194159364157706,0.0,0.0,0.0,AGRICULTURAL_BURNING
328.1747916327374,298.80502350922814,29.36976812350929,12.755301970212216,2.621424347622457,675.6320641659174,0.09891362321002654,0.0,1.0,20,0.7540977097942748,0.7661608509450484,0.7629400626892167,1.0,2.7182912087096427,1.0,-0.3402458737001943,0.0,MINING_COAL_FIRE
382.81341895830354,306.0583080009611,76.75511095734242,148.78674593292942,5.009212588750311,1306.8609208840844,0.23930031702097834,0.0,1.0,1,0.24940703046870147,0.9828137027576023,0.3432335917700667,0.0,0.33255120961242013,1.0,3.855631468351959,1.0,INDUSTRIAL_ACCIDENTAL_FIRE
350.6930651606238,297.2941433152546,53.398921845369216,81.21056481054536,4.4092838194791515,926.8958733390613,0.1979964061512307,0.0,1.0,3,0.14973953198838377,0.17782355672361005,0.36343599620906153,0.0,49.80270778964408,0.0,0.0,0.0,WILDFIRE_FOREST
355.8091213647271,292.56041937343923,63.248701991287874,37.055723841316265,3.6390515024638637,990.9679995980275,0.23082900663762623,0.0,0.85,3,0.06682862461897061,0.26376238484620873,0.22785784188305638,0.0,17.500120582840005,0.0,0.0,0.0,WILDFIRE_FOREST
321.74697138314986,297.7213473929115,24.02562399023833,15.854390689446898,2.8246111978959503,628.3655136086328,0.06806405997559582,0.0,0.4,1,0.0711954980900338,0.0,0.10403657732254414,0.0,59.202626040025955,0.0,0.0,0.0,AGRICULTURAL_BURNING
332.79716283980514,296.99383389445853,35.80332894534661,35.310167772953704,3.5920978059871396,854.9490915545995,0.13934442981782202,1.0,0.85,2,0.19354036070787986,0.37718774718761106,0.4228329923323685,0.0,19.935755512855035,0.0,0.0,0.0,WILDFIRE_FOREST
351.4811732307656,295.7015174568873,55.77965577387829,25.04729522502695,3.259913932675332,1093.4481597726992,0.11655931154775659,1.0,0.75,14,0.8277260254902533,1.4428999220921672,0.7476743397557034,1.0,1.4383222206895856,1.0,0.7013380285633097,0.0,INDUSTRIAL_PERSISTENT_SOURCE
330.12282694333,296.3149723628545,33.807854580475464,18.0069630947394,2.94480539070003,664.9325270023671,0.09251963645118866,0.0,0.8,1,0.1386444932313566,0.0,0.33380897951431554,0.0,32.55482601367076,0.0,0.0,0.0,AGRICULTURAL_BURNING
388.16037428929974,298.38034389715784,89.7800303921419,392.9360221204468,5.976188515707851,1397.8701284742651,0.27651437254897687,1.0,0.95,3,0.6046101029307801,1.0603528675418055,0.2580938867310889,1.0,0.1641080347058611,1.0,5.139718787761164,1.0,INDUSTRIAL_ACCIDENTAL_FIRE
334.07655713811374,298.7834042743053,35.293152863808416,8.423225380098994,2.2431774270218927,694.4904255180326,0.11583757961088119,0.0,0.7,11,0.9104711966045227,0.8483065778126117,0.6267986861579732,1.0,3.4934422622136063,0.0,-0.17789662242718102,0.0,MINING_COAL_FIRE
338.6853426015207,291.90847434906715,46.77686825245354,16.067858527282283,2.8371970765219077,709.590395965608,0.1486481950070101,1.0,0.85,13,0.780621637826342,1.3963317461148974,0.7909576209129701,1.0,0.9864093725787517,1.0,-0.44338944880361203,0.0,MINING_COAL_FIRE
387.7805307725784,299.3842306469689,88.39630012560951,176.27409547025013,5.177697096766947,1366.9653965721243,0.27256085750174147,0.0,1.0,2,0.33502616733712764,1.1581769706070584,0.15796992145989286,0.0,1.6068910577807411,1.0,4.646978859122869,1.0,INDUSTRIAL_ACCIDENTAL_FIRE
330.8125211572058,290.5483796221456,40.26414153506022,16.218315979988017,2.845973699791615,697.6884897561525,0.13004040438588632,0.0,1.0,22,0.7530395437209136,1.2428470261452547,0.8290994299589365,1.0,3.4855439720024006,0.0,0.37939570480177387,0.0,MINING_COAL_FIRE
331.2470675726247,299.1621879386325,32.084879633992216,27.70839936065836,3.357189740598918,816.6391880578007,0.12694959877997405,1.0,0.85,2,0.20427827705603466,0.39368202452823686,0.4219109403343454,0.0,26.528291517094058,0.0,0.0,0.0,WILDFIRE_FOREST
331.3499075900624,304.25249474564686,27.097412844415544,7.968505675749217,2.1937190708605216,656.9021286036484,0.07574353211103885,0.0,0.65,1,0.16879306437615235,0.0,0.24386093351290794,0.0,46.09545666081182,0.0,0.0,0.0,AGRICULTURAL_BURNING
336.39682402388013,301.49418734058474,34.902636683295384,40.3090708738184,3.721082109599656,977.5376851886658,0.07480527336659078,0.0,0.75,21,0.7044005177234622,1.0179131567854192,0.8302871584992492,1.0,2.0055968003202636,1.0,0.07316344348364878,0.0,INDUSTRIAL_PERSISTENT_SOURCE
333.0567610971136,294.2009549399034,38.855806157210225,12.597020933810851,2.609850719762777,682.2513483503656,0.10513951539302557,0.0,0.8,1,0.17197020251606662,0.0,0.2545653388813879,0.0,50.13784011518385,0.0,0.0,0.0,AGRICULTURAL_BURNING
333.16709826796483,305.78104756742835,27.386050700536487,3.578630135221806,1.5213998562744881,631.3082724651579,0.0764651267513412,0.0,0.65,2,0.06960109428694286,0.0,0.27706457068858215,0.0,32.8501439458984,0.0,0.0,0.0,AGRICULTURAL_BURNING
337.042888904216,299.1674988041019,37.87539010011409,16.118535799363457,2.8401618413179457,695.3910502167416,0.12321540028604025,1.0,0.7,22,0.7526198906812535,0.9746491723370918,0.6223089197007777,1.0,2.4833388204742115,1.0,-0.03586029412004854,0.0,MINING_COAL_FIRE
351.846361050555,288.21559427666665,63.630766773888354,19.27270018122754,3.0092751623088505,1131.1572782840658,0.1322615335477767,0.0,0.75,42,0.9385706658593239,1.5423356328090365,0.8954436743383404,1.0,0.1279375327509999,1.0,0.2840305969594521,0.0,INDUSTRIAL_PERSISTENT_SOURCE
330.2326799471979,301.46511751809726,28.76756242910062,7.674725548301828,2.1604136882490974,632.1163713192147,0.07991890607275157,0.0,0.65,2,0.13077136621091284,0.0,0.19432300791213863,0.0,52.078672321732896,0.0,0.0,0.0,AGRICULTURAL_BURNING
321.3128249274164,294.1383868862481,27.174438041168287,12.602347018402757,2.61024235273523,683.5595941726979,0.09264125154619511,0.0,0.7,12,0.7224916108423634,0.9183213789504634,0.5849223059394458,1.0,1.8569861566091188,1.0,0.7820299533897004,0.0,MINING_COAL_FIRE
383.6806862284939,311.86152384521614,71.81916238327779,199.62585474788335,5.301441754300791,1287.4901803065236,0.2251976068093651,0.0,0.95,3,0.2211276198884077,1.4500413934807759,0.12163296124122792,1.0,0.5957890125865192,1.0,6.792810812793136,1.0,INDUSTRIAL_ACCIDENTAL_FIRE
319.046691961554,302.11863421410413,16.928057747449884,7.793402522938804,2.1740017270061913,566.3269697662121,0.05032014436862471,0.0,0.4,2,0.07841738030742482,0.0,0.3868814802423062,0.0,25.529022745906147,0.0,0.0,0.0,AGRICULTURAL_BURNING
334.1577805222861,293.11817049807706,41.039610024209026,14.450491033730778,2.7376407849572106,712.75050209104,0.1322560286405972,0.0,0.85,6,0.7387202060408629,1.3921403864865889,0.5716079997191009,1.0,1.8868487039630473,1.0,-0.22915505170268546,0.0,MINING_COAL_FIRE
392.8579064459191,308.34240913462304,84.51549731129609,199.20440391292288,5.2993388642062245,1344.8652789200041,0.261472849460846,1.0,0.85,2,0.615082601431275,1.3751490988452688,0.13548294486445223,0.0,0.5859688022580758,1.0,4.016850091527756,1.0,INDUSTRIAL_ACCIDENTAL_FIRE
367.9402305434222,298.61692206198535,69.32330848143687,123.24482557476475,4.822254018836026,1256.1799845644766,0.2180665956612482,0.0,0.85,1,0.472786090713714,1.4558495046117972,0.44441102999769555,0.0,0.374234488083695,1.0,7.246063182274317,1.0,INDUSTRIAL_ACCIDENTAL_FIRE
387.8028223531429,304.19218267333275,83.61063967981016,337.0219631134487,5.823110872997522,1328.724665504192,0.2588875419423148,0.0,0.85,2,0.5970496018395672,1.2561667777631196,0.2289842203033164,0.0,0.5959159833664783,1.0,3.8015921089178915,1.0,INDUSTRIAL_ACCIDENTAL_FIRE
338.11791314652265,298.746295734015,39.371617412507646,39.86159876283085,3.7101907164465886,831.5601533808984,0.1512387247083588,0.0,0.65,2,0.07956964454146292,0.4327945831601071,0.45273424724231237,0.0,34.77442332029659,0.0,0.0,0.0,WILDFIRE_FOREST
373.0924883455097,298.7992159852504,74.29327236025932,127.7150463903685,4.857601018338647,1299.3147520331638,0.23226649245788378,1.0,0.85,4,0.17584841862076347,1.4537125122695334,0.2106546367418627,1.0,0.9795466740018061,1.0,3.856095531771596,1.0,INDUSTRIAL_ACCIDENTAL_FIRE
378.9179746006501,311.60807461484154,67.30989998580856,174.1559682396173,5.165676824082181,1253.765411826048,0.21231399995945302,0.0,1.0,1,0.24150772211736357,0.9756766629382086,0.3977156202443982,0.0,1.1149227272188165,1.0,6.184037786416631,1.0,INDUSTRIAL_ACCIDENTAL_FIRE
333.2803773026394,288.28610380056824,44.99427350207117,34.259454431096216,3.5627337041074285,872.5009883843284,0.16998091167357054,0.0,0.65,1,0.19030686971728794,0.20733402060959075,0.4884736913116748,0.0,22.08010693194666,0.0,0.0,0.0,WILDFIRE_FOREST
339.5257949854935,290.2036336353439,49.3221613501496,37.51353347679424,3.6510096984032248,1080.4106450232287,0.1036443227002992,1.0,0.9,13,0.9439934636785076,1.0106200642880205,0.7109211778760186,1.0,1.2237106027968072,1.0,0.7357218462517106,0.0,INDUSTRIAL_PERSISTENT_SOURCE
315.98554666564655,302.9479373802251,13.037609285421468,21.83617970646133,3.1283461075079613,564.9182979766153,0.04059402321355367,0.0,0.4,1,0.05233339355815103,0.0,0.10780886494514047,0.0,16.248070380577513,0.0,0.0,0.0,AGRICULTURAL_BURNING
333.6939412387876,292.220695412615,41.473245826172615,13.26203331373986,2.657600993442667,711.2544924656046,0.1334949880747789,1.0,0.85,22,0.7133979685838319,0.806845053931591,0.65430300199435,1.0,1.6548878511164173,1.0,0.5083123805219847,0.0,MINING_COAL_FIRE
329.02867352583837,302.18604362154457,26.8426299042938,12.867564057758504,2.629552592208875,613.966805097505,0.07510657476073451,0.0,0.8,1,0.11120432278309214,0.0,0.3939409489312463,0.0,57.31095001454369,0.0,0.0,0.0,AGRICULTURAL_BURNING
359.5697505514426,296.854486076334,62.7152644751086,35.63284044083802,3.6009451178967558,1143.270346877808,0.1304305289502172,0.0,0.9,19,0.8333568134611253,1.3043339027377554,0.8458440100442729,1.0,1.3934155552734206,1.0,-0.3502498163886083,0.0,INDUSTRIAL_PERSISTENT_SOURCE
337.9804737549504,296.4706167294815,41.50985702546893,17.48611640200761,2.9170199855882926,720.0183624072,0.13359959150133982,1.0,0.7,16,0.6649651417472386,0.9291418789793116,0.7981614400260206,1.0,1.5414283247321106,1.0,-0.2657485970301634,0.0,MINING_COAL_FIRE
372.7304866553364,304.4767213943504,68.25376526098597,122.02358757403526,4.812376105881709,1259.2516006049666,0.21501075788853133,0.0,0.95,2,0.5213532605999905,1.4913546946152405,0.11403821699436888,0.0,1.569476884464666,1.0,4.4258944649707255,1.0,INDUSTRIAL_ACCIDENTAL_FIRE
370.35633986163003,307.13844550992627,63.21789435170376,224.5861977742557,5.418702337673673,1195.4420426160268,0.20062255529058218,1.0,0.95,2,0.5526574836789525,0.8091013464575153,0.12992798579906384,0.0,0.4668198668317714,1.0,5.6350277902318044,1.0,INDUSTRIAL_ACCIDENTAL_FIRE
386.75861253063664,303.04551656075756,83.71309596987908,244.91604768143122,5.504990208098967,1352.1376761096633,0.2591802741996545,0.0,0.95,1,0.1902904061432568,1.368628326172943,0.21999363768190777,0.0,0.20237460976028931,1.0,4.200493006830466,1.0,INDUSTRIAL_ACCIDENTAL_FIRE
345.2959769830402,295.4241918859782,49.871785097062,26.910402434893513,3.328999466465901,946.6643158668718,0.18623928365687334,0.0,1.0,2,0.21037554199193187,0.4328817378484767,0.3615018471050049,0.0,65.58980960432226,0.0,0.0,0.0,WILDFIRE_FOREST
334.7670177128467,290.528268999496,44.23874871335073,25.162192747780505,3.2643153437100563,708.5821259549367,0.1413964248952878,0.0,1.0,15,0.9190505990481943,0.846529802938964,0.7716901197385926,1.0,0.7801653527223498,1.0,0.5172573267341671,0.0,MINING_COAL_FIRE
334.2644541534709,288.855035813279,45.409418340191905,32.5553797159512,3.51319719977181,1028.6653878943598,0.09581883668038381,0.0,0.9,34,0.7050744820563426,1.798486880913861,0.8124087915188396,1.0,1.301400619630273,1.0,0.34554055337389156,0.0,INDUSTRIAL_PERSISTENT_SOURCE
322.32508126449045,298.5041133803236,23.820967884166862,30.68773126693143,3.455929579689469,791.3158057405666,0.09940322628055621,0.0,0.65,3,0.19518554565263715,0.44423218235885553,0.27276184197973996,0.0,18.3825869170359,0.0,0.0,0.0,WILDFIRE_FOREST
330.2290105195901,296.49495761667015,33.73405290291993,15.726915550591357,2.81701913162886,664.4394009314879,0.11138300829405694,1.0,0.7,21,0.7643257812960169,1.1157014854758684,0.7745757180135409,1.0,1.7016294243334784,1.0,-0.47818897145479156,0.0,MINING_COAL_FIRE
344.30146925709204,293.5091655192106,50.79230373788141,29.888821061522457,3.4303943405020143,1051.607206705994,0.10658460747576283,1.0,1.0,19,0.9614195805661301,1.6497055936809775,0.8594521582144715,1.0,2.0121156593223786,1.0,0.9369523024055391,0.0,INDUSTRIAL_PERSISTENT_SOURCE
339.08783433363595,298.0852718331534,41.002562500482554,31.047767482424746,3.4672275236058527,854.9791572320571,0.15667520833494183,0.0,0.65,1,0.17628684522940774,0.12392310019769819,0.20377778380024844,0.0,23.797972433311713,0.0,0.0,0.0,WILDFIRE_FOREST
334.2467635716089,293.68271197275834,40.56405159885054,33.12515499405479,3.5300347954451325,1022.0549156189121,0.08612810319770109,1.0,0.75,7,0.860612463925644,1.18891937364702,0.7174850131631102,1.0,1.9697551064906458,1.0,-0.15652594028344446,0.0,INDUSTRIAL_PERSISTENT_SOURCE
378.4017940610792,299.72829812134495,78.67349593973427,138.88792407881286,4.9408415597100115,1340.7741818353416,0.24478141697066932,0.0,0.85,4,0.17689098208868895,1.2643174966528012,0.393684894579864,1.0,0.4104650627846829,1.0,4.482417614303994,1.0,INDUSTRIAL_ACCIDENTAL_FIRE
333.10852160202006,292.3114031166469,40.797118485373176,51.48471994205063,3.9605220785118336,871.4400625511712,0.15599039495124392,0.0,0.65,1,0.2254219052272697,0.2583520732911425,0.49296293190336915,0.0,63.58868976500357,0.0,0.0,0.0,WILDFIRE_FOREST
337.7113043892416,292.0636383487031,45.647666040538525,32.044251904183135,3.4978476299669023,1025.7441154048913,0.09629533208107706,1.0,0.75,33,0.9234863328342809,1.1086736524945635,0.88938295677599,1.0,1.8847897933873479,1.0,0.40271921455670845,0.0,INDUSTRIAL_PERSISTENT_SOURCE
328.06412063966496,290.54824238896316,37.5158782507018,20.5692168507283,3.071267152404353,660.0648299671133,0.12218822357343373,1.0,0.85,26,0.7758279211229485,0.7383346442680778,0.5739698202855681,1.0,0.94490791350773,1.0,0.24088180427659023,0.0,MINING_COAL_FIRE
338.4879532278113,288.30068999298845,50.187263234822865,27.179566336107634,3.338597117285678,1042.1889604230767,0.10537452646964574,1.0,1.0,38,0.8441785114081288,0.9072073266064046,0.6785280943132188,1.0,1.2900002220882885,1.0,-0.7744691469642053,0.0,INDUSTRIAL_PERSISTENT_SOURCE
331.5486295748162,302.7403235938699,28.808305980946272,42.079996696988154,3.7630587756166007,946.3038626747248,0.06261661196189254,1.0,0.9,43,0.7479001698603498,0.9643527218984719,0.7668972266864347,1.0,1.895340227930873,1.0,0.04615104559296568,0.0,INDUSTRIAL_PERSISTENT_SOURCE
337.6376790749787,298.30133580422864,39.336343270750035,45.52895525400071,3.8400748124344983,998.2310027587065,0.08367268654150008,1.0,1.0,27,0.9594333832717818,1.6280799746523378,0.8901092565366036,1.0,1.4897987987353254,1.0,1.1568887843071392,0.0,INDUSTRIAL_PERSISTENT_SOURCE
324.6129775470172,294.3659953398121,30.246982207205065,19.659688532138233,3.028184387689091,632.7276097317847,0.08361745551801267,0.0,0.8,2,0.1551212615063829,0.0,0.15056790161686656,0.0,37.058730085096975,0.0,0.0,0.0,AGRICULTURAL_BURNING
334.95810128350905,307.90572212389367,27.052379159615384,10.21588319280687,2.4173309159019554,635.4170201354964,0.07563094789903846,0.0,0.8,1,0.15437396650493992,0.0,0.35184146269692973,0.0,55.380029842771364,0.0,0.0,0.0,AGRICULTURAL_BURNING
339.2610822791697,292.23748089931445,47.02360137985528,34.1991933940003,3.561023167398327,1047.114466510621,0.09904720275971056,1.0,1.0,20,0.8545341660620567,1.0276599578552867,0.7141403631988199,1.0,1.2302482109425377,1.0,1.1028852777746638,0.0,INDUSTRIAL_PERSISTENT_SOURCE
329.3895105933895,292.63425506258716,36.755255530802344,18.66360357810065,2.9787693928412087,688.3560980017882,0.12001501580229242,0.0,1.0,7,0.6988060920039898,1.0585561402132773,0.6816565084504018,1.0,3.493052832707772,0.0,0.39822446222191554,0.0,MINING_COAL_FIRE
342.1676245488979,293.7813164959482,48.38630805294969,29.76984603436521,3.4265351855633948,1057.878571393638,0.10177261610589938,0.0,1.0,29,0.7760127618848709,0.9074387681512726,0.8839881381621179,1.0,1.1846587013704353,1.0,0.02140080117308618,0.0,INDUSTRIAL_PERSISTENT_SOURCE
330.13458512404316,295.46414848853385,34.670436635509304,3.912344230823905,1.5917512679545105,658.3218244917256,0.09467609158877327,0.0,0.65,1,0.0889365509450658,0.0,0.16762063443064007,0.0,55.265720948646724,0.0,0.0,0.0,AGRICULTURAL_BURNING
325.1077101889727,299.1747619520245,25.93294823694822,20.92515182279458,3.0876344628771255,619.3865942982375,0.07283237059237055,0.0,0.8,2,0.07495843995190557,0.0,0.2065706551991508,0.0,10.930302061857086,0.0,0.0,0.0,AGRICULTURAL_BURNING
331.0272848343899,299.5374036697944,31.489881164595488,5.443770387040612,1.8631138326253618,642.5959103251591,0.08672470291148873,0.0,0.4,1,0.16824229536518479,0.0,0.15280984032400025,0.0,12.25530621258976,0.0,0.0,0.0,AGRICULTURAL_BURNING
379.19630354244,302.3799679910782,76.81633555136176,172.7471869609255,5.157601294160893,1303.2483529590086,0.23947524443246215,0.0,0.85,1,0.2462995138928152,1.1319499516602247,0.40171492784625973,0.0,0.2609145128763128,1.0,4.782284500733409,1.0,INDUSTRIAL_ACCIDENTAL_FIRE
367.8022391592589,304.17501021551095,63.62722894374792,152.92060009726313,5.036436885670601,1269.2293291868384,0.20179208269642263,0.0,1.0,4,0.41166481559737067,1.2498722603706964,0.1685442844054216,1.0,0.39231622782790126,1.0,6.526415769459045,1.0,INDUSTRIAL_ACCIDENTAL_FIRE
337.778324619996,295.1779996541115,42.60032496588451,22.158805402143297,3.1423750711561516,698.6835899598236,0.13671521418824145,1.0,0.7,10,0.6761061043449375,1.3760086363882515,0.6394346660182311,1.0,0.1057971071077013,1.0,-0.10530314442485722,0.0,MINING_COAL_FIRE
313.5288744596238,306.1372976307729,7.39157682885093,14.638557255081627,2.749739483744595,552.4713575906262,0.026478942072127323,0.0,0.65,2,0.13489126463502085,0.0,0.3227365803084561,0.0,50.39233286666887,0.0,0.0,0.0,AGRICULTURAL_BURNING
324.9070773030845,291.59437514390345,33.31270215918107,8.443563594757972,2.245333408367121,691.2210647064659,0.11017914902623163,1.0,0.7,17,0.7381370060255078,1.137828779083725,0.801103378150905,1.0,0.2703584501169043,1.0,0.14726571335773275,0.0,MINING_COAL_FIRE
339.1302379796318,296.0468050476613,43.08343293197049,111.83015547451264,4.725883639103076,877.0013900320844,0.1636114431065683,0.0,0.85,1,0.18325421437590228,0.21850509017955075,0.26725168302407054,0.0,31.62846719639141,0.0,0.0,0.0,WILDFIRE_FOREST
335.52340409625026,290.4212548153136,45.10214928093666,29.41841730473451,3.4150482573624013,1045.5602159104953,0.09520429856187332,1.0,1.0,14,0.9837877345092184,1.5487346848274242,0.7223620323884069,1.0,0.8309485763403729,1.0,0.03252199872015016,0.0,INDUSTRIAL_PERSISTENT_SOURCE
334.52368826975305,288.9182498721536,45.60543839759947,19.665602525318825,3.02847060434091,1014.7269374707726,0.09621087679519895,1.0,0.9,34,0.7135385977707893,1.4433698597069309,0.6815795487441276,1.0,1.3081970823633544,1.0,-0.29482798663055165,0.0,INDUSTRIAL_PERSISTENT_SOURCE
332.86826408394626,289.1201670142184,43.74809706972786,16.37165732593936,2.8548399888240596,711.1707948563064,0.13999456305636532,1.0,1.0,19,0.8271626615714825,0.7544496401403276,0.586287328526357,1.0,2.985193043280019,1.0,0.34080267546072696,0.0,MINING_COAL_FIRE
328.3475876908498,296.76468379514114,31.582903895708682,114.84234926296845,4.752230208671479,825.6376154602879,0.12527634631902893,1.0,0.85,1,0.082551974788959,0.11719441286214832,0.3004230595398087,0.0,67.11344751988892,0.0,0.0,0.0,WILDFIRE_FOREST
347.95178439576256,299.5510036133953,48.400780782367235,63.536943118737874,4.167237821367267,892.4676960934545,0.1813359359412241,1.0,1.0,1,0.12852388421265115,0.4406504674787137,0.2907579623614138,0.0,28.87255304323786,0.0,0.0,0.0,WILDFIRE_FOREST
329.59726966995385,298.426663016581,31.17060665337283,6.261350045796739,1.9825657682702107,623.6976947840665,0.08592651663343207,0.0,0.4,2,0.1713857223527281,0.0,0.317941279654133,0.0,15.25008770117845,0.0,0.0,0.0,AGRICULTURAL_BURNING
315.50941798122994,296.55922622895076,18.95019175227918,18.040636473965993,2.946575457059024,595.5122155931558,0.05537547938069795,0.0,0.65,1,0.020439119133990685,0.0,0.39199212385011306,0.0,36.502708412834636,0.0,0.0,0.0,AGRICULTURAL_BURNING
320.9845488222593,297.30510557165906,23.67944325060023,25.596533898820642,3.2807809027416623,644.5634595022943,0.08265555214457208,1.0,0.7,25,0.8225087751355655,0.8232987937119236,0.7952294227641609,1.0,2.6865880377851323,1.0,0.6855591538221935,0.0,MINING_COAL_FIRE
335.16317415098837,291.53995253229465,43.62322161869372,95.00542456653042,4.564404695772796,843.339513272575,0.16541073872897905,0.0,0.85,1,0.09485720305672775,0.37272109786778773,0.25722447911174084,0.0,76.87771262522365,0.0,0.0,0.0,WILDFIRE_FOREST
332.094330971666,292.8894186793097,39.20491229235631,10.62468232494267,2.4531306242133817,732.1029990036377,0.12701403512101803,0.0,1.0,13,0.8784451244381744,0.8943998227629957,0.6408751204393037,1.0,0.5338804769726133,1.0,0.5679610719675194,0.0,MINING_COAL_FIRE
333.75111364577185,294.6841940875861,39.06691955818576,20.345358413057898,3.060834311498227,684.7667957252694,0.10566729889546439,0.0,0.8,2,0.1543756875744908,0.0,0.3198797866052568,0.0,29.215952530478287,0.0,0.0,0.0,AGRICULTURAL_BURNING
351.771804954656,300.6210541615242,51.15075079313175,33.673103592489525,3.545964273789345,891.4926472378627,0.1905025026437725,0.0,0.85,1,0.07123805226168996,0.3667813967154675,0.35612262940477957,0.0,54.67007062698809,0.0,0.0,0.0,WILDFIRE_FOREST
344.09089024342734,291.2774034563022,52.81348678712516,97.97416809699413,4.594858887773684,925.2057094673377,0.19604495595708385,0.0,1.0,3,0.0808964499612935,0.444125595328811,0.3905073698424829,0.0,28.97940849836108,0.0,0.0,0.0,WILDFIRE_FOREST
322.43974173390546,297.4244362424563,25.01530549144917,12.611962249238559,2.6109489832905997,610.2427478418607,0.07053826372862293,0.0,0.65,1,0.05129464420968046,0.0,0.1285290008047342,0.0,47.560418829078195,0.0,0.0,0.0,AGRICULTURAL_BURNING
347.9949323590597,296.56034492365274,51.43458743540697,25.290030268005744,3.2691897900536318,1078.3360703308288,0.10786917487081395,0.0,0.9,7,0.7000537066356783,0.9986653749630958,0.8748877256447071,1.0,1.0757003118792017,1.0,0.6752061920688441,0.0,INDUSTRIAL_PERSISTENT_SOURCE
337.54551804371533,290.1074216205926,47.438096423122715,11.604950371116903,2.5340896233942822,699.0357444501029,0.1505374183517792,0.0,0.7,19,0.9095626287667086,1.0341530688724867,0.75030079443136,1.0,2.2049899640316313,1.0,0.32602439907599134,0.0,MINING_COAL_FIRE
327.6042750230643,294.9067893778557,32.69748564520859,23.79325982051171,3.210571834800691,663.7922588695842,0.08974371411302146,0.0,0.4,1,0.03578961959075847,0.0,0.27084755155600293,0.0,32.83935471103614,0.0,0.0,0.0,AGRICULTURAL_BURNING
391.9900233587652,306.73742161854574,85.25260174021946,201.3152021466766,5.30982688789842,1354.9951397979598,0.26357886211491277,1.0,0.95,1,0.2661063475734087,0.8466333786735719,0.18015888682367873,0.0,0.9946168583506079,1.0,4.604288740454093,1.0,INDUSTRIAL_ACCIDENTAL_FIRE
333.640059495175,299.4394237679152,34.20063572725985,8.068415575942103,2.204797560437487,670.5405712917238,0.09350158931814961,0.0,0.8,2,0.15986100066198586,0.0,0.32985177678915434,0.0,49.782503044018895,0.0,0.0,0.0,AGRICULTURAL_BURNING
382.612046724097,298.45985338340813,84.15219334068888,282.92879789962757,5.648723495106764,1356.3795193879014,0.26043483811625395,0.0,0.85,1,0.3991838863697399,1.3463469952822613,0.19715551042029633,0.0,1.6473115600384756,1.0,7.09977573502007,1.0,INDUSTRIAL_ACCIDENTAL_FIRE
355.5503121701933,290.0255720502082,65.5247401199851,30.81754828584711,3.4600179704706284,1132.481808229352,0.1360494802399702,0.0,0.75,34,0.951568336813832,1.0253670204663907,0.6566817365201671,1.0,1.0416605686521199,1.0,-0.13382573732304603,0.0,INDUSTRIAL_PERSISTENT_SOURCE
320.9225846431751,290.50179286969615,30.42079177347898,15.771383809529173,2.8196740893973375,638.3178083095631,0.10191654792422566,0.0,1.0,19,0.8087167979619168,0.9161732395121917,0.7602097963306168,1.0,1.5432876733923695,1.0,-0.31557343798965276,0.0,MINING_COAL_FIRE
327.7311768354343,304.51611214779064,23.21506468764369,18.661678143855273,2.978671469359794,621.9734596051137,0.06603766171910921,0.0,0.65,2,0.05871280601213866,0.0,0.37641022080985564,0.0,32.19763501377572,0.0,0.0,0.0,AGRICULTURAL_BURNING
353.1431174668068,302.52770335324794,50.61541411355887,30.03325869706552,3.435059490576537,1039.4595444414228,0.10623082822711774,1.0,0.9,41,0.9624726570603995,0.9072286774880607,0.7976245116165246,1.0,1.0129271521900214,1.0,0.1761845205299517,0.0,INDUSTRIAL_PERSISTENT_SOURCE
319.2849817919352,302.3141913106363,16.970790481298877,6.666029090161354,2.0367987616500094,606.3428489878656,0.050426976203247195,0.0,0.4,1,0.1733021377021286,0.0,0.1219217956759817,0.0,28.433097840051513,0.0,0.0,0.0,AGRICULTURAL_BURNING
331.4834584665407,304.7485357831694,26.73492268337128,18.232409432090513,2.956596847232391,625.4992452845202,0.0748373067084282,0.0,0.8,1,0.1738424531907716,0.0,0.18784385653143532,0.0,42.52007413840279,0.0,0.0,0.0,AGRICULTURAL_BURNING
333.19110456972345,300.549529806792,32.64157476293144,10.507904127762323,2.4430341147337025,688.7281604716654,0.10826164217980412,1.0,0.7,10,0.6294747089247404,1.052053755958274,0.6998686467804771,1.0,2.797026138804195,1.0,-0.2284416554835736,0.0,MINING_COAL_FIRE
316.5883929383356,304.92426399237013,11.664128945965444,22.238646088775788,3.1458166724887153,556.2001768961911,0.03716032236491361,0.0,0.8,2,0.03750534973134093,0.0,0.10213900606630183,0.0,58.16699666879112,0.0,0.0,0.0,AGRICULTURAL_BURNING
332.77247451899734,292.28058447989196,40.491890039105385,15.964828373092395,2.8311422816564265,683.7245225261355,0.13069111439744396,0.0,1.0,9,0.7399680204861542,1.2148200761727947,0.7154213424717701,1.0,2.953971369241319,1.0,-0.13494175942841335,0.0,MINING_COAL_FIRE
324.21959026404505,297.3022214453362,26.917368818708837,14.53439237729955,2.7430564289355304,665.5471615698485,0.09190676805345382,1.0,0.85,19,0.8637548756498232,1.0929951745988418,0.7113495133517242,1.0,1.1848371665535316,1.0,-0.29752531226137235,0.0,MINING_COAL_FIRE
386.6518856349462,301.3037888764854,85.34809675846083,242.8438188074528,5.49652793349545,1333.713571378937,0.2638517050241738,0.0,0.95,3,0.411366414690997,0.897532018084113,0.31154608274723605,1.0,0.49811956483231695,1.0,2.9194698956972474,1.0,INDUSTRIAL_ACCIDENTAL_FIRE
336.1286735517659,296.0246099599955,40.104063591770455,15.438481702282655,2.799625031487401,699.3764571639285,0.12958303883362987,1.0,1.0,18,0.7926433051124699,0.8052065093584939,0.6087552330709791,1.0,3.4068768386625825,0.0,0.7587816257548368,0.0,MINING_COAL_FIRE
358.4576114475517,288.86682295529795,69.59078849225375,40.83110417059084,3.7336401817251543,1152.4094041155117,0.1441815769845075,0.0,1.0,37,0.8033520787716781,1.3352481060764996,0.6973492178543369,1.0,0.32662427952939355,1.0,-0.7537064561699833,0.0,INDUSTRIAL_PERSISTENT_SOURCE
338.52793015548025,292.09051309891555,46.4374170565647,140.65634848127362,4.953404043353931,871.4371381444392,0.17479139018854897,0.0,0.65,2,0.0867945120927167,0.20128325326199314,0.3924341488264129,0.0,39.00489033507894,0.0,0.0,0.0,WILDFIRE_FOREST
333.6573645514076,293.1284120050261,40.528952546381504,26.198795150915203,3.303172676398623,894.2604298695279,0.15509650848793832,0.0,0.65,1,0.16338931249197303,0.20241445459821286,0.2966999935401421,0.0,44.80264612125687,0.0,0.0,0.0,WILDFIRE_FOREST
322.2037621584315,299.84520459869526,22.358557559736255,11.526524195961299,2.5278483318593414,665.2005130804571,0.07888159302781787,0.0,0.85,25,0.7260489531315022,0.9838676550205605,0.6181662082299731,1.0,1.8262852776416099,1.0,-0.14149872606759223,0.0,MINING_COAL_FIRE
339.07387519364187,295.08863779565786,43.98523739798401,28.301415768269457,3.37763583459182,1048.575561814887,0.09297047479596802,0.0,0.75,30,0.9334015170159768,1.116641327097156,0.7219846711170894,1.0,1.9327480129614205,1.0,0.9092380515769554,0.0,INDUSTRIAL_PERSISTENT_SOURCE
380.9325603465573,309.7841270644255,71.1484332821318,242.08491560092733,5.493410829215591,1272.7061622179003,0.223281237948948,0.0,0.95,1,0.2026295925985062,0.8192757039086259,0.2769092912686575,0.0,1.0653876578738015,1.0,7.368518705533978,1.0,INDUSTRIAL_ACCIDENTAL_FIRE
339.4643062234189,288.7983686829342,50.66593754048466,30.772788637053665,3.458610220225819,903.6457795231438,0.1888864584682822,0.0,0.85,2,0.04274802270352175,0.2982367522208841,0.40446050006254125,0.0,58.45313501822052,0.0,0.0,0.0,WILDFIRE_FOREST
350.1019285021545,292.5031768473604,57.598751654794114,24.18673750436248,3.2263175664690187,928.5968556382586,0.2119958388493137,1.0,0.85,3,0.0610513370998295,0.33195284817886217,0.4016315201041294,0.0,29.490426456473568,0.0,0.0,0.0,WILDFIRE_FOREST
334.0805963292652,301.52874161756824,32.55185471169693,30.69119099684118,3.456038755730639,953.8628831375423,0.07010370942339388,0.0,1.0,21,0.8300382738946205,1.2942302910278822,0.908310019991672,1.0,0.8858674121713409,1.0,0.6888385076266519,0.0,INDUSTRIAL_PERSISTENT_SOURCE
328.57532567780805,293.4743578150234,35.10096786278467,27.40188796664841,3.3464556206565037,955.2100710957519,0.07520193572556935,0.0,1.0,36,0.8379026912715961,1.016786010146638,0.8750183972433041,1.0,0.6166876194367968,1.0,-0.26659313872557155,0.0,INDUSTRIAL_PERSISTENT_SOURCE
383.2371564227211,302.331218050079,80.90593837264214,201.37204505101266,5.310107810537339,1338.332983529004,0.25115982392183467,0.0,0.95,4,0.5605991412751132,0.9796859598170321,0.3328522356923193,1.0,1.4916331723872658,1.0,5.791086439862013,1.0,INDUSTRIAL_ACCIDENTAL_FIRE
338.85977158690747,298.75927312790907,40.1004984589984,20.362414368026226,3.061633039915301,849.5594722558743,0.15366832819666132,0.0,0.85,3,0.2373213976394252,0.2901238454985815,0.4496999421900749,0.0,17.597083883685166,0.0,0.0,0.0,WILDFIRE_FOREST
338.20228081878497,290.26896426694015,47.933316551844825,38.55589977072203,3.6777148555467636,1071.6002855431634,0.10086663310368965,1.0,0.9,42,0.7582067244449997,1.4585011623211128,0.8415050195392192,1.0,0.6405909306852908,1.0,-0.4100065249579605,0.0,INDUSTRIAL_PERSISTENT_SOURCE
375.12947905997703,311.83930307193623,63.2901759880408,175.34711689258032,5.1724543077680405,1240.437402655163,0.20082907425154514,0.0,0.85,5,0.5870358866525925,0.9624390177908092,0.19287953906069139,1.0,0.09416535523446236,1.0,4.037262528634653,1.0,INDUSTRIAL_ACCIDENTAL_FIRE
333.7603616711704,297.5523219642653,36.20803970690514,16.580370728617925,2.8667829801244373,1018.7885187120542,0.07741607941381029,0.0,1.0,21,0.7174023758508133,1.6935380726747262,0.932571676178126,1.0,2.144998258656501,1.0,1.0511660183805436,0.0,INDUSTRIAL_PERSISTENT_SOURCE
380.22831136053367,301.39373625381114,78.83457510672253,156.01939575453898,5.056369337555719,1321.2921872556785,0.24524164316206434,0.0,1.0,2,0.5338897507214194,1.1367980712983723,0.286406301393055,0.0,0.2509644432936062,1.0,5.17868859488893,1.0,INDUSTRIAL_ACCIDENTAL_FIRE
379.22019285449466,304.2177879843205,75.00240487017413,150.52981015993043,5.020782372325604,1292.914683538779,0.23429258534335465,0.0,0.85,1,0.6420065816052322,1.0698583333158456,0.219135486489077,0.0,1.7910014528538127,1.0,7.317336781415687,1.0,INDUSTRIAL_ACCIDENTAL_FIRE
316.1606642993264,306.5746975067955,9.58596679253094,19.62007242334384,3.026264990868962,548.3247421132312,0.03196491698132735,0.0,0.4,2,0.12105934160911218,0.0,0.2414929291305171,0.0,57.39282119801462,0.0,0.0,0.0,AGRICULTURAL_BURNING
342.4286488858236,298.72044133509934,43.70820755072424,36.52401768255383,3.6249811994967733,1035.0730604483344,0.09241641510144848,0.0,0.75,15,0.9047357271547374,1.0175709434016238,0.7615510353699259,1.0,1.3362682108837374,1.0,-0.022650498658099094,0.0,INDUSTRIAL_PERSISTENT_SOURCE
347.74506275310995,293.8219962150337,53.92306653807623,54.16762684666245,4.010376311072994,1071.0658926545864,0.11284613307615246,0.0,0.75,32,0.8450671288884826,1.0536096917720104,0.8488718757033697,1.0,0.3922574179218407,1.0,-0.11862915285039688,0.0,INDUSTRIAL_PERSISTENT_SOURCE
365.330948427874,308.4936367825644,56.83731164530957,236.21024593739565,5.468946861542261,1174.6801605396774,0.18239231898659874,0.0,0.95,4,0.3134658081690396,1.4203370463255522,0.3075655169653745,1.0,1.3776836826942584,1.0,4.23633981280401,1.0,INDUSTRIAL_ACCIDENTAL_FIRE
357.8804996300039,294.84258076263137,63.037918867372525,34.89627736320914,3.5806335954994446,955.5227658459149,0.23012639622457506,1.0,0.65,3,0.12776375039960852,0.351882373958849,0.3843443024608947,0.0,37.1486354253997,0.0,0.0,0.0,WILDFIRE_FOREST
329.40330394079626,301.35510231034016,28.048201630456106,5.039080274783586,1.7982517279652832,636.3112575017207,0.07812050407614027,0.0,0.4,2,0.10104123522552311,0.0,0.16196439093066878,0.0,33.92729755000832,0.0,0.0,0.0,AGRICULTURAL_BURNING
383.75087558255615,302.4316953137502,81.31918026880595,193.4873706006005,5.270367228305558,1362.153961320564,0.2523405150537313,0.0,1.0,1,0.5483406985956861,1.2395953678228686,0.18662852559914417,0.0,1.4787188736888037,1.0,5.736908268152895,1.0,INDUSTRIAL_ACCIDENTAL_FIRE
334.0791965487274,307.8769710506865,26.20222549804089,14.252965331523036,2.7247739321195885,637.0501176538727,0.07350556374510223,0.0,0.4,2,0.06099854999413089,0.0,0.3116346603119011,0.0,20.801489002022066,0.0,0.0,0.0,AGRICULTURAL_BURNING
330.0869251340246,305.98061468139235,24.106310452632272,7.555844755180966,2.1466146464997906,607.2499731029199,0.06826577613158068,0.0,0.65,2,0.03527694209935075,0.0,0.14240773926584493,0.0,53.324187824416484,0.0,0.0,0.0,AGRICULTURAL_BURNING
336.9520775752585,300.7408101000347,36.21126747522379,14.546929993150117,2.7438631910405116,668.5421758537797,0.11846076421492512,1.0,0.7,24,0.7527520545231615,0.9761658161753833,0.6879726765865483,1.0,3.333865957902074,0.0,-0.44658588214234723,0.0,MINING_COAL_FIRE
350.6391640513534,293.68011314959176,56.95905090176166,40.09467890571813,3.715878646106454,1085.9005385714809,0.11891810180352332,0.0,1.0,34,0.8535647483565126,1.491133707979604,0.7094618795706559,1.0,2.100641661099941,1.0,-0.7579261950790628,0.0,INDUSTRIAL_PERSISTENT_SOURCE
338.4104088980454,291.32955401501846,47.080854883026916,18.57686111252485,2.9743483133484836,882.9041477691881,0.17693618294342303,0.0,0.85,2,0.11054258523279738,0.17969031907535946,0.38665929388403997,0.0,36.689323429250614,0.0,0.0,0.0,WILDFIRE_FOREST
366.30811315263304,311.9237071511628,54.38440600147027,215.12156912812645,5.3758410693979926,1188.429023270803,0.1753840171470579,1.0,1.0,5,0.5917470111331294,1.474533983962477,0.39855330941357603,1.0,0.8724028994841502,1.0,7.27943768101258,1.0,INDUSTRIAL_ACCIDENTAL_FIRE
340.5684680897528,295.6630822276104,44.905385862142396,18.42741015669938,2.9666849635480053,910.5693417859029,0.16968461954047465,0.0,1.0,2,0.19599374668563685,0.31884931280785933,0.35387890633738484,0.0,79.02799944577058,0.0,0.0,0.0,WILDFIRE_FOREST
393.4781931873685,310.31442095396466,83.16377223340385,131.23529313878745,4.884582859554958,1351.0580901364317,0.2576107778097253,0.0,1.0,1,0.3545425743174381,1.138661777902453,0.2464363366824167,0.0,1.6373234307262883,1.0,4.2233004782000885,1.0,INDUSTRIAL_ACCIDENTAL_FIRE
349.4921625672668,295.55270266946997,53.93945989779684,46.67177322945362,3.8643394665415536,1070.9290138747883,0.11287891979559368,0.0,0.9,17,0.8784809119114777,1.088413559445689,0.6618252755361089,1.0,0.1510366522509029,1.0,0.4127722339661055,0.0,INDUSTRIAL_PERSISTENT_SOURCE
324.04448912679965,298.39364601873876,25.650843108060883,16.31211543182608,2.8514065703767124,631.0545216945756,0.07212710777015222,0.0,0.8,2,0.08900303856250634,0.0,0.2265575177102491,0.0,12.662005079599563,0.0,0.0,0.0,AGRICULTURAL_BURNING
329.7860498436165,297.07901841814464,32.70703142547188,2.6647086381444383,1.298748833718537,631.134431050514,0.0897675785636797,0.0,0.4,2,0.09222056445994296,0.0,0.302096299234673,0.0,43.77649025538904,0.0,0.0,0.0,AGRICULTURAL_BURNING
376.8994811915616,311.35721711155486,65.54226408000676,313.82762370582964,5.7520252627119595,1227.2848035316995,0.20726361165716217,1.0,1.0,1,0.28495561119609747,1.39248549452019,0.43433270945321767,0.0,0.28625223548711215,1.0,3.561465226090448,1.0,INDUSTRIAL_ACCIDENTAL_FIRE
349.2930438092888,287.66645813268985,61.62658567659895,18.005521495736442,2.9447295419877353,947.3253727586189,0.22542195225532982,0.0,0.65,1,0.1488873678314567,0.2747240262366434,0.30108943635404894,0.0,29.80025427780365,0.0,0.0,0.0,WILDFIRE_FOREST
335.92381048346977,305.8852723155615,30.038538167908257,14.81935548244428,2.7612342208297025,620.2661013407658,0.08309634541977065,0.0,0.4,1,0.0901611858883016,0.0,0.1683143615547227,0.0,5.421893960938381,0.0,0.0,0.0,AGRICULTURAL_BURNING
357.5707930707859,299.54110691638004,58.02968615440585,18.776932309456747,2.9845162236438725,980.0439885841205,0.21343228718135282,0.0,0.65,1,0.19292006933803824,0.13654785615561787,0.3362186014170142,0.0,51.659296184021706,0.0,0.0,0.0,WILDFIRE_FOREST
366.6852823204232,304.8753402113643,61.80994210905891,165.3975314953959,5.114379693513826,1206.8748883086507,0.19659983459731115,0.0,0.85,1,0.5322203640377522,0.8493443619502012,0.16497634671543504,0.0,1.6724436005022478,1.0,5.879316458264389,1.0,INDUSTRIAL_ACCIDENTAL_FIRE
324.0587890607803,288.82131464939965,35.237474411380674,13.688578133435469,2.687070194040024,677.3376949039318,0.1156784983182305,1.0,1.0,26,0.9364766300124647,1.3311716776588896,0.7019084678891525,1.0,3.1207329407701137,0.0,0.4044686163860741,0.0,MINING_COAL_FIRE
330.81827281391634,293.3238486671401,37.494424146776225,19.745503614002352,3.03232952989423,659.4634591970577,0.10173606036694055,0.0,0.4,1,0.1714591651011853,0.0,0.32118090493771134,0.0,26.093330198066774,0.0,0.0,0.0,AGRICULTURAL_BURNING
352.10701822657427,286.3619916803883,65.74502654618595,39.442464860562225,3.699880343347309,1004.6469061925086,0.2391500884872865,1.0,0.65,3,0.11108559964953962,0.1811458047924882,0.23245585846401165,0.0,56.56006583552169,0.0,0.0,0.0,WILDFIRE_FOREST
342.28350296193145,300.32929294002736,41.95421002190409,37.647561979824445,3.6544836936085083,865.5066497988378,0.15984736673968028,0.0,1.0,2,0.2384538512962607,0.4154631809569701,0.36224368474473057,0.0,33.877498908843215,0.0,0.0,0.0,WILDFIRE_FOREST
333.67481478893126,294.0620527056938,39.61276208323744,3.031359156852391,1.3941035788641623,686.9524540497147,0.10703190520809361,0.0,0.65,2,0.1253665908480028,0.0,0.25906659597745785,0.0,25.706960743954493,0.0,0.0,0.0,AGRICULTURAL_BURNING
336.0097421062675,286.15135607532824,49.85838603093924,121.24422218755332,4.806020864968582,910.9620948751306,0.18619462010313081,0.0,0.65,3,0.24209391625264629,0.3963254225164373,0.324419790911042,0.0,62.30847791588911,0.0,0.0,0.0,WILDFIRE_FOREST
365.7429463272845,301.48346637827905,64.25947994900548,163.41303122546705,5.102381744842469,1238.0383342084228,0.20359851414001565,1.0,0.85,2,0.317221263559052,1.0698874950809196,0.27734002679890096,0.0,0.7638068148877402,1.0,3.728512756688848,1.0,INDUSTRIAL_ACCIDENTAL_FIRE
346.38155995114755,289.14229334079397,57.23926661035358,55.32632583867135,4.031162025121097,895.0060970681504,0.21079755536784525,0.0,0.65,1,0.117387803278772,0.28508182635486823,0.4261410451305635,0.0,14.219011281241407,0.0,0.0,0.0,WILDFIRE_FOREST
339.98271287232063,296.3236475073811,43.65906536493952,37.955198791664216,3.662412236880164,1026.4082451079348,0.09231813072987904,1.0,0.9,14,0.8878243007864729,1.3489659213698468,0.7145255686355279,1.0,0.429929581843553,1.0,-0.5063967364920072,0.0,INDUSTRIAL_PERSISTENT_SOURCE
357.4800462008842,291.65992953528706,65.82011666559714,13.125798705748497,2.6480028209735824,1128.7317500540225,0.1366402333311943,1.0,1.0,40,0.8596018708632378,1.7699599988064967,0.7830317308508132,1.0,2.127480616026536,1.0,0.5802462353640159,0.0,INDUSTRIAL_PERSISTENT_SOURCE
373.04190922468626,306.73808470988786,66.30382451479841,178.00065375931484,5.1873894581207605,1236.9245653526114,0.20943949861370972,0.0,0.95,1,0.36806326456765837,1.1960436339765923,0.4448785592846072,0.0,0.7664703913346708,1.0,7.257730542722136,1.0,INDUSTRIAL_ACCIDENTAL_FIRE
385.9021149609245,306.8051998549184,79.09691510600612,128.173757788892,4.861158457629173,1358.1476008324946,0.24599118601716033,1.0,1.0,4,0.3589730158577894,1.4933535994004714,0.24441618691899927,1.0,1.5855760236723426,1.0,5.37546785126601,1.0,INDUSTRIAL_ACCIDENTAL_FIRE
335.65246456566877,298.50673651010806,37.14572805556071,2.9112165384102027,1.3638484607480474,669.44551331342,0.10086432013890179,0.0,0.8,2,0.0631368546989027,0.0,0.10655541316233363,0.0,47.82174528132968,0.0,0.0,0.0,AGRICULTURAL_BURNING
341.1407865773731,291.1689437540729,49.971842823300165,57.00760218919942,4.060574074184782,1052.81338568476,0.10494368564660034,1.0,0.75,11,0.7900742817046456,1.6957866166463869,0.7916350232699723,1.0,1.3992359359541648,1.0,0.5480027421397071,0.0,INDUSTRIAL_PERSISTENT_SOURCE
338.03365570057315,296.5908068808517,41.44284881972146,16.670640068548074,2.87190450913611,700.2692292371445,0.13340813948491848,0.0,0.7,13,0.7786256784181265,1.1561157398796555,0.6390912872054711,1.0,0.14398543373621037,1.0,0.33145082780307367,0.0,MINING_COAL_FIRE
324.1820922172853,295.5949297606981,28.58716245658718,33.58371117798159,3.543382796011397,834.4645681569341,0.11529054152195727,0.0,0.65,1,0.22904923202895425,0.15178415857088975,0.31344644556822254,0.0,53.618795413399134,0.0,0.0,0.0,WILDFIRE_FOREST
323.1621279099491,301.4555332912729,21.706594618676206,7.870033776475279,2.1826786042595905,603.1558536237762,0.062266486546690515,0.0,0.8,2,0.1272852053346115,0.0,0.24743624307041562,0.0,59.99292910507736,0.0,0.0,0.0,AGRICULTURAL_BURNING
356.72496233677606,300.5171820548728,56.20778028190324,43.039088583414014,3.7850776164408306,938.580116103735,0.20735926760634413,1.0,0.65,3,0.1554967590803623,0.258555162633066,0.4633275026578199,0.0,73.84249436122687,0.0,0.0,0.0,WILDFIRE_FOREST
330.25764830458223,288.0439918254617,42.213656479120516,12.472712174118922,2.6006663193835555,702.4275922779605,0.13561044708320147,0.0,0.85,17,0.750695812392998,0.8453722538513746,0.7117894791502783,1.0,1.4660698335533804,1.0,0.1495216100746649,0.0,MINING_COAL_FIRE
375.8421133720156,310.03712544736305,65.80498792465255,238.40285005964122,5.478147698064041,1216.7261306118437,0.208014251213293,1.0,0.85,4,0.35807268382030333,1.4660113779641644,0.16142206958347508,1.0,0.7619084016655162,1.0,7.04550066756584,1.0,INDUSTRIAL_ACCIDENTAL_FIRE
389.9206553156023,305.6275872056326,84.29306810996968,137.41532605418328,4.930258774438355,1343.3414566947959,0.26083733745705623,1.0,1.0,5,0.3720218746011015,1.347671830622061,0.35710227309249465,1.0,0.3391735882745556,1.0,5.0978198094245215,1.0,INDUSTRIAL_ACCIDENTAL_FIRE
360.2542387507017,290.54637747310704,69.70786127759465,23.108698578192655,3.1825727122290393,1173.4980298185103,0.1444157225551893,0.0,0.9,7,0.8395264506268851,1.1167902573349344,0.6889696413610432,1.0,2.125123920990779,1.0,0.09824682786050154,0.0,INDUSTRIAL_PERSISTENT_SOURCE
341.66431535700684,294.52964168049084,47.134673676516,12.371509515041755,2.593126287885256,736.3527007576465,0.14967049621861717,1.0,0.85,14,0.694568060823948,1.0167882633639973,0.5610240629870663,1.0,3.3336224964901557,0.0,-0.48339417699472714,0.0,MINING_COAL_FIRE
331.7504604448553,298.97815247768,32.77230796717532,18.451682540978638,2.967933572285942,652.2829185205997,0.10863516562050092,1.0,0.85,18,0.8776543965490706,0.748258428595454,0.7640581098113792,1.0,2.5796905426309227,1.0,-0.458260740695051,0.0,MINING_COAL_FIRE
329.5229837103288,299.811510847878,29.711472862450762,87.449639613762,4.4824333461346555,818.0156714808005,0.11903824287483587,0.0,0.65,3,0.07044548232711141,0.36937293837699436,0.38120539897255346,0.0,44.2511438023102,0.0,0.0,0.0,WILDFIRE_FOREST
336.2199932543092,295.24521169265927,40.974781561649934,19.500986111382826,3.020472987981735,1008.6363297775833,0.08694956312329988,0.0,0.75,24,0.9342443950282072,1.792517526353462,0.8811313408377011,1.0,1.9532927560423312,1.0,-0.5981046367279188,0.0,INDUSTRIAL_PERSISTENT_SOURCE
332.8552695761755,298.97150488138294,33.883764694792546,24.657513909991888,3.244836468678943,829.161839170554,0.13294588231597515,0.0,1.0,3,0.09701709872976567,0.41548539988373,0.22696348403019143,0.0,76.61371042625815,0.0,0.0,0.0,WILDFIRE_FOREST
319.7742739575785,306.50617457132927,13.268099386249219,22.184054098504667,3.1434647190169716,569.3621336377631,0.04117024846562305,0.0,0.4,1,0.04267944076960086,0.0,0.10961118003091846,0.0,32.798150958951695,0.0,0.0,0.0,AGRICULTURAL_BURNING
338.79281945037116,295.87566728265114,42.91715216772002,17.347662047162142,2.9095021575093813,679.7049609965871,0.13762043476491434,0.0,0.85,28,0.6545616531092988,1.3546337213202988,0.6510688555944318,1.0,2.56565396499202,1.0,0.14096324017317385,0.0,MINING_COAL_FIRE
321.99209316864255,300.08155681834063,21.910536350301925,20.17915662369831,3.0530175199138867,651.3192626617619,0.07760153242943407,0.0,0.7,6,0.6788430225432692,0.9994866298867793,0.8165480616593064,1.0,1.6961929510336111,1.0,0.019992975852349715,0.0,MINING_COAL_FIRE
343.23103631699445,294.08207514495626,49.148961172038184,29.14311073082836,3.4059563972564484,1071.7273202644637,0.10329792234407638,1.0,1.0,23,0.9853399726412966,1.1270904698373707,0.9245869821137822,1.0,2.165315031447001,1.0,-0.6891095285923172,0.0,INDUSTRIAL_PERSISTENT_SOURCE
320.5407955035904,296.17157635507425,24.36921914851615,19.56042497433775,3.0233681103314054,624.3827314020853,0.08462634042433186,0.0,0.85,19,0.872362820350522,0.803040159712109,0.8396640753681837,1.0,3.33546816809411,0.0,0.420204673347234,0.0,MINING_COAL_FIRE
355.5590563684434,300.5582877232765,55.000768645166886,38.83615854444432,3.6847750059902893,947.5330030029555,0.2033358954838896,1.0,0.65,1,0.11687401735983989,0.3203286127534274,0.34661185051748056,0.0,42.993763434346064,0.0,0.0,0.0,WILDFIRE_FOREST
329.0559337851953,296.31271883173196,32.74321495346334,33.111233777847914,3.529626766337773,968.1249047866713,0.07048642990692668,0.0,1.0,24,0.7045975281583344,1.1133633520567603,0.7841818904471366,1.0,1.6812313318651315,1.0,-0.14662195493650332,0.0,INDUSTRIAL_PERSISTENT_SOURCE
380.60509676932253,300.00026345875176,80.60483331057077,172.26525869986867,5.154823707495503,1369.642172462696,0.25029952374448794,0.0,0.95,2,0.3507228154565968,1.3052050869020255,0.19504146659393484,0.0,1.4068557632054872,1.0,6.945363197691688,1.0,INDUSTRIAL_ACCIDENTAL_FIRE
341.21529823720635,286.4851793187835,54.730118918422875,27.84345084273128,3.3618829599997198,911.036687368139,0.20243372972807624,0.0,0.85,2,0.23389650012085098,0.27323324679674704,0.4837213878206882,0.0,59.22576890017202,0.0,0.0,0.0,WILDFIRE_FOREST
328.048563664692,294.74375029380394,33.30481337088804,32.07363078919295,3.4987363119919928,969.360824972564,0.07160962674177608,0.0,1.0,39,0.9897701166935978,1.441643713769743,0.6693502276059685,1.0,1.8443622604539713,1.0,-0.2390898704798894,0.0,INDUSTRIAL_PERSISTENT_SOURCE
377.3361220163556,307.28707547620553,70.04904654015007,189.12198067804417,5.2476658697330105,1280.5665685255221,0.22014013297185733,0.0,1.0,2,0.19372325089994272,1.4655730619415022,0.17346417035518075,0.0,0.2568892211268048,1.0,4.743527692362808,1.0,INDUSTRIAL_ACCIDENTAL_FIRE
333.29686229763917,290.19226945134113,43.10459284629803,19.59630760227307,3.0251118171215556,704.3926383490233,0.13815597956085152,0.0,0.7,8,0.6070564837412629,1.3229720851307227,0.6902620786800607,1.0,1.533135807165184,1.0,-0.3829896774202798,0.0,MINING_COAL_FIRE
331.0918052970434,301.84835620477844,29.24344909226494,31.91505030118003,3.493930009133165,948.2566596838192,0.06348689818452988,0.0,0.75,22,0.712519384350253,0.9392948358417077,0.7209899394410026,1.0,1.522628920272325,1.0,-0.15977971798819768,0.0,INDUSTRIAL_PERSISTENT_SOURCE
340.9960688804927,292.226874712639,48.7691941678537,60.15653521925787,4.1134367283648565,1063.1619717520757,0.1025383883357074,0.0,1.0,31,0.7929633350646681,0.9481128413443364,0.783707537074024,1.0,1.5939232603545859,1.0,0.05422489283866816,0.0,INDUSTRIAL_PERSISTENT_SOURCE
326.9676076295564,294.57045954503735,32.397148084519074,100.79242064777797,4.622935647982923,831.6896204846037,0.12799049361506357,0.0,0.65,2,0.1719224555503918,0.16123110479186042,0.3789156255209688,0.0,30.522231560369576,0.0,0.0,0.0,WILDFIRE_FOREST
332.46977010540996,303.53822120830665,28.931548897103312,5.870542902702549,1.9272431282505895,640.0751089675449,0.08032887224275828,0.0,0.8,2,0.020160323299028858,0.0,0.3859156216604924,0.0,47.57018221003678,0.0,0.0,0.0,AGRICULTURAL_BURNING
324.85421078293706,291.05721310862,33.79699767431708,10.70490660300226,2.4600081216715917,682.5367342928861,0.11156285049804882,1.0,0.85,11,0.8809349271105578,0.968810520809029,0.7369776927078399,1.0,1.564522714596404,1.0,0.1409983526610884,0.0,MINING_COAL_FIRE
355.6806030133999,289.73003175246356,65.95057126093633,74.99471470038002,4.330663794452023,954.5921852317927,0.23983523753645442,0.0,0.85,2,0.10020051593317643,0.27381833492210994,0.3632761728052589,0.0,73.0565474009003,0.0,0.0,0.0,WILDFIRE_FOREST
344.7215849589635,290.5768366421665,54.144748316797006,38.43406638510515,3.674630071791083,1114.672671047309,0.11328949663359401,1.0,1.0,39,0.8146674530536152,1.4491607186129776,0.6961922389231487,1.0,0.6275958990077047,1.0,0.3356819211034425,0.0,INDUSTRIAL_PERSISTENT_SOURCE
380.378457323096,302.0722759592422,78.3061813638538,352.05266647627764,5.866617242621209,1328.2401540628487,0.24373194675386797,1.0,1.0,5,0.4754166107807425,1.1301384556366831,0.179618561292739,1.0,0.8714619734812017,1.0,3.62565886979278,1.0,INDUSTRIAL_ACCIDENTAL_FIRE
322.318656426919,291.52086849004365,30.797787936875352,20.14006212494013,3.0511699191766635,681.4302330145038,0.10299367981964386,1.0,0.85,29,0.6554083359843685,1.1684805185951568,0.8247862254915949,1.0,0.3272805473800986,1.0,-0.18816372325313302,0.0,MINING_COAL_FIRE
320.7150826283057,296.8562273277705,23.858855300535197,13.384412291692527,2.666145140534036,625.7845253555821,0.067647138251338,0.0,0.8,1,0.1713612603603706,0.0,0.22110209728720837,0.0,46.30681288456847,0.0,0.0,0.0,AGRICULTURAL_BURNING
334.01509431875724,294.7203467400698,39.29474757868746,13.612712560512845,2.6818918731774413,673.4680962155384,0.10623686894671866,0.0,0.4,1,0.10532700323854001,0.0,0.17912025608350976,0.0,8.918239338342946,0.0,0.0,0.0,AGRICULTURAL_BURNING
356.68109504422114,298.5020815252007,58.17901351902043,54.93975653334514,4.024275335482346,999.6761006299946,0.2139300450634014,1.0,1.0,3,0.07115003016776741,0.20522117500358644,0.3714054697120836,0.0,62.19351836876119,0.0,0.0,0.0,WILDFIRE_FOREST
318.50273939597463,304.3319256964737,14.170813699500911,20.927309823005956,3.087732883815524,588.0390948252949,0.04342703424875228,0.0,0.8,2,0.0469296906807139,0.0,0.21284953312932334,0.0,36.60117970130261,0.0,0.0,0.0,AGRICULTURAL_BURNING
366.6912648995278,310.1061132675707,56.5851516319571,140.76027798975397,4.954137447843519,1214.1611940264675,0.18167186180559172,1.0,0.85,5,0.6483184185369527,1.3299568414297191,0.23224769224652525,1.0,1.4725767659776359,1.0,6.414240851348399,1.0,INDUSTRIAL_ACCIDENTAL_FIRE
337.3333182374716,289.3588299532613,47.97448828421028,13.143609288872073,2.6492628817066217,712.3362391166825,0.1520699665263151,1.0,0.7,28,0.6561968322328616,1.3340882044996127,0.8285349510832756,1.0,2.6507887956626095,1.0,-0.42343477694397025,0.0,MINING_COAL_FIRE
323.5636243924561,290.31438388486976,33.249240507586364,9.153510585705318,2.317819516201218,702.8234024653301,0.10999783002167533,0.0,0.85,19,0.8970234392835708,0.9393230819434263,0.5820945422896169,1.0,0.36373428469125735,1.0,-0.41388864728514047,0.0,MINING_COAL_FIRE
366.60043990966693,304.36670079573724,62.23373911392969,178.4565093897862,5.189932891049888,1226.5513931827934,0.19781068318265624,1.0,0.85,2,0.2050316421005576,1.2540472697381708,0.19635087470815105,0.0,1.2308760287929685,1.0,5.768724520889591,1.0,INDUSTRIAL_ACCIDENTAL_FIRE
341.89906715838936,294.05510929890886,47.8439578594805,95.19011617492477,4.566326609928892,868.4308704180846,0.17947985953160164,0.0,0.65,1,0.1035667698407408,0.20147798278183227,0.25600517777429505,0.0,34.551185520432774,0.0,0.0,0.0,WILDFIRE_FOREST
346.06555841004473,293.9957932646164,52.069765145428335,38.91050194163968,3.686639495820434,1071.314521253841,0.10913953029085667,1.0,0.9,20,0.952494725782153,1.2259634425147365,0.8481409164093293,1.0,2.0990739057519234,1.0,0.5826035386704578,0.0,INDUSTRIAL_PERSISTENT_SOURCE
333.53119918190555,296.00550642114723,37.52569276075832,3.9728963202066283,1.604002430974473,686.3384517128849,0.10181423190189579,0.0,0.8,1,0.055046731395870116,0.0,0.19883603078726214,0.0,21.926472423541664,0.0,0.0,0.0,AGRICULTURAL_BURNING
359.3950787116846,294.2602188045621,65.13485990712252,24.27303481039327,3.229738009574796,1121.087914855164,0.13526971981424504,1.0,1.0,19,0.9519395968556102,1.7374298327673015,0.8282364399497564,1.0,2.119039888524918,1.0,0.7037524887383817,0.0,INDUSTRIAL_PERSISTENT_SOURCE
332.0502710704292,302.2913233090182,29.75894776141098,18.937967599417153,2.992625833532342,667.4399115620743,0.08239736940352746,0.0,0.8,2,0.036812453904152456,0.0,0.2183715095389716,0.0,46.179799941316446,0.0,0.0,0.0,AGRICULTURAL_BURNING
331.89019376984015,301.93799080292894,29.952202966911216,23.563993834256934,3.2012817054598317,611.9545427085424,0.08288050741727804,0.0,0.8,2,0.07591605981556848,0.0,0.29141446034410334,0.0,56.108690338372476,0.0,0.0,0.0,AGRICULTURAL_BURNING
376.3095850186053,306.4449828693931,69.8646021492122,335.5094237257517,5.81862615382118,1259.9405624194067,0.21961314899774914,1.0,0.85,5,0.34704507638725157,1.254078067350155,0.4147371214012209,1.0,0.18950137807774875,1.0,4.425536632483766,1.0,INDUSTRIAL_ACCIDENTAL_FIRE
321.5080075802183,293.41172194877197,28.096285631446335,7.921631374127102,2.1884788193458093,644.7832601644433,0.09527510180413239,1.0,0.7,26,0.7151903945131896,1.330625945764726,0.5924515902700795,1.0,0.6305652322881167,1.0,0.6914048981023013,0.0,MINING_COAL_FIRE
384.24705700054983,298.35797718725627,85.88907981329356,189.68746898334842,5.250635799819902,1376.0094009545928,0.2653973708951245,0.0,0.95,3,0.27426991046371296,1.1821464733163,0.42417182065952075,1.0,1.4289477337841303,1.0,6.601483720410915,1.0,INDUSTRIAL_ACCIDENTAL_FIRE
324.22613774205047,289.29597047546247,34.930167266588,10.010991856509719,2.39889403355346,679.3703626360698,0.11480047790453714,0.0,0.7,16,0.7566412684949784,1.3856251147938585,0.7533337536460719,1.0,1.5689501202949692,1.0,0.19141424216431369,0.0,MINING_COAL_FIRE
330.86861047890915,298.2750912999477,32.59351917896146,17.78002550655095,2.9327938319554963,978.697443076336,0.07018703835792292,0.0,0.9,18,0.8582674071360363,1.5018037964081037,0.7446249173776051,1.0,1.5629019925797683,1.0,-0.6370522045741163,0.0,INDUSTRIAL_PERSISTENT_SOURCE
389.02847884047196,307.48035679336175,81.54812204711021,185.76120269508962,5.2298308098715145,1348.07527508473,0.2529946344203149,1.0,0.95,1,0.37912644524575834,0.9446790519137218,0.19588639456239682,0.0,1.0533923229258833,1.0,7.224884601249668,1.0,INDUSTRIAL_ACCIDENTAL_FIRE
341.9136921475251,294.3672177147965,47.546474432728644,15.988431113415809,2.8325325896552633,732.5798459774943,0.1508470698077961,1.0,0.85,19,0.865361432834405,1.2080743644859993,0.7329480146327381,1.0,0.8471542989058289,1.0,-0.3571748788348189,0.0,MINING_COAL_FIRE
333.65888494093247,296.4328741373524,37.22601080358004,9.238327603721935,2.3261382863241766,660.9274076998956,0.10106502700895009,0.0,0.8,2,0.010790188717297708,0.0,0.11329967524068443,0.0,15.503289376758717,0.0,0.0,0.0,AGRICULTURAL_BURNING
326.76448668970625,288.84393235265037,37.920554337055876,26.176236155215374,3.302342920665072,846.3485433327523,0.14640184779018625,1.0,0.85,3,0.0962206519568066,0.3229351663072798,0.49174536868284774,0.0,14.32060791752505,0.0,0.0,0.0,WILDFIRE_FOREST
349.6360570265245,298.46518090728506,51.17087611923944,18.90493300932456,2.9909675909266253,916.4754060806196,0.19056958706413146,0.0,0.65,3,0.053666465893676116,0.3102948490530699,0.24808804214624863,0.0,21.12599937845411,0.0,0.0,0.0,WILDFIRE_FOREST
338.37868071848277,289.6710288075214,48.707651910961374,14.700270049996666,2.7536779128430635,718.5365798906148,0.15416471974560392,0.0,0.7,25,0.8954275570337822,0.9398638645837958,0.7484029215014423,1.0,1.0092554468713042,1.0,-0.4807555503359966,0.0,MINING_COAL_FIRE
356.7767008130907,292.20245705595056,64.57424375714015,68.66329489649999,4.243673563510618,938.9542201063134,0.23524747919046715,0.0,1.0,1,0.2136542558434424,0.3133927492809135,0.23317590318918643,0.0,42.921765362172756,0.0,0.0,0.0,WILDFIRE_FOREST
319.20983661088314,305.23208355846765,13.977753052415494,20.15174208250238,3.051722270067248,570.6629561598179,0.04294438263103874,0.0,0.65,1,0.11358056467954042,0.0,0.3012391559468704,0.0,28.40202773983488,0.0,0.0,0.0,AGRICULTURAL_BURNING
380.212472721808,306.9306262437415,73.28184647806654,213.21803836531984,5.366994367191205,1289.8719630323785,0.22937670422304726,0.0,0.95,2,0.3671807490706088,0.8164727460898692,0.25036800236389545,0.0,1.774055471408681,1.0,5.708228762092723,1.0,INDUSTRIAL_ACCIDENTAL_FIRE
350.75124128818493,294.15455582808994,56.59668546009499,33.94166617065392,3.5536799901932645,1097.5098963016098,0.11819337092018999,0.0,0.9,38,0.7832261718467475,1.171496017468034,0.7652057221894875,1.0,1.0461281788905143,1.0,-0.08750021079243986,0.0,INDUSTRIAL_PERSISTENT_SOURCE
333.32344876470614,293.70608926657854,39.6173594981276,14.336603573446926,2.730242361609927,704.5508579456163,0.128192455708936,0.0,1.0,23,0.8676225979997407,1.1410313044489473,0.6922189372463523,1.0,1.691153988794154,1.0,0.12016491903194693,0.0,MINING_COAL_FIRE
334.5931688733967,289.3487522999669,45.24441657342976,18.47805695181267,2.969288547439275,731.3780902003425,0.14426976163837074,0.0,1.0,12,0.6480934545818972,1.2639894297346972,0.5714835736268555,1.0,1.0230467791849824,1.0,-0.30950248397420466,0.0,MINING_COAL_FIRE
316.5636927099026,303.15561027721577,13.408082432686854,14.835501214708609,2.762254331823661,580.5120366945116,0.04152020608171714,0.0,0.4,1,0.1343923349084051,0.0,0.3938127458999364,0.0,44.201415113296235,0.0,0.0,0.0,AGRICULTURAL_BURNING
371.53674138880234,307.265684191596,64.27105719720635,140.6304679310815,4.953221327118902,1218.0598816396432,0.20363159199201813,1.0,0.85,4,0.31176520624274573,1.3820628331785565,0.4214391397285453,1.0,1.158995299589676,1.0,5.4159186139601205,1.0,INDUSTRIAL_ACCIDENTAL_FIRE
380.6755757490357,308.25180530058503,72.42377044845068,146.65202882274286,4.994858348852337,1271.5352038093035,0.2269250584241448,0.0,0.95,5,0.32731107882038823,1.2123759741296265,0.19704297599387077,1.0,0.05585613357521364,1.0,4.192648166143154,1.0,INDUSTRIAL_ACCIDENTAL_FIRE
342.13660312531607,287.0348096238802,55.10179350143585,52.84220888013802,3.9860577112433755,906.0218062272243,0.20367264500478616,1.0,0.65,2,0.17999724961535526,0.20890843767000253,0.3471074105495562,0.0,82.6954831401503,0.0,0.0,0.0,WILDFIRE_FOREST
320.12419991231485,289.74223818813357,30.38196172418128,18.928103728686114,2.9921309831192606,667.410769252169,0.10180560492623222,1.0,1.0,13,0.9274479460707767,1.1660919225102446,0.6042698116073099,1.0,1.0967643344851115,1.0,0.34867691768860254,0.0,MINING_COAL_FIRE
353.203399476894,289.37146217163036,63.83193730526364,109.91486530500788,4.708762927799118,958.3488034254394,0.23277312435087877,0.0,0.85,1,0.163586792180152,0.21514852114078908,0.4116302555283654,0.0,75.81530303045861,0.0,0.0,0.0,WILDFIRE_FOREST
337.9296002762879,290.4595089883846,47.4700912879033,67.58382392569074,4.2280567040934836,864.3992250470571,0.17823363762634434,0.0,0.85,2,0.1007940256637626,0.42527198364184704,0.3008108992482796,0.0,46.349528481356195,0.0,0.0,0.0,WILDFIRE_FOREST
383.10911601678123,299.0777125389095,84.03140347787172,344.8319820049105,5.845953055973429,1356.5732874531482,0.26008972422249066,0.0,1.0,4,0.29864539515366684,1.2539533740830817,0.19359070975013945,1.0,0.18227132424461723,1.0,5.615509559606793,1.0,INDUSTRIAL_ACCIDENTAL_FIRE
324.89544621608667,306.8483881772935,18.047058038793182,3.16063436248574,1.425667553629753,607.9769267117567,0.053117645096982954,0.0,0.65,2,0.10551529625949775,0.0,0.27049153137845106,0.0,37.800890798630114,0.0,0.0,0.0,AGRICULTURAL_BURNING
332.52560386471396,291.035595863049,41.49000800166493,32.63343484871036,3.5155206569835395,875.392986905124,0.15830002667221643,0.0,0.85,1,0.15484160393445165,0.21395189160226494,0.42965939946427967,0.0,58.63807621911264,0.0,0.0,0.0,WILDFIRE_FOREST
327.829947005884,289.30101807824923,38.52892892763475,15.186542406960644,2.7841801813831966,695.5346329087282,0.1250826540789564,0.0,0.85,19,0.8122328175009118,1.1093454617447662,0.6089352800117861,1.0,1.1208809744494042,1.0,0.6151056747598482,0.0,MINING_COAL_FIRE
358.7113031561231,289.47820277119416,69.23310038492895,60.150688090644934,4.113341114574287,1168.4458762491763,0.1434662007698579,0.0,0.9,27,0.7632992276466332,0.9804059120626801,0.781334443189886,1.0,0.5259312997482398,1.0,-0.7748443750276093,0.0,INDUSTRIAL_PERSISTENT_SOURCE
339.6879585030065,290.40895308581116,49.27900541719532,15.098422788848065,2.7787213037661016,734.8663432843194,0.15579715833484375,1.0,0.7,7,0.8011905093994917,1.2011120918521958,0.5652853257380991,1.0,0.23328509688059335,1.0,0.39295325417011806,0.0,MINING_COAL_FIRE
357.38298467161627,291.42176627161814,65.96121839999813,18.124001231937566,2.9509441551822593,987.6618637475074,0.23987072799999376,0.0,0.65,2,0.16437109512817016,0.2411303154382785,0.41261645112457535,0.0,40.97602595405745,0.0,0.0,0.0,WILDFIRE_FOREST
330.5071124141806,299.78381271462257,30.723299699558027,13.971195707415026,2.7061280688166307,665.3124999543963,0.10278085628445151,0.0,0.7,15,0.6729165001209876,1.1275730102660793,0.7867599270395753,1.0,0.10766014088394067,1.0,0.42523806924540886,0.0,MINING_COAL_FIRE
333.18253496949217,307.5088193378743,25.67371563161788,19.518131636163805,3.0213089652879765,632.5668859168413,0.0721842890790447,0.0,0.4,1,0.039588688932055895,0.0,0.349573652235852,0.0,29.148883810806673,0.0,0.0,0.0,AGRICULTURAL_BURNING
341.6633425683741,290.8035905742475,50.85975199412661,15.430632777121076,2.799147444826788,749.632850303153,0.16031357712607602,1.0,1.0,21,0.7049307118051886,1.3511181002533745,0.7696882798420261,1.0,2.528841550620917,1.0,-0.43087680921614,0.0,MINING_COAL_FIRE
377.48654176536047,300.35365379759014,77.13288796777033,221.25956221641889,5.403845898064293,1278.7530624850217,0.24037967990791523,0.0,1.0,2,0.28428108372682126,1.0283777426288028,0.20478418079687188,0.0,0.8811641892115595,1.0,3.587208118742306,1.0,INDUSTRIAL_ACCIDENTAL_FIRE
317.26079528134574,303.9989108885495,13.261884392796219,22.523071381193084,3.157981700439905,575.3522745106342,0.04115471098199055,0.0,0.4,1,0.019927358090056163,0.0,0.12984164497585046,0.0,33.49736523393857,0.0,0.0,0.0,AGRICULTURAL_BURNING
354.8476936605433,296.39911641113076,58.44857724941255,89.00736357716148,4.49989148450741,910.3460668986386,0.21482859083137515,0.0,1.0,3,0.09197749199012245,0.271346317179662,0.3368316198551638,0.0,57.6188871395838,0.0,0.0,0.0,WILDFIRE_FOREST
351.8597217149627,290.82054933611306,61.03917237884963,18.88627092055203,2.9900295901476723,966.1487212097801,0.22346390792949875,0.0,0.85,2,0.18089856067387564,0.12497845486128302,0.42816743465597684,0.0,14.736620851485132,0.0,0.0,0.0,WILDFIRE_FOREST
390.4432770504689,311.26026048060345,79.18301656986546,144.83426240521405,4.982470787887877,1317.0748153069692,0.2462371901996156,1.0,0.85,4,0.32520662500509867,0.8071991471549844,0.35061749063475056,1.0,1.5984964559680077,1.0,4.396920138804566,1.0,INDUSTRIAL_ACCIDENTAL_FIRE
328.09669905249575,300.4317753716211,27.664923680874665,12.853928761643314,2.62856885750861,613.1323313420097,0.07716230920218667,0.0,0.4,1,0.06488242221432267,0.0,0.1340967907198403,0.0,55.20170275707063,0.0,0.0,0.0,AGRICULTURAL_BURNING
336.7961722121316,293.20788251343316,43.58828969869842,29.489023025394445,3.4173667180267877,1049.7300879748138,0.09217657939739685,1.0,0.9,7,0.9719155361877916,1.76467167249422,0.8112620430921038,1.0,1.7513175127914604,1.0,0.34036326350938784,0.0,INDUSTRIAL_PERSISTENT_SOURCE
347.44451576360444,301.6119476451964,45.83256811840806,40.021793102927724,3.71410346458324,1032.1135073362434,0.09666513623681613,1.0,0.9,27,0.9550441811184487,1.1503292764040198,0.7473519947506841,1.0,0.287009488733648,1.0,0.1639898354657341,0.0,INDUSTRIAL_PERSISTENT_SOURCE
390.49926114441985,307.3663127226075,83.13294842181233,309.35780028096724,5.7377258263635875,1359.8288759351224,0.2575227097766067,1.0,0.95,3,0.4754867335754771,1.3644825320629876,0.2607339571589353,1.0,0.8590172317510627,1.0,3.092683597644862,1.0,INDUSTRIAL_ACCIDENTAL_FIRE
334.8201848214987,297.13063522212417,37.689549599374516,3.2633224274505954,1.450048768854615,675.4394068023897,0.1022238739984363,0.0,0.4,1,0.04408816031093248,0.0,0.21388793992381344,0.0,5.890156791254015,0.0,0.0,0.0,AGRICULTURAL_BURNING
341.62049145532836,296.3735556665208,45.24693578880755,43.85549295723592,3.8034460549683784,907.2165820559294,0.17082311929602514,0.0,1.0,1,0.2152093553834126,0.28364196949674436,0.42752255902738484,0.0,15.498537844789759,0.0,0.0,0.0,WILDFIRE_FOREST
324.8583130707341,298.2915258600418,26.56678721069227,20.81893197635919,3.082778032202361,650.9970174295751,0.09090510631626363,0.0,0.7,23,0.8112004504731685,1.104570036818671,0.7468744834411344,1.0,0.7298102306115841,1.0,0.292009862243499,0.0,MINING_COAL_FIRE
368.77224535419947,299.8580051534699,68.91424020072958,169.3876890342072,5.138076364333407,1285.2027680417334,0.21689782914494166,1.0,0.85,2,0.25092672606147415,1.3115806324096133,0.1546573456772609,0.0,0.3011991335689375,1.0,7.358586616704171,1.0,INDUSTRIAL_ACCIDENTAL_FIRE
320.678792190764,304.34725773649876,16.33153445426524,3.4746229940318725,1.498422101034113,573.329994495403,0.0488288361356631,0.0,0.4,1,0.11345887163885966,0.0,0.22697183244705596,0.0,25.290290534449106,0.0,0.0,0.0,AGRICULTURAL_BURNING
388.5525097171927,301.8317784074972,86.72073130969551,253.27532677061518,5.538417643617963,1400.0,0.26777351802770144,1.0,0.95,2,0.6225120322902844,0.9704997881052424,0.20711650818007002,0.0,1.6456826002006604,1.0,4.358599190806819,1.0,INDUSTRIAL_ACCIDENTAL_FIRE
349.6679707099742,295.99807682946533,53.66989388050888,61.91663054376083,4.141810525321959,894.28862807393,0.19889964626836293,0.0,0.85,1,0.1900491965797201,0.32454960344778494,0.44546360041113897,0.0,75.56916100862011,0.0,0.0,0.0,WILDFIRE_FOREST
326.42874733176245,305.1987973601753,21.229949971587132,23.25077987731033,3.1884487767554597,576.7642125668939,0.06107487492896783,0.0,0.4,2,0.1604352877260389,0.0,0.19607759935389485,0.0,40.75930498732185,0.0,0.0,0.0,AGRICULTURAL_BURNING
368.56453748804216,299.6453674548795,68.91917003316269,123.76677801928517,4.826446218728799,1225.9994474276973,0.2169119143804648,0.0,0.85,1,0.4905197135484545,0.858023925185348,0.28492954245402324,0.0,1.1861180287031112,1.0,4.681047596498517,1.0,INDUSTRIAL_ACCIDENTAL_FIRE
330.343547856578,295.25324776185556,35.090300094722465,29.678657668796625,3.423567222895095,987.7457463956823,0.07518060018944493,0.0,0.75,18,0.8579923147300685,1.1440280280425292,0.8780984664212412,1.0,0.49979634398305395,1.0,-0.2205440325235708,0.0,INDUSTRIAL_PERSISTENT_SOURCE
333.06406242844224,302.6395950599754,30.42446736846682,20.31967852776571,3.059630520748959,626.5096499645318,0.08406116842116707,0.0,0.4,1,0.13033708451047124,0.0,0.36402301266515336,0.0,53.95040010817318,0.0,0.0,0.0,AGRICULTURAL_BURNING
353.18651548346287,299.7628076884812,53.42370779498168,12.766642566688262,2.6222484606935867,1082.3426950068522,0.11184741558996336,0.0,0.9,38,0.7593062582209108,1.5729690833348497,0.7823348492295001,1.0,1.683961714642887,1.0,0.1396908699673498,0.0,INDUSTRIAL_PERSISTENT_SOURCE
380.93882055052796,307.4841329971961,73.45468755333184,210.73559204551754,5.35533828892919,1277.4642563524837,0.2298705358666624,1.0,0.95,4,0.3719519161599558,1.178207572253215,0.3956330681815785,1.0,0.799801331735392,1.0,5.892858424147738,1.0,INDUSTRIAL_ACCIDENTAL_FIRE
373.0687683747941,303.6976067348797,69.37116163991442,388.14031308628165,5.963939980602401,1257.6409253491415,0.21820331897118406,1.0,0.85,2,0.33092654660256937,1.1153257111604729,0.26553997113342853,0.0,1.610090027341137,1.0,3.0145491038612033,1.0,INDUSTRIAL_ACCIDENTAL_FIRE
338.6098366836165,299.2329165408911,39.376920142725396,13.033154334172973,2.6414226966542906,694.2769019816806,0.12750548612207258,1.0,0.85,13,0.674269039430741,1.3660797045715873,0.6760706389575922,1.0,2.6689403905383826,1.0,0.045242007565960196,0.0,MINING_COAL_FIRE
338.99450442536596,291.3335730304722,47.66093139489374,15.511371271988246,2.804049311538608,735.7846439737898,0.15117408969969637,1.0,0.85,12,0.6069974401760172,0.7020860915476316,0.625966992254017,1.0,2.041135316121268,1.0,0.2128646517663786,0.0,MINING_COAL_FIRE
346.67512877384706,299.2254125014293,47.44971627241779,14.749679031842962,2.756819986133383,1044.45456711531,0.09989943254483558,1.0,0.9,31,0.8466846745517755,1.6104413930432195,0.8670184066564786,1.0,1.728964322827104,1.0,0.6572303135855537,0.0,INDUSTRIAL_PERSISTENT_SOURCE
378.91945094500664,299.66192733712757,79.25752360787908,175.90298976072717,5.1756015018749695,1343.2857620899326,0.24645006745108308,1.0,1.0,5,0.2631376254082999,1.1726043131660182,0.13614275310626694,1.0,1.7659943973562662,1.0,6.482450379972706,1.0,INDUSTRIAL_ACCIDENTAL_FIRE
320.7809208755754,304.90497471553704,15.875946160038382,7.584405697339216,2.1499472662501677,595.5529851797296,0.047689865400095954,0.0,0.4,2,0.025233200266711598,0.0,0.10346688430425569,0.0,45.58581656133675,0.0,0.0,0.0,AGRICULTURAL_BURNING
375.67913097465186,298.2213847472615,77.45774622739037,121.9466235613533,4.811750306401045,1347.0460137425653,0.24130784636397248,1.0,0.95,2,0.18126314787142286,1.0605402742776535,0.21656220513188942,0.0,0.18500404494426825,1.0,6.243847331494976,1.0,INDUSTRIAL_ACCIDENTAL_FIRE
348.85913891038547,293.33935236255644,55.51978654782903,21.433969319151565,3.110576297617192,901.2418573445925,0.20506595515943007,1.0,0.85,3,0.11561360110446513,0.13295939438653304,0.28019886450880305,0.0,25.93926669790733,0.0,0.0,0.0,WILDFIRE_FOREST
334.1723189806247,302.53224523319733,31.64007374742738,20.320545323102362,3.0596711769772096,653.5097818786938,0.08710018436856845,0.0,0.8,2,0.15386182803454185,0.0,0.15083997555835887,0.0,10.823346181059122,0.0,0.0,0.0,AGRICULTURAL_BURNING
335.7097929916175,301.9723558037839,33.73743718783362,30.306440058643837,3.4438238290542564,977.8601512773062,0.07247487437566724,1.0,1.0,11,0.7948319628638696,1.4705005156491977,0.6715720151949337,1.0,2.0003340338454816,1.0,-0.24961957645304866,0.0,INDUSTRIAL_PERSISTENT_SOURCE
324.644107774656,293.4454655869946,31.19864218766139,61.641381146968584,4.137426100401296,808.728343257357,0.12399547395887131,0.0,0.65,3,0.023123765216717038,0.3052274494630334,0.22318804794513977,0.0,46.50760360044911,0.0,0.0,0.0,WILDFIRE_FOREST
339.04316312293224,292.40084513374467,46.642317989187575,39.833016848430226,3.7094909906359472,1058.4393060902112,0.09828463597837515,0.0,0.75,44,0.8306111317813123,1.7154981725823342,0.9005070765115082,1.0,0.09285122845702963,1.0,0.14222070999550773,0.0,INDUSTRIAL_PERSISTENT_SOURCE
328.6436305082859,294.49597783751955,34.14765267076638,5.0,1.791759469228055,677.7436576641181,0.11256472191647536,0.0,1.0,5,0.8489225062569079,0.75741835739892,0.7080295513272736,1.0,1.8969515819431855,1.0,0.0376026795665354,0.0,MINING_COAL_FIRE
323.7920548601815,304.7340402590334,19.058014601148102,16.94475590556024,2.887297922142067,615.4747717002828,0.055645036502870254,0.0,0.8,1,0.012376734612717013,0.0,0.25401702205845433,0.0,32.185692127266705,0.0,0.0,0.0,AGRICULTURAL_BURNING
314.0380881365571,302.3106629560392,11.727425180517912,7.164063373922018,2.099742007524282,562.2502621245185,0.03731856295129478,0.0,0.8,1,0.03993139612640179,0.0,0.37100435510981744,0.0,53.51470133793626,0.0,0.0,0.0,AGRICULTURAL_BURNING
340.583035522379,288.2750758351597,52.307959687219295,50.49057178713511,3.9413987188154853,1099.8523644363624,0.1096159193744386,1.0,0.9,13,0.8758588352557021,1.7530532098622997,0.7601398505930795,1.0,0.29821854599830216,1.0,1.0769364247316249,0.0,INDUSTRIAL_PERSISTENT_SOURCE
331.71439711373347,290.4553034321622,41.259093681571244,26.503118009591656,3.3142993804122227,870.6922962498348,0.15753031227190414,1.0,1.0,3,0.07118184997474374,0.118168909384172,0.4511843821097175,0.0,68.10328108183336,0.0,0.0,0.0,WILDFIRE_FOREST
346.16323203857826,300.06629523267225,46.09693680590601,95.65869746753387,4.571186190923018,877.9979369125814,0.17365645601968668,1.0,0.85,2,0.10871484393503461,0.1722796077254244,0.4909462355723121,0.0,21.380790430588306,0.0,0.0,0.0,WILDFIRE_FOREST
336.5744793283434,300.63836701356786,35.93611231477553,14.248549846614562,2.7244844065066127,684.5619717306628,0.11767460661364436,1.0,0.85,17,0.8027188146926947,1.1573787873129924,0.6979326544744734,1.0,2.208975832260934,1.0,0.5399617278484607,0.0,MINING_COAL_FIRE
329.8452203032387,296.9494579853571,32.89576231788158,34.86604756716316,3.5797910977720253,962.5490383331205,0.07079152463576316,0.0,0.75,25,0.918641928488013,1.4772539238509848,0.8810393875786757,1.0,0.2093611394098785,1.0,0.13560482407467833,0.0,INDUSTRIAL_PERSISTENT_SOURCE
347.03305455411197,295.8017312175359,51.231323336576054,38.466344854126696,3.6754482797145993,1073.2275238869809,0.10746264667315211,0.0,0.9,13,0.7951939758904277,0.944878118844761,0.8310212636660738,1.0,1.3513952796252717,1.0,0.9400498510403312,0.0,INDUSTRIAL_PERSISTENT_SOURCE
326.2858313591525,292.37930241899625,33.90652894015625,15.37438358180329,2.7957181369534267,688.8126289034714,0.111875796971875,1.0,0.85,21,0.8508793102563833,0.9834504539582991,0.6307829450532255,1.0,1.2856559859209709,1.0,0.7503990258848847,0.0,MINING_COAL_FIRE
332.4016951165967,288.7372767562304,43.66441836036631,15.302551289705962,2.7913216164054644,710.6498278093342,0.13975548102961804,1.0,0.7,17,0.8079044453178293,0.8193394047272498,0.5624605812868397,1.0,2.3575553303478536,1.0,0.2597739033828267,0.0,MINING_COAL_FIRE
331.99595753245364,287.06501619258086,44.93094133987279,36.933640002352135,3.635838317411973,881.4343783308761,0.16976980446624262,0.0,0.85,3,0.17538796968004877,0.3663887059698403,0.3447615222400018,0.0,51.580920376509994,0.0,0.0,0.0,WILDFIRE_FOREST
353.03351655863634,296.5700929267962,56.46342363184016,48.824455981949285,3.9085059474632198,1119.5491480214284,0.11792684726368032,0.0,0.75,9,0.8729776274877462,1.3988903382752897,0.748623796504882,1.0,0.1655155555746501,1.0,-0.6407097419304684,0.0,INDUSTRIAL_PERSISTENT_SOURCE
350.03772387053726,294.0683662447752,55.969357625762086,47.56602087135069,3.8829241273550887,935.96073292988,0.20656452541920695,0.0,1.0,1,0.198896792992101,0.11408640596587143,0.2707760331420151,0.0,37.91967172003655,0.0,0.0,0.0,WILDFIRE_FOREST
382.9183424676629,311.80759794213543,71.11074452552748,125.73972701364846,4.842135589984644,1277.4977724956725,0.22317355578722137,1.0,0.95,2,0.5299777044687928,0.8256782420234186,0.18835293052040725,0.0,0.989033630477832,1.0,6.186425488539885,1.0,INDUSTRIAL_ACCIDENTAL_FIRE
334.3871533649515,298.01866533669295,36.368488028258525,14.437621942978968,2.736807513497336,647.197297934714,0.09892122007064633,0.0,0.65,1,0.16822569738161014,0.0,0.21952102447814156,0.0,58.21795563261377,0.0,0.0,0.0,AGRICULTURAL_BURNING
322.5917801036423,293.9097498580013,28.682030245640988,11.249101954666735,2.505452624480316,611.0375423695009,0.07970507561410248,0.0,0.65,2,0.10540496102680778,0.0,0.3085215855803548,0.0,12.63065529103596,0.0,0.0,0.0,AGRICULTURAL_BURNING
342.4628727283123,299.37707329127653,43.085799437035746,34.77053918417088,3.5771246267992236,904.0494905530185,0.1636193314567858,0.0,1.0,2,0.19980154752751314,0.1269611999944399,0.20854514316478145,0.0,78.70712693814392,0.0,0.0,0.0,WILDFIRE_FOREST
339.275781770992,288.01254450396635,51.26323726702566,26.051931137939313,3.297758394165291,734.7346340348996,0.16146639219150188,1.0,1.0,23,0.9043341291610654,1.3095876751070683,0.5559966996834671,1.0,3.418340253827447,0.0,0.0023933382007458315,0.0,MINING_COAL_FIRE
330.7314534633626,299.85249580340195,30.878957659960633,55.227144495205266,4.029399638428917,929.2620186755141,0.06675791531992127,0.0,1.0,19,0.9771302001365932,0.953662971948542,0.8937368532256713,1.0,0.9416141340523593,1.0,-0.40054343977752693,0.0,INDUSTRIAL_PERSISTENT_SOURCE
322.828658138727,296.19331178660934,26.635346352117665,88.45563942335008,4.493742853505173,793.0678197743589,0.10878448784039223,1.0,0.65,1,0.10671836238237814,0.38984381714991534,0.3915575138574994,0.0,52.00164916595675,0.0,0.0,0.0,WILDFIRE_FOREST
323.2968082528765,300.29706219684897,22.999746056027504,20.025676901326783,3.045744400409812,634.2109561008109,0.08071356016007858,1.0,1.0,10,0.9399101191600969,0.8075896386285182,0.5784497841457626,1.0,1.8254128058555856,1.0,0.09144756367607154,0.0,MINING_COAL_FIRE
375.9093607675835,299.3803192233871,76.52904154419639,122.78655000583998,4.818558711423062,1294.608805217046,0.23865440441198968,1.0,0.95,3,0.2977339623133797,0.9038522361026617,0.16023011135841925,1.0,0.2538362369283399,1.0,5.988441861864162,1.0,INDUSTRIAL_ACCIDENTAL_FIRE
339.83176108868344,293.9085468127738,45.92321427590963,13.90615376432049,2.701774132005417,697.179370740999,0.1462091836454561,1.0,1.0,18,0.8395194419886494,1.2511860399016312,0.8131035876828561,1.0,0.770016015750675,1.0,0.7407015815106532,0.0,MINING_COAL_FIRE
329.0518349043118,297.47564784955733,31.576187054754485,19.30895366658155,3.011061856125432,760.538863661769,0.1252539568491816,0.0,0.85,3,0.11303046152504337,0.3508497633606743,0.23306987261636983,0.0,41.57420335359078,0.0,0.0,0.0,WILDFIRE_FOREST
321.29421696610643,299.70463354104106,21.58958342506537,5.5345487317284885,1.8771032906334644,603.3144743522481,0.061973958562663425,0.0,0.65,2,0.11680984884186393,0.0,0.14072325533555158,0.0,59.18194230218683,0.0,0.0,0.0,AGRICULTURAL_BURNING
343.8206873444512,290.38604351090044,53.43464383355075,31.80028564492038,3.4904372240387747,967.4749259060446,0.19811547944516916,0.0,1.0,1,0.21539506469744807,0.3145753084589502,0.21678966717860212,0.0,41.3659154140037,0.0,0.0,0.0,WILDFIRE_FOREST
340.70518883848536,295.940195507459,44.764993331026346,17.496757415274885,2.9175954418718413,698.2433030615139,0.14289998094578954,1.0,0.85,16,0.8007516307132057,0.70762683111774,0.8110339123326595,1.0,2.1785435796400403,1.0,0.7923681958847044,0.0,MINING_COAL_FIRE
351.1392726062643,300.8826237512139,50.2566488550504,18.922008922211788,2.991825096580106,1102.864954770148,0.1055132977101008,0.0,0.75,8,0.776127984240118,1.6210476604576427,0.7631536375352731,1.0,1.3909434548210056,1.0,-0.33804137894387276,0.0,INDUSTRIAL_PERSISTENT_SOURCE
356.62882341420834,292.70362698096045,63.92519643324789,19.22663464887777,3.007000282861617,1127.723253265866,0.13285039286649578,1.0,1.0,24,0.8753376869165143,1.2558208597752447,0.8804620303422472,1.0,1.848375863483814,1.0,-0.7632885512417165,0.0,INDUSTRIAL_PERSISTENT_SOURCE
323.71705490422903,292.2428646691389,31.474190235090134,12.34308824849927,2.590998516580822,701.917388922662,0.10492625781454323,1.0,1.0,8,0.9459705007618443,0.7892979830508019,0.6806835573466672,1.0,1.1303589442831945,1.0,-0.030600614293077866,0.0,MINING_COAL_FIRE
348.05436941095167,291.00924556686977,57.0451238440819,39.790762799099035,3.7084556537944513,1119.0600986352633,0.1190902476881638,1.0,0.9,13,0.9767764378510091,1.2360407035831562,0.9206366714736163,1.0,0.6463801264362758,1.0,0.5982124107993956,0.0,INDUSTRIAL_PERSISTENT_SOURCE
334.3405231407537,298.5219773886991,35.818545752054604,28.171463611776147,3.373190957861764,839.3980814249294,0.13939515250684867,0.0,0.85,2,0.1428100057950348,0.3951663242121781,0.41540186303229437,0.0,67.61178361171153,0.0,0.0,0.0,WILDFIRE_FOREST
321.7166306142825,295.48739938443833,26.229231229844174,20.579687192198506,3.0717524644607286,646.654908306341,0.08994066065669765,0.0,0.7,16,0.6893114052623128,0.731064605292892,0.7678974994401906,1.0,2.4836820270807376,1.0,-0.4068522726213381,0.0,MINING_COAL_FIRE
317.34203609197033,293.60165970643584,23.74037638553449,14.9083046862183,2.7668412801805276,631.9429587546583,0.06735094096383623,0.0,0.8,1,0.07322265839773999,0.0,0.2530576776740818,0.0,35.43690074077141,0.0,0.0,0.0,AGRICULTURAL_BURNING
334.2046500466716,290.4078043359573,43.79684571071431,23.599699865362044,3.2027342422688503,704.5072846737006,0.14013384488775515,1.0,0.85,13,0.6101703741597582,1.3117295572510144,0.7747966514749705,1.0,0.8008723219153497,1.0,0.11244562635391375,0.0,MINING_COAL_FIRE
329.6540705352665,290.0135731206733,39.6404974145932,19.09845764244337,3.0006430779140127,795.1960041142275,0.1521349913819773,1.0,0.85,3,0.1175977721531434,0.27598589719323385,0.28070417937332476,0.0,17.29661540632913,0.0,0.0,0.0,WILDFIRE_FOREST
323.2385023263478,303.20319356628323,20.035308760064595,19.52529669884402,3.021658110719714,609.8624052084609,0.05808827190016149,0.0,0.8,2,0.179855426352372,0.0,0.2854456870778672,0.0,39.17861582407276,0.0,0.0,0.0,AGRICULTURAL_BURNING
373.1912185798342,300.48069501415665,72.71052356567753,187.77883882875307,5.240576164954866,1298.9720619603524,0.22774435304479293,0.0,0.95,3,0.5285240573493127,1.3019843979305354,0.39964637465481023,1.0,0.5649667891149501,1.0,2.8323264224323514,1.0,INDUSTRIAL_ACCIDENTAL_FIRE
344.8859372212431,290.1625172372707,54.723419983972406,38.46010547553837,3.6752901735644996,1073.8012234936,0.11444683996794482,0.0,0.9,19,0.7360601420582991,1.4598265313268084,0.8017226895066333,1.0,2.026193763989249,1.0,-0.6710186390883075,0.0,INDUSTRIAL_PERSISTENT_SOURCE
341.5477161233685,289.4344489612541,52.113267162114425,15.564627676013403,2.8072695589531307,735.9701091173999,0.16389504903461266,0.0,0.85,7,0.7500366405342265,1.022050395938714,0.6295869633246753,1.0,0.4458427097347387,1.0,-0.49973818242539647,0.0,MINING_COAL_FIRE
315.3350488978131,299.7718826900074,15.56316620780575,3.7338522040524507,1.5547392905056705,567.7133832888074,0.04690791551951438,0.0,0.8,1,0.015674719566884505,0.0,0.22867711232204785,0.0,26.168370348637332,0.0,0.0,0.0,AGRICULTURAL_BURNING
359.48884953093966,299.89512238683807,59.59372714410159,35.796094981302936,3.6053917249058216,1117.1897158369948,0.12418745428820319,1.0,1.0,14,0.7034118773664293,1.091754495915782,0.7313188970421092,1.0,2.0309096319882185,1.0,0.2027929571906486,0.0,INDUSTRIAL_PERSISTENT_SOURCE
316.69160175272407,295.2520076874504,21.439594065273695,9.834129723357758,2.382701310890971,633.4908637425677,0.06159898516318424,0.0,0.4,1,0.12339026055574698,0.0,0.18709618118006988,0.0,8.200877357165787,0.0,0.0,0.0,AGRICULTURAL_BURNING
322.8374897393701,286.6042188724941,36.23327086687601,38.52634763681951,3.676967478322497,841.303422196351,0.14077756955625337,1.0,1.0,1,0.17170727022352744,0.3693600529531563,0.4886226134111669,0.0,72.38014268635209,0.0,0.0,0.0,WILDFIRE_FOREST
375.8142351542466,307.39779155320787,68.41644360103874,207.04953198967303,5.337776185917519,1279.9585925128924,0.21547555314582495,0.0,1.0,2,0.16501066607453593,0.9183432449078014,0.22313175224362336,0.0,0.52362689846809,1.0,5.171709415656169,1.0,INDUSTRIAL_ACCIDENTAL_FIRE
385.910724980129,303.0817597656542,82.82896521447475,192.26290392765856,5.264051458473271,1368.2772306011364,0.2566541863270707,0.0,1.0,4,0.20629523326459723,0.974154252117424,0.4297203768210084,1.0,1.5887392232747617,1.0,6.965987701212666,1.0,INDUSTRIAL_ACCIDENTAL_FIRE
353.6720541037502,298.0849021499046,55.58715195384559,24.410876021604253,3.235177272204327,1111.9015907676796,0.11617430390769119,1.0,0.75,43,0.8194644990975565,1.66546048677936,0.9133541933049693,1.0,1.17801828206672,1.0,-0.7030715350483554,0.0,INDUSTRIAL_PERSISTENT_SOURCE
338.46666736463806,299.25491548865875,39.2117518759793,17.314160747789085,2.9076745719643227,738.4728678045786,0.1270335767885123,0.0,0.7,27,0.6226582181267682,1.0726077722382366,0.5759010068954808,1.0,1.8756853753986544,1.0,0.27582469901877227,0.0,MINING_COAL_FIRE
335.29915558254413,303.74790764332107,31.55124793922306,21.488911840279435,3.1130223806423554,646.1206663528826,0.08687811984805766,0.0,0.8,2,0.011779657463805448,0.0,0.3670469087720184,0.0,42.54966477544166,0.0,0.0,0.0,AGRICULTURAL_BURNING
322.69180151792153,287.92852158782773,34.7632799300938,88.7207406236102,4.496701964450864,867.5904160439378,0.13587759976697933,0.0,0.65,3,0.18292989665801213,0.3533983844506583,0.36950533067183317,0.0,48.21508876771592,0.0,0.0,0.0,WILDFIRE_FOREST
380.3490715368523,298.0748462519611,82.2742252848912,129.2499186720973,4.869455056234796,1379.0207873745358,0.25506921509968916,1.0,1.0,5,0.582216623434182,1.2051881176249148,0.2993195694602888,1.0,1.6922240517517522,1.0,5.530466785474443,1.0,INDUSTRIAL_ACCIDENTAL_FIRE
331.5339103014463,294.9069618912314,36.626948410214936,32.44473000835097,3.509894225831881,827.72912497024,0.1420898280340498,1.0,0.85,1,0.06702734564544237,0.36707121131706466,0.39930618579781607,0.0,27.18761702043231,0.0,0.0,0.0,WILDFIRE_FOREST
351.4271444066557,289.93684454477335,61.49029986188236,32.88918170290405,3.523095839647426,980.6278689216126,0.22496766620627454,1.0,0.65,2,0.06689201880296781,0.24737498936777183,0.2606863825617614,0.0,35.987227901048,0.0,0.0,0.0,WILDFIRE_FOREST
326.192013901458,294.8180491605754,31.37396474088257,22.469937423206538,3.1557203436133845,647.6890809091936,0.08643491185220642,0.0,0.4,1,0.03620652843630805,0.0,0.32032152535149583,0.0,15.121642557535415,0.0,0.0,0.0,AGRICULTURAL_BURNING
321.8178248295863,293.4277774086694,28.390047420916915,5.063765593364115,1.8023309921450592,633.9726472152511,0.07897511855229228,0.0,0.65,1,0.028257732027492523,0.0,0.11328862929909772,0.0,16.608073909676783,0.0,0.0,0.0,AGRICULTURAL_BURNING
380.2917274025509,309.55400551526054,70.73772188729038,137.75765118502704,4.932728894782058,1256.631409288011,0.22210777682082963,1.0,1.0,2,0.4502971666803086,1.2022111676224367,0.29830137675999646,0.0,0.5394811923250886,1.0,7.121142274107761,1.0,INDUSTRIAL_ACCIDENTAL_FIRE
330.59824422082056,297.89353417494453,32.70471004587603,20.31995096197645,3.0596432992000855,818.8120768273233,0.12901570015292008,0.0,1.0,2,0.0972601843745386,0.4208191986922927,0.2897390886893733,0.0,70.72094062480974,0.0,0.0,0.0,WILDFIRE_FOREST
371.9831402129091,299.2684900834595,72.71465012944964,356.6194709858044,5.879469490882511,1263.2680292282519,0.22775614322699894,1.0,1.0,4,0.40711721920680577,0.8092854728119067,0.42977061448969844,1.0,1.1321755163329028,1.0,3.0183169397839893,1.0,INDUSTRIAL_ACCIDENTAL_FIRE
324.69345519676426,299.262392785274,25.431062411490245,2.6397746568109337,1.2919217722627792,619.6660741002979,0.07157765602872562,0.0,0.4,2,0.09967940702468175,0.0,0.1893757582936319,0.0,48.782021794597036,0.0,0.0,0.0,AGRICULTURAL_BURNING
332.4499587108216,291.5334890189175,40.91646969190407,36.77360134162377,3.631610481440861,1034.3927223331398,0.08683293938380815,1.0,0.9,30,0.8733078253704135,1.7777200817555627,0.9397311331652861,1.0,2.0528586177522943,1.0,0.8003052967835012,0.0,INDUSTRIAL_PERSISTENT_SOURCE
322.67562809169823,297.67859147642037,24.997036615277864,17.516141674313875,2.918642874593299,659.48969021899,0.08642010461507961,0.0,1.0,29,0.7843309391389955,1.377723482820636,0.806416040923178,1.0,1.8687108514514703,1.0,0.5280098511443527,0.0,MINING_COAL_FIRE
371.7823721303169,309.44227437098533,62.34009775933157,136.5108682095081,4.9237029555067044,1225.2494423545056,0.1981145650266616,0.0,0.95,4,0.3750293197131126,0.9958221774383498,0.21619940298321783,1.0,1.6781972352963197,1.0,6.892235740649965,1.0,INDUSTRIAL_ACCIDENTAL_FIRE
328.86383269413994,295.71261636101855,33.1512163331214,19.78790807825829,3.0343714752708375,795.8692289740911,0.130504054443738,1.0,0.65,3,0.11800303541559785,0.13976082931589287,0.4604445311762566,0.0,21.954692731140618,0.0,0.0,0.0,WILDFIRE_FOREST
371.87515853642486,305.6562635222646,66.21889501416024,483.3032796124312,6.182711321247562,1253.2704919690818,0.20919684289760068,0.0,1.0,2,0.5070263616890633,0.8350130037747786,0.4190324526638608,0.0,1.2236821694190698,1.0,3.7365705813939636,1.0,INDUSTRIAL_ACCIDENTAL_FIRE
365.1256233088387,307.38608067315687,57.73954263568186,125.1911572286031,4.837797878148193,1189.4058142420888,0.18497012181623387,0.0,0.85,3,0.5329857874275895,0.8688969323709581,0.43485215186127246,1.0,1.173184154402512,1.0,5.868972732967315,1.0,INDUSTRIAL_ACCIDENTAL_FIRE
323.9781572853522,288.2847139870428,35.69344329830943,9.916741910318303,2.3902975659376393,697.8472868759574,0.11698126656659838,1.0,0.85,22,0.7804746535902738,0.9417696644102049,0.6780485222842962,1.0,0.8596992289437881,1.0,0.17740360493522145,0.0,MINING_COAL_FIRE
374.5371402131985,298.122880967271,76.4142592459275,227.46033107803692,5.431362589477634,1301.2529050032217,0.23832645498836427,1.0,0.95,1,0.1933532837978201,1.2348304255358582,0.14226132256383806,0.0,0.7187325904454788,1.0,7.092179525512571,1.0,INDUSTRIAL_ACCIDENTAL_FIRE
391.45071835530524,309.39775959827625,82.05295875702899,190.93432214611158,5.257153241352087,1332.4705910623036,0.2544370250200828,0.0,1.0,3,0.5529222663089165,1.1605039617968063,0.2874438352078854,1.0,1.2489850422803472,1.0,7.145436960270983,1.0,INDUSTRIAL_ACCIDENTAL_FIRE
335.9276856213807,295.60036895317074,40.32731666820996,11.166124168054903,2.4986553819992263,680.1329491661604,0.1088182916705249,0.0,0.4,2,0.017469359114383066,0.0,0.10967211099896634,0.0,13.001545727959309,0.0,0.0,0.0,AGRICULTURAL_BURNING
349.73521248042033,297.2391300523616,52.49608242805874,81.17792309052797,4.408886690448242,906.5121374033419,0.19498694142686246,0.0,1.0,2,0.13550166255399934,0.17452884167132,0.31717231327774065,0.0,26.318172530572625,0.0,0.0,0.0,WILDFIRE_FOREST
370.2566531631748,310.13478496308403,60.12186820009077,122.38442786473627,4.815304911164249,1174.2423914670153,0.19177676628597362,1.0,1.0,5,0.3656903243870373,0.9977472461809966,0.22356763706010585,1.0,0.5443378019597966,1.0,5.44762581755532,1.0,INDUSTRIAL_ACCIDENTAL_FIRE
358.5369018026153,302.2899814214755,56.24692038113983,41.62781350074023,3.752506939307857,1093.1802244610258,0.11749384076227966,1.0,0.75,31,0.8371100701374591,1.5093911487216283,0.70967520785458,1.0,0.8617773487922857,1.0,0.9490105900761541,0.0,INDUSTRIAL_PERSISTENT_SOURCE
348.88224661547434,300.0648048914576,48.81744172401676,34.284033963894565,3.5634305659823444,1044.4393859484917,0.10263488344803352,0.0,0.75,28,0.7238812517496428,1.2269920280121092,0.8004052980901237,1.0,1.9803656692198113,1.0,0.06520265191385444,0.0,INDUSTRIAL_PERSISTENT_SOURCE
338.8153602905107,293.40753910977884,45.407821180731844,24.275619163502974,3.22984026167881,873.5276656680547,0.1713594039357728,1.0,0.85,1,0.23090511227425561,0.18129300402913384,0.46924486543862737,0.0,34.784720969761935,0.0,0.0,0.0,WILDFIRE_FOREST
326.6731420861732,291.2108039302434,35.462338155929785,11.04277950525147,2.4884652691554443,680.099455257871,0.11632096615979938,0.0,0.7,8,0.6020445600425286,0.8295890054012525,0.8079826711725657,1.0,2.824146950584363,1.0,-0.230522163327602,0.0,MINING_COAL_FIRE
357.03655534473876,300.03689723006056,56.9996581146782,46.27186223732881,3.8559152397839402,1117.475388080107,0.1189993162293564,0.0,1.0,29,0.8255621844535148,1.0078422828383404,0.7853267862400495,1.0,0.11019615377862656,1.0,0.17575321199611893,0.0,INDUSTRIAL_PERSISTENT_SOURCE
344.5377712082301,295.573992061341,48.96377914688907,50.97904751468269,3.950840704972403,1085.6620473009973,0.10292755829377814,0.0,1.0,44,0.9571184918069131,1.7391995805396157,0.9341920697710886,1.0,0.4045779647327919,1.0,-0.3508810614622073,0.0,INDUSTRIAL_PERSISTENT_SOURCE
370.79480025225297,304.5983158440377,66.19648440821527,201.06206230035409,5.308574889323598,1226.6790601729163,0.20913281259490077,0.0,0.95,4,0.40864674107612653,0.8505938633012237,0.30152505197104407,1.0,0.8769020249342743,1.0,3.7369238005145604,1.0,INDUSTRIAL_ACCIDENTAL_FIRE
388.8345690094547,310.3812716583216,78.45329735113307,167.9249428988491,5.129454491411537,1303.6916554215923,0.2441522781460945,0.0,1.0,3,0.35725803240839615,1.2715517922324353,0.16273863950874828,1.0,0.6533674851271323,1.0,4.190931577635686,1.0,INDUSTRIAL_ACCIDENTAL_FIRE
333.8258036544757,298.7505978248979,35.07520582957778,28.092607589896083,3.3704841071936893,850.0069637870515,0.13691735276525926,0.0,0.65,2,0.21031251927531106,0.19517533811012056,0.31523204440273767,0.0,56.03278410852987,0.0,0.0,0.0,WILDFIRE_FOREST
345.5275911698692,293.94382303957434,51.58376813029486,50.52303497798778,3.9420289887952817,891.490859215221,0.1919458937676495,0.0,0.65,2,0.23527381488817756,0.13969959936104454,0.20995224732673215,0.0,67.64681925191587,0.0,0.0,0.0,WILDFIRE_FOREST
369.4880434858086,303.3296555362521,66.15838794955647,170.82447603125877,5.146473467570508,1258.3199322028306,0.20902396557016134,0.0,0.95,2,0.5046604142363048,1.1373072354922316,0.2265985892008532,0.0,0.7753220021938508,1.0,6.468969071900119,1.0,INDUSTRIAL_ACCIDENTAL_FIRE
378.50847451494576,305.4355329487254,73.07294156622038,185.20220582299254,5.226833211297999,1277.1274236329693,0.22877983304634392,1.0,0.85,2,0.46271672508329675,1.1933046528666629,0.3349921254253079,0.0,1.3550059158583778,1.0,3.124473603483462,1.0,INDUSTRIAL_ACCIDENTAL_FIRE
317.0800998481081,294.2108495687437,22.869250279364394,4.309664386044383,1.669528629121614,600.8921718811632,0.065173125698411,0.0,0.8,1,0.10443624989559774,0.0,0.227791909665974,0.0,58.921194175444,0.0,0.0,0.0,AGRICULTURAL_BURNING
323.8174830115325,307.2729475462745,16.54453546525798,19.271589615900748,3.009220379485788,594.1147012861261,0.049361338663144946,0.0,0.4,2,0.14874134752117216,0.0,0.13081701210605562,0.0,15.48841913830891,0.0,0.0,0.0,AGRICULTURAL_BURNING
343.67304977669204,288.3073807031696,55.36566907352244,34.97630712184057,3.5828605862854412,1069.7503772469277,0.11573133814704488,1.0,1.0,8,0.8069759312512078,0.9468791162344359,0.780812474873885,1.0,0.056639870010090645,1.0,-0.07893416429670452,0.0,INDUSTRIAL_PERSISTENT_SOURCE
388.1754885823821,307.83483678223854,80.34065180014358,120.41964043763214,4.799252648387017,1361.2744349263915,0.24954471942898163,1.0,0.95,2,0.4064610823873829,0.9194958543187361,0.11066229020813605,0.0,1.1266938932442245,1.0,7.195308807614518,1.0,INDUSTRIAL_ACCIDENTAL_FIRE
328.9375938614122,298.6352336355964,30.30236022581579,18.81070233200825,2.986222313489789,705.6737224702923,0.1015781720737594,0.0,0.85,14,0.7606200656426164,1.210197358911636,0.6485496759093483,1.0,0.7190298817452836,1.0,0.06416610009877477,0.0,MINING_COAL_FIRE
326.94719526963047,300.5097875834589,26.437407686171582,48.48843857437997,3.90173907814035,819.309238303828,0.10812469228723862,0.0,1.0,3,0.13585853142089388,0.11221705067558825,0.3624924523499159,0.0,71.2327476971479,0.0,0.0,0.0,WILDFIRE_FOREST
374.83528513657456,309.4204353287657,65.41484980780888,128.26346446707976,4.861852681789358,1238.9787502911122,0.20689957087945393,1.0,1.0,3,0.24586810869513323,1.3959840235240317,0.12949252815454787,1.0,1.0952966620787457,1.0,5.544420659527336,1.0,INDUSTRIAL_ACCIDENTAL_FIRE
326.7273099077714,295.732012174603,30.9952977331684,11.878145883856817,2.5555317571972562,645.3051053411093,0.10355799352333829,0.0,0.85,13,0.8830207195350938,0.855013209337109,0.6670939637654456,1.0,1.2309234129032551,1.0,-0.0016725919891208418,0.0,MINING_COAL_FIRE
336.32201064163814,286.02051976545306,50.301490876185085,51.14072432537374,3.9539463003416166,871.12631399222,0.18767163625395028,0.0,1.0,2,0.10332738961279184,0.11373525161419125,0.4963947933260783,0.0,44.60174899844976,0.0,0.0,0.0,WILDFIRE_FOREST
332.4858220857792,299.99219493915274,32.493627146626466,16.488751111188193,2.8615578806026702,656.079475404074,0.10783893470464705,1.0,1.0,21,0.7527229633871162,0.8306913891908152,0.7040016121079224,1.0,2.232740578028148,1.0,0.41036976169008654,0.0,MINING_COAL_FIRE
354.24908072306005,300.4231913682989,53.82588935476116,39.620278004279925,3.704267400153435,1069.6872139282973,0.11265177870952232,1.0,1.0,14,0.8902823666357582,0.9712677681977633,0.7963468512145643,1.0,0.3917562488784302,1.0,0.1705614342203965,0.0,INDUSTRIAL_PERSISTENT_SOURCE
323.50587635751805,299.4483779034614,24.057498454056656,21.042420082626922,3.092968782368613,646.2742000773709,0.06814374613514164,0.0,0.4,2,0.07943118027477773,0.0,0.2275308402185685,0.0,44.56724823874783,0.0,0.0,0.0,AGRICULTURAL_BURNING
371.37001922860674,299.70810379007645,71.66191543853029,188.3174608899327,5.243425293211011,1275.7910706381545,0.22474832982437223,0.0,0.95,3,0.5170756295208231,0.8095776903324768,0.12855955200169344,1.0,1.2774207497294576,1.0,5.049083338621756,1.0,INDUSTRIAL_ACCIDENTAL_FIRE
356.9703055088585,292.4124080799148,64.55789742894365,75.86611398882485,4.342065129056328,935.789557770611,0.23519299142981215,0.0,1.0,1,0.14178106294726062,0.14091609979801695,0.34969617913244,0.0,38.64869774970375,0.0,0.0,0.0,WILDFIRE_FOREST
334.33232790219233,295.28017345701625,39.052154445176086,37.02196150006191,3.6381639269988817,992.7403407670515,0.08310430889035218,0.0,1.0,36,0.8786511732185875,1.1808011754976053,0.9229470922496181,1.0,1.8297863897391007,1.0,0.3589883655805224,0.0,INDUSTRIAL_PERSISTENT_SOURCE
347.23522888641065,288.2296587994036,59.00557008700707,39.66697529275716,3.705416345202509,1080.708105357539,0.12301114017401416,0.0,1.0,12,0.9050962152172728,1.4653859373837395,0.6864115773645859,1.0,1.7216485422896493,1.0,-0.06655618281240194,0.0,INDUSTRIAL_PERSISTENT_SOURCE
331.980292044643,302.3312675870993,29.649024457543703,7.567306274378925,2.1479533628248304,628.7030297462281,0.08212256114385927,0.0,0.65,2,0.09322172215600621,0.0,0.3427055626800093,0.0,7.058758759918858,0.0,0.0,0.0,AGRICULTURAL_BURNING
345.697785997296,293.2254975701851,52.472288427110925,51.29103905771496,3.9568250190623746,929.2547724617141,0.19490762809036974,1.0,0.65,2,0.13606776066158296,0.10578799359623478,0.4444376004907688,0.0,41.24802293597059,0.0,0.0,0.0,WILDFIRE_FOREST
376.3708137865729,311.6284034596664,64.74241032690651,135.30162776727863,4.914870281164401,1232.381231483959,0.20497831521973287,1.0,1.0,1,0.559531756930828,1.2561675430944983,0.2099212782474562,0.0,0.6394708782569307,1.0,6.138141153529564,1.0,INDUSTRIAL_ACCIDENTAL_FIRE
373.48237068736285,298.6243287172215,74.85804197014136,120.87706139887644,4.803012843217034,1277.763239941805,0.23388011991468957,1.0,0.85,3,0.2878061693394727,1.3436973898686269,0.12287815514753483,1.0,0.11350333957362878,1.0,7.381722868071226,1.0,INDUSTRIAL_ACCIDENTAL_FIRE
351.44761522511413,295.0398494556521,56.40776576946206,39.446886242847796,3.699989662614423,1110.194181914107,0.11781553153892413,1.0,1.0,7,0.8970018329409305,1.7019496744576388,0.7499256644281619,1.0,0.9784495002489796,1.0,-0.024202942096540392,0.0,INDUSTRIAL_PERSISTENT_SOURCE
344.6168631452278,296.6867140481341,47.930149097093704,35.71789942613787,3.603264358945474,1050.7376984538928,0.10086029819418742,0.0,0.75,20,0.7637660670151312,1.2995504642940472,0.876528190189444,1.0,1.3656945457947067,1.0,-0.07194506157086744,0.0,INDUSTRIAL_PERSISTENT_SOURCE
371.8019114877053,303.3425671581408,68.45934432956449,151.02023297343183,5.024013623655019,1273.7637017518123,0.21559812665589853,0.0,0.85,3,0.6384001642553296,1.0950108291054732,0.10951125563179546,1.0,0.27548524600044594,1.0,4.785977613066139,1.0,INDUSTRIAL_ACCIDENTAL_FIRE
339.8933140533937,294.3724279976535,45.520886055740164,52.1851954658199,3.973780076902664,1037.2414439515182,0.09604177211148034,1.0,1.0,40,0.8319357252841799,1.4010138474135783,0.8437277876783917,1.0,0.29944354045203336,1.0,0.6132850434978678,0.0,INDUSTRIAL_PERSISTENT_SOURCE
393.66004059511783,309.0166474075741,84.64339318754372,264.7165535610435,5.582430152522664,1381.978895277594,0.2618382662501249,0.0,0.95,1,0.5544417308181641,0.8268984442736276,0.41561669724739825,0.0,0.6019620675590223,1.0,4.113028255493167,1.0,INDUSTRIAL_ACCIDENTAL_FIRE
372.56723060520085,308.5705870024479,63.996643602752954,283.3059703128251,5.650051018481568,1239.8703564655948,0.20284755315072273,0.0,0.85,4,0.17692910349901306,0.915370371010606,0.14610507070909667,1.0,0.8559441202297451,1.0,6.339980478792993,1.0,INDUSTRIAL_ACCIDENTAL_FIRE
333.15970370762057,292.23555367427394,40.92415003334662,116.65428540510254,4.7677505395427415,839.0518831997268,0.15641383344448873,1.0,0.85,2,0.09995607000452632,0.44976729299089035,0.2925065211896931,0.0,69.44784716497003,0.0,0.0,0.0,WILDFIRE_FOREST
375.61367476209307,309.59977837068516,66.01389639140791,148.69316046462177,5.008587602102762,1241.4873857369437,0.20861113254687974,0.0,1.0,5,0.3133712710150204,1.380209893377071,0.22211152626463826,1.0,1.43126248455945,1.0,5.1764805210832066,1.0,INDUSTRIAL_ACCIDENTAL_FIRE
342.6738671899953,299.4540460063202,43.219821183675094,40.30341498197716,3.720945183763531,1016.328730494284,0.0914396423673502,0.0,0.75,38,0.8653906272696861,1.3747463501024355,0.8974511478187219,1.0,2.1838630265080194,1.0,-0.5190019804089654,0.0,INDUSTRIAL_PERSISTENT_SOURCE
322.8508076944583,290.47869155327527,32.37211614118303,17.98111613594679,2.943444597350928,660.952163418701,0.10749176040338008,0.0,0.85,11,0.8208469039747748,0.7897515417486718,0.5798567224522231,1.0,2.88017766028186,1.0,0.015164673711182575,0.0,MINING_COAL_FIRE
331.76621445202255,298.75316472402983,33.01304972799272,39.998290016092255,3.7135303589099706,826.6107836449708,0.13004349909330906,0.0,0.85,1,0.2447531800004562,0.12364350904213703,0.2098722568942915,0.0,37.95467595674243,0.0,0.0,0.0,WILDFIRE_FOREST
339.3305515088951,286.5787930121227,52.751758496772425,23.5909549920467,3.202378692076123,926.8217815564237,0.1958391949892414,1.0,0.85,2,0.19581181658939206,0.36623887973866354,0.21447323694096251,0.0,13.299253760629298,0.0,0.0,0.0,WILDFIRE_FOREST
383.15268555621617,301.0868269518065,82.0658586044097,170.6319504704214,5.145352361274938,1312.1905467181205,0.25447388172688484,1.0,0.85,1,0.16051055336310857,1.3345845885452243,0.28319047982270285,0.0,1.1448888814977338,1.0,6.676812707189387,1.0,INDUSTRIAL_ACCIDENTAL_FIRE
368.0824475735727,300.64655334618544,67.43589422738728,153.46925981294368,5.039995110929502,1271.1173306576763,0.2126739835068208,1.0,0.85,2,0.2880847789104497,1.4516211604425657,0.38935013097585636,0.0,1.4202791153042826,1.0,3.0946412216227692,1.0,INDUSTRIAL_ACCIDENTAL_FIRE
355.7709745655278,302.3938822141385,53.37709235138931,41.643412066123815,3.752872796968607,1101.8337675688106,0.11175418470277862,1.0,1.0,20,0.7116200350409972,1.5000379698568111,0.7352864867286378,1.0,1.7480041993185254,1.0,-0.033037754849915,0.0,INDUSTRIAL_PERSISTENT_SOURCE
337.1019162256116,294.02367098316927,43.078245242442335,18.189098183820377,2.9543423148465866,718.6739211935885,0.1380807006926924,0.0,0.85,27,0.7149205206287056,1.3188020195979278,0.6513971500233309,1.0,3.039326386871501,0.0,0.10354194000877814,0.0,MINING_COAL_FIRE
354.8591418253743,300.22809566348474,54.63104616188957,43.877084014451405,3.803927286163577,1098.4298209381911,0.11426209232377915,1.0,1.0,33,0.887325944022493,1.6546508913988314,0.9348760302693755,1.0,0.20470852957289304,1.0,-0.6885289469971958,0.0,INDUSTRIAL_PERSISTENT_SOURCE
332.2708319196903,294.27670184574345,37.99413007394685,46.3076729888963,3.8566725019801043,994.6155905458951,0.0809882601478937,1.0,0.75,13,0.8327132436181007,1.3280585528774331,0.7773188878245607,1.0,0.7711449594135683,1.0,-0.5201620455460119,0.0,INDUSTRIAL_PERSISTENT_SOURCE
326.2613586601949,292.92546040222544,33.33589825796946,16.541679080300025,2.864579710999745,679.9004119478844,0.11024542359419846,0.0,0.85,14,0.8684900964129997,1.3025891221682329,0.5661660545281493,1.0,0.7780581182334528,1.0,0.48174116276539647,0.0,MINING_COAL_FIRE
365.47463275296747,302.7752603426391,62.69937241032835,203.79987322596992,5.322033274151343,1204.1806488052364,0.19914106402950957,1.0,0.85,4,0.5121694085643705,1.2320090483769528,0.25484347776823435,1.0,1.4827373499586574,1.0,4.088555132831088,1.0,INDUSTRIAL_ACCIDENTAL_FIRE
359.3917247144738,296.17237013510146,63.21935457937235,37.310869556659966,3.645733656357861,1132.359247538837,0.1314387091587447,1.0,0.9,31,0.8431276612809413,1.504853552395562,0.6656071265088341,1.0,0.6080385756048122,1.0,-0.7239016433798182,0.0,INDUSTRIAL_PERSISTENT_SOURCE
326.7800523711464,298.023144402193,28.756907968953385,13.21791053026818,2.6545024747788255,617.9060038627033,0.07989226992238346,0.0,0.65,1,0.12316858317256645,0.0,0.35664025873483163,0.0,42.299861137663655,0.0,0.0,0.0,AGRICULTURAL_BURNING
378.6320946343986,308.9226497587619,69.70944487563668,182.78075471443182,5.213743496683263,1242.3938383786472,0.21916984250181906,1.0,1.0,4,0.4797529908256636,1.1478268629500343,0.42092971687032055,1.0,1.7958399389399247,1.0,3.365821620308718,1.0,INDUSTRIAL_ACCIDENTAL_FIRE
330.6047659848779,300.1577472987956,30.447018686082288,29.49645852486744,3.417610562932848,969.2169145661811,0.06589403737216458,0.0,0.9,22,0.7068777444886792,1.6427891563576504,0.89474615697889,1.0,2.1487743025483073,1.0,0.03593908717305405,0.0,INDUSTRIAL_PERSISTENT_SOURCE
340.8455617128384,298.13771946263205,42.70784225020634,40.39373675661949,3.7231295833143836,897.1760662157657,0.16235947416735447,1.0,1.0,1,0.04970137293525689,0.303452541426977,0.4272428477779505,0.0,36.86937493482174,0.0,0.0,0.0,WILDFIRE_FOREST
335.9844703168808,299.53742351330317,36.44704680357762,11.666200466967437,2.5389370651415337,662.6605907500042,0.09911761700894406,0.0,0.8,1,0.06829344940364987,0.0,0.38664426843424904,0.0,13.215871325080453,0.0,0.0,0.0,AGRICULTURAL_BURNING
323.09355985141025,289.60220153925377,33.49135831215648,9.617636913217645,2.3625164781744346,675.9668689497622,0.11068959517758994,0.0,0.85,25,0.9401008586731179,1.1038801583437565,0.573995787382209,1.0,3.034226797097283,0.0,0.49624944287105643,0.0,MINING_COAL_FIRE
341.34516565421814,292.4987611404363,48.84640451378186,87.51812282852562,4.483207308773241,905.6020938627782,0.18282134837927286,0.0,0.85,3,0.1744831931581782,0.24297058610879566,0.3046108432528935,0.0,39.51048675783994,0.0,0.0,0.0,WILDFIRE_FOREST
358.93786066147715,291.42217501141414,67.515685650063,49.26191289582218,3.9172475913956033,999.338379252913,0.24505228550021002,1.0,0.85,3,0.03622288790458404,0.17370222371021538,0.35555942999501255,0.0,40.77172672646675,0.0,0.0,0.0,WILDFIRE_FOREST
342.2779153018401,290.87754171901514,51.400373582824955,37.770438106315666,3.6576580517560995,1041.1258470864404,0.10780074716564991,0.0,0.75,32,0.894084556848098,1.4886207698928844,0.7748651093096943,1.0,0.7477165075261376,1.0,0.6946316511457726,0.0,INDUSTRIAL_PERSISTENT_SOURCE
368.4042056372177,310.94571065589986,57.45849498131781,147.11360820968616,4.997979602330656,1176.4571512626812,0.1841671285180509,0.0,0.85,3,0.2642750108986498,0.9692966036303162,0.13258596873206474,1.0,1.585343868416717,1.0,7.416191213648347,1.0,INDUSTRIAL_ACCIDENTAL_FIRE
324.2554591069775,289.05134385001753,35.204115256959994,21.66485700080805,3.1208155751211133,687.7813412647956,0.11558318644845712,0.0,0.85,16,0.8051374912780279,0.7840489376216206,0.6242014471154184,1.0,2.5803482746819655,1.0,0.14960079414226546,0.0,MINING_COAL_FIRE
373.3537263912072,307.1659270549882,66.18779933621903,160.42810376165468,5.084059865595179,1258.1918204170097,0.20910799810348293,1.0,1.0,2,0.4809844723969343,1.4883139597729271,0.37534791924755817,0.0,1.491592942648465,1.0,6.45671864277987,1.0,INDUSTRIAL_ACCIDENTAL_FIRE
321.0633070753578,295.2736122346853,25.789694840672496,14.717070178772477,2.754747394234855,643.1764185460802,0.08868484240192141,0.0,0.85,29,0.8196211068240465,1.2459744674521684,0.5689762092622878,1.0,2.6536199226502677,1.0,-0.24097191474304597,0.0,MINING_COAL_FIRE
339.0776101255889,290.1010164253621,48.97659370022677,9.563543504212538,2.357408781101784,724.0604358973577,0.15493312485779076,0.0,0.7,13,0.8360388490373569,0.8023082775919494,0.7989057134669103,1.0,2.2470185762472163,1.0,-0.30203086270779717,0.0,MINING_COAL_FIRE
334.19585109946337,299.2991352348009,34.8967158646625,16.646341283085736,2.870528469148178,679.9179145583087,0.11470490247046428,0.0,1.0,15,0.8139795197958506,1.2097218713268538,0.7598225605920605,1.0,3.272094853266281,0.0,0.2285349630202943,0.0,MINING_COAL_FIRE
349.73604607062555,300.8019832980383,48.934062772587254,46.0080863261743,3.850319636404312,1064.4085482072703,0.10286812554517451,1.0,0.75,26,0.825827534060789,1.1586622804609343,0.8173637550733657,1.0,1.6274730790268637,1.0,1.1995031268580887,0.0,INDUSTRIAL_PERSISTENT_SOURCE
350.76925506375125,302.42073705215574,48.3485180115955,67.79307743191771,4.231103121154768,1063.5303573773797,0.10169703602319101,1.0,1.0,23,0.7569679814146079,1.7426163490264828,0.9100074045198185,1.0,1.3338205148590212,1.0,-0.6245647165600714,0.0,INDUSTRIAL_PERSISTENT_SOURCE
317.1369526024792,301.93540243720355,15.201550165275648,21.230822280271333,3.101479716957831,588.180611124451,0.04600387541318912,0.0,0.65,1,0.0163293042978896,0.0,0.322243777453007,0.0,10.147402263983242,0.0,0.0,0.0,AGRICULTURAL_BURNING
329.06945475529204,303.6859145292948,25.38354022599725,2.9025813465793995,1.3616382179254738,636.7076902615878,0.07145885056499313,0.0,0.65,2,0.07478056495354622,0.0,0.28795099217982895,0.0,11.350837634783836,0.0,0.0,0.0,AGRICULTURAL_BURNING
355.595318491125,292.408751407574,63.18656708355098,29.61228836938742,3.4214015090453223,1144.1146922155522,0.13137313416710197,1.0,0.75,29,0.9638256691466783,1.4960861221856243,0.8329045724827332,1.0,0.9929914647707035,1.0,-0.6948512043779937,0.0,INDUSTRIAL_PERSISTENT_SOURCE
324.73167266838374,290.0248910344651,34.70678163391864,133.144772497284,4.898919608518519,810.0102295363566,0.13568927211306211,1.0,1.0,2,0.23934098372155238,0.2965852724848451,0.3234454136357475,0.0,17.855162670401995,0.0,0.0,0.0,WILDFIRE_FOREST
384.8799353917807,299.2919870890256,85.58794830275508,224.72890243756495,5.4193347325037955,1351.232232513392,0.2645369951507288,0.0,0.85,4,0.6001606340371357,1.4592079981332475,0.3340004263530199,1.0,1.0935626580056446,1.0,4.309081156309135,1.0,INDUSTRIAL_ACCIDENTAL_FIRE
335.30653220075413,301.6087616593937,33.697770541360455,4.887497326775813,1.7728310052916159,640.4600541888435,0.09224442635340113,0.0,0.4,1,0.17803086022285114,0.0,0.2598656909922609,0.0,12.029321353736709,0.0,0.0,0.0,AGRICULTURAL_BURNING
321.4925312700341,307.11529734045854,14.377233929575539,2.946509564273411,1.3728315336458137,570.248495664665,0.04394308482393885,0.0,0.8,2,0.038951799840394284,0.0,0.10909498130054665,0.0,52.924653767771424,0.0,0.0,0.0,AGRICULTURAL_BURNING
335.5572417100133,302.3719988310912,33.185242878922054,3.1216042002309816,1.4162424565651044,655.4892813452373,0.09096310719730513,0.0,0.4,1,0.07947216556738072,0.0,0.23918396251660395,0.0,32.53880747716369,0.0,0.0,0.0,AGRICULTURAL_BURNING
333.7473021016136,293.60251720925874,40.14478489235489,14.141665789381372,2.717450267675634,692.4177388743644,0.10836196223088723,0.0,0.65,1,0.03577349038750317,0.0,0.3646426942677583,0.0,26.863366334767953,0.0,0.0,0.0,AGRICULTURAL_BURNING
336.0834602125661,288.2470962003337,47.836364012232366,16.226920438627495,2.846473302042207,746.3614424028883,0.1516753257492353,0.0,0.85,19,0.6785823622979958,1.0487566181877586,0.6541523519008867,1.0,1.679275076736273,1.0,-0.37842961278981463,0.0,MINING_COAL_FIRE
346.05142278467156,296.80117241017,49.25025037450155,22.83760888756602,3.1712645388265828,917.4115918420671,0.18416750124833847,0.0,0.85,1,0.028086964056386898,0.42240547287694086,0.25151934887056077,0.0,23.742305364897867,0.0,0.0,0.0,WILDFIRE_FOREST
315.4043957260618,303.374442358982,12.029953367079827,13.407885944927651,2.667775691749017,556.4454230988575,0.038074883417699566,0.0,0.4,2,0.13084063308392826,0.0,0.28711659078375507,0.0,23.475670489314847,0.0,0.0,0.0,AGRICULTURAL_BURNING
324.1680717719081,304.59985329056116,19.568218481346946,8.536166941046336,2.2550916165714296,601.9546032382066,0.05692054620336737,0.0,0.8,2,0.1604643002934859,0.0,0.3907349592822216,0.0,43.81052649996573,0.0,0.0,0.0,AGRICULTURAL_BURNING
338.8138952257537,288.3317843823469,50.482110843406815,27.373427325139453,3.3454530496008745,874.2000690326765,0.18827370281135605,0.0,0.65,1,0.09678367479897874,0.16660608859493042,0.46289132688774737,0.0,55.50373648834142,0.0,0.0,0.0,WILDFIRE_FOREST
358.99361416694376,293.18430253351187,65.80931163343189,57.79176150254815,4.0740017345873065,1155.0918424437439,0.13661862326686378,0.0,1.0,32,0.8917915405643286,1.2155784223114323,0.7630431883322637,1.0,1.3748859382810235,1.0,-0.06259415199207741,0.0,INDUSTRIAL_PERSISTENT_SOURCE
333.5030016267223,293.29067611724844,40.212325509473885,25.200762346616777,3.2657885075428497,885.3589320443056,0.1540410850315796,0.0,0.65,2,0.2357941241187955,0.2230348145589081,0.2189957740916963,0.0,42.807720315787165,0.0,0.0,0.0,WILDFIRE_FOREST
337.88831834667957,292.3852740988367,45.503044247842865,21.60774249045075,3.1182924356813877,723.9232308305319,0.14500869785097964,1.0,0.85,12,0.9254757320064962,1.1536774114536803,0.7186669749532631,1.0,3.3776704580545758,0.0,-0.10278355150982249,0.0,MINING_COAL_FIRE
332.600490119173,290.02171512276794,42.57877499640506,19.292971642237987,3.0102746015778985,701.3197808928854,0.1366536428468716,0.0,0.7,15,0.6715686825877029,0.9510277365968194,0.818909368624329,1.0,0.8014140066321928,1.0,0.20980877699366374,0.0,MINING_COAL_FIRE
331.5108716075329,300.4239848650885,31.086886742444392,10.121525341824391,2.4088824504427246,667.9562567057113,0.08571721685611097,0.0,0.65,1,0.1630530639854077,0.0,0.175150479065411,0.0,59.707957148048884,0.0,0.0,0.0,AGRICULTURAL_BURNING
330.0194565479274,287.1149630853037,42.90449346262369,19.858723733211644,3.0377722652086505,874.1205513206435,0.16301497820874564,0.0,0.65,3,0.03602475881742519,0.29223794498226296,0.28190863870275784,0.0,33.09074505367826,0.0,0.0,0.0,WILDFIRE_FOREST
332.9020958603976,293.274892528178,39.62720333221961,8.867747763934451,2.28927163732851,684.9657465621569,0.10706800833054902,0.0,0.4,2,0.128423085851338,0.0,0.10130595744827936,0.0,34.98893954440837,0.0,0.0,0.0,AGRICULTURAL_BURNING
328.6825994900153,297.6208538995684,31.061745590446947,22.38187835782093,3.151961293185539,849.7901165763545,0.1235391519681565,0.0,1.0,1,0.06836504232070448,0.27879832773732927,0.26423487302388066,0.0,49.511587226645936,0.0,0.0,0.0,WILDFIRE_FOREST
332.88551464689897,295.835598959502,37.04991568739695,40.63747190940907,3.7290005288731356,980.5392127547676,0.0790998313747939,0.0,1.0,18,0.8673421399771073,1.68669341645959,0.7577212337129453,1.0,0.0357394844681047,1.0,0.841819268141232,0.0,INDUSTRIAL_PERSISTENT_SOURCE
335.8520165963573,299.1525380366861,36.699478559671206,54.71947206505729,4.02032967408311,958.8002907792682,0.07839895711934242,1.0,1.0,38,0.757908773588772,1.2114965167041556,0.7017827338706824,1.0,1.1797345338303045,1.0,0.5437840312727451,0.0,INDUSTRIAL_PERSISTENT_SOURCE
369.8785081803467,310.7529805829138,59.12552759743295,195.03142293717303,5.278274967488487,1203.7635745289338,0.18893007884980842,1.0,0.95,2,0.35831952886923957,1.4529099383478092,0.4031223613251429,0.0,1.4894401751155457,1.0,7.12012979362713,1.0,INDUSTRIAL_ACCIDENTAL_FIRE
322.0501550214045,290.61915561492896,31.430999406475564,32.291934756902286,3.5053151681589405,874.0666633125027,0.12476999802158521,0.0,0.85,2,0.050325957617981296,0.41167587057176935,0.28906754881982866,0.0,32.33986831555226,0.0,0.0,0.0,WILDFIRE_FOREST
371.88794482261903,299.64571820210307,72.24222662051596,196.96035449066096,5.288066780800717,1277.832966777664,0.22640636177290274,1.0,0.95,5,0.5093698089267651,1.2442474795411664,0.3037503326522295,1.0,0.33924785775017546,1.0,5.220186744592319,1.0,INDUSTRIAL_ACCIDENTAL_FIRE
333.8655727025729,298.9773874140963,34.88818528847656,7.9235773254827775,2.1886969116523938,652.489993702072,0.0952204632211914,0.0,0.4,1,0.028826330432501553,0.0,0.16236641657894335,0.0,39.86298453286435,0.0,0.0,0.0,AGRICULTURAL_BURNING
381.2379973602833,311.48188805402594,69.75610930625737,213.04155124787138,5.366170160884003,1283.4617271580887,0.21930316944644962,1.0,0.95,4,0.2397486617119167,1.4631085217794366,0.15823215542629532,1.0,0.6482762905677006,1.0,6.507392814792498,1.0,INDUSTRIAL_ACCIDENTAL_FIRE
331.6679786654303,287.084112550618,44.58386611481234,45.06523580915628,3.8300585616003553,844.9595898724897,0.16861288704937444,0.0,1.0,1,0.057729187827574996,0.42412172258117486,0.43946114772318257,0.0,66.35877813320005,0.0,0.0,0.0,WILDFIRE_FOREST
322.7460263127308,297.0033752940326,25.74265101869821,40.22207415512784,3.7189738933406424,775.3040767720111,0.10580883672899404,0.0,1.0,1,0.08656318006201491,0.2058637394446961,0.3904968984789351,0.0,42.492258897538214,0.0,0.0,0.0,WILDFIRE_FOREST
346.51392179600145,299.11580555954214,47.398116236459316,156.6273885877803,5.0602339477802945,851.7519983346172,0.17799372078819772,0.0,0.85,2,0.0220181936642411,0.21235470537502177,0.37269841888151367,0.0,55.70766323652169,0.0,0.0,0.0,WILDFIRE_FOREST
383.49950943562214,309.15152207366646,74.34798736195569,284.8649146179272,5.655519372727806,1296.5540761894515,0.2324228210341591,0.0,0.85,1,0.4536532241313356,0.9125778283547331,0.3280318133807926,0.0,0.8926641151469626,1.0,5.42453956114103,1.0,INDUSTRIAL_ACCIDENTAL_FIRE
345.4786478543657,297.8048512507724,47.6737966035933,67.64961090460476,4.229015464384441,852.7345113534527,0.178912655345311,0.0,1.0,1,0.13328230963222176,0.14038658015347333,0.3039180704150327,0.0,36.40122635888227,0.0,0.0,0.0,WILDFIRE_FOREST
335.9226447894924,300.1971300672259,35.725514722266496,56.341205772324784,4.0490194887016,979.6006089437163,0.076451029444533,1.0,0.75,17,0.8019988322902392,1.2740650038262398,0.7274901287382777,1.0,1.302780104188526,1.0,-0.6613844539234104,0.0,INDUSTRIAL_PERSISTENT_SOURCE
323.5177419264666,293.25351036010005,30.26423156636656,13.575353384962972,2.679331977909212,683.695247450498,0.1014692330467616,1.0,1.0,21,0.9194201493239003,1.1717225792624666,0.7637162906687944,1.0,1.9880592947759956,1.0,0.020954432432678582,0.0,MINING_COAL_FIRE
360.7740869651441,290.3351281914636,70.4389587736805,52.665672875763946,3.982773558301988,1153.8596534877986,0.14587791754736099,1.0,1.0,16,0.8213311679368487,1.4422733011127282,0.6713968968238443,1.0,0.5156883001436737,1.0,0.4684861819550852,0.0,INDUSTRIAL_PERSISTENT_SOURCE
329.1093626846935,292.2223285372238,36.887034147469706,19.16952370516418,3.0041727376647063,702.2778294884689,0.12039152613562773,1.0,1.0,12,0.8346070584517633,0.8995481883306041,0.5529663595050762,1.0,2.9773430664079252,1.0,0.08142805047549584,0.0,MINING_COAL_FIRE
332.1744149400995,293.4437426681786,38.73067227192092,15.291000104117744,2.7906128144751525,683.195357685437,0.1048266806798023,0.0,0.65,1,0.15252784504273764,0.0,0.35460637806487993,0.0,24.961842569660515,0.0,0.0,0.0,AGRICULTURAL_BURNING
329.0963588146984,293.6532390111761,35.443119803522336,52.58501304590635,3.981269421626839,880.1719531576568,0.1381437326784078,0.0,0.85,3,0.1450736538050598,0.18083822187561105,0.4622755630053008,0.0,50.62453853921201,0.0,0.0,0.0,WILDFIRE_FOREST
352.35246766017605,289.8567199450622,62.49574771511385,56.77382622355025,4.056535839615687,1014.9120439153997,0.2283191590503795,0.0,1.0,3,0.09416149228782636,0.24075266666822503,0.21998662621023846,0.0,57.117125281968164,0.0,0.0,0.0,WILDFIRE_FOREST
327.0884240021905,306.71793145455297,20.370492547637525,11.426749241551049,2.5198513461018046,612.2799327232584,0.058926231369093814,0.0,0.65,1,0.0959428094545879,0.0,0.2506883226081351,0.0,6.990163864310883,0.0,0.0,0.0,AGRICULTURAL_BURNING
334.81636648336996,294.63290669969984,40.183459783670116,14.623680425829221,2.7487877393092015,694.1647740449969,0.1084586494591753,0.0,0.65,2,0.16848465071131663,0.0,0.31296480663289444,0.0,6.810257276364553,0.0,0.0,0.0,AGRICULTURAL_BURNING
322.8205969437428,290.9095290262419,31.91106791750093,15.209089135510295,2.785572142651836,683.384366351093,0.10617447976428837,1.0,0.7,24,0.627291048232634,1.0540555203170872,0.8208078933767378,1.0,2.6031003213077666,1.0,0.5285466952322899,0.0,MINING_COAL_FIRE
352.2320494921844,294.7574990893813,57.47455040280306,100.55884697259651,4.620638403607364,960.725646462468,0.2115818346760102,0.0,0.85,3,0.040852280357147816,0.3920322522797427,0.30549049200135464,0.0,61.00515645582669,0.0,0.0,0.0,WILDFIRE_FOREST
344.0252141706748,299.1573235055679,44.86789066510693,39.022838411233074,3.689450251458959,844.4519231146185,0.1695596355503564,0.0,0.85,1,0.13856441947470782,0.3121677380984491,0.36732942772941857,0.0,75.34555947596633,0.0,0.0,0.0,WILDFIRE_FOREST
340.98732154574014,302.35222005886317,38.63510148687698,42.147372216108145,3.764621516859459,986.7120803364959,0.08227020297375395,1.0,0.9,28,0.8988248892980135,1.7960437816231554,0.7257989006513847,1.0,0.7393452717328027,1.0,0.2653713614276314,0.0,INDUSTRIAL_PERSISTENT_SOURCE
371.3804235302368,305.21243155369535,66.16799197654143,136.15809003270772,4.921134202393563,1247.0219342103921,0.2090514056472612,0.0,0.85,1,0.22433136387655647,1.0169558483880277,0.23906134041015925,0.0,1.7571973024448235,1.0,3.201143439969626,1.0,INDUSTRIAL_ACCIDENTAL_FIRE
359.6178101985189,294.88057673501305,64.73723346350585,25.131176718121836,3.2631291117417414,1134.4565497224057,0.1344744669270117,1.0,1.0,14,0.7477241569445071,1.7393419867532796,0.6875690076886241,1.0,0.4159564996958317,1.0,1.0531707664367622,0.0,INDUSTRIAL_PERSISTENT_SOURCE
325.01269547726577,297.5094035980797,27.503291879186065,13.206787746727525,2.6537198607295944,606.6364047677058,0.07675822969796517,0.0,0.8,2,0.08340289509467522,0.0,0.34642064305462217,0.0,41.6992805290292,0.0,0.0,0.0,AGRICULTURAL_BURNING
316.33945524090325,302.701624416229,13.637830824674268,12.47143029874009,2.6005711688044575,563.6215177029114,0.04209457706168567,0.0,0.65,2,0.14520531018139193,0.0,0.15873514205812148,0.0,59.60328600449725,0.0,0.0,0.0,AGRICULTURAL_BURNING
314.6111003131429,302.0331269637231,12.577973349419835,9.650815814513301,2.365636491523346,573.1566043528592,0.03944493337354959,0.0,0.65,1,0.12243834563019311,0.0,0.2016645658746023,0.0,49.05157327014709,0.0,0.0,0.0,AGRICULTURAL_BURNING
349.7752073157706,292.7124309575546,57.06277635821601,32.92713294761919,3.5242150761872613,1108.0749071864204,0.11912555271643203,1.0,0.9,35,0.7608762332669349,1.4591038774321508,0.6644236905459351,1.0,2.10837692493175,1.0,0.7491441663487297,0.0,INDUSTRIAL_PERSISTENT_SOURCE
341.93649994828024,296.850622169396,45.08587777888425,8.207993545148238,2.2200719704145833,727.0527684071739,0.143816793653955,0.0,0.85,18,0.8554274562414133,1.276469863186873,0.8020528893469012,1.0,1.4886847014329923,1.0,-0.09446498805843911,0.0,MINING_COAL_FIRE
337.8311113714411,302.28390117543483,35.54721019600629,42.505997305523934,3.7728987976840727,990.2000844082365,0.07609442039201259,1.0,0.75,7,0.8558985300349391,1.7845741060698783,0.810941117356542,1.0,0.12869511915017806,1.0,0.49030016660180675,0.0,INDUSTRIAL_PERSISTENT_SOURCE
327.6955038774774,296.40043339219346,31.29507048528393,12.237777695054898,2.5830746886153215,647.1290682216043,0.10441448710081122,1.0,1.0,26,0.8310045479729611,1.1164968094804806,0.5804502489933336,1.0,0.4944629383490744,1.0,0.05926012576545492,0.0,MINING_COAL_FIRE
330.17884382001785,290.8604193345077,39.31842448551015,74.9053625137056,4.329487334260311,893.5939699645102,0.1510614149517005,0.0,1.0,3,0.11008979836749308,0.18628245354377893,0.4409283727641906,0.0,49.91837021461351,0.0,0.0,0.0,WILDFIRE_FOREST
340.5065848846104,292.3800189391068,48.126565945503614,61.94676077925958,4.1422893021252465,932.938285139031,0.18042188648501203,1.0,0.65,1,0.22101954267100915,0.30369563233262553,0.40084100117557975,0.0,43.06153275852888,0.0,0.0,0.0,WILDFIRE_FOREST
337.8761086425337,298.9617369429458,38.914371699587946,107.10831144697188,4.683133608340524,876.1407045721862,0.1497145723319598,0.0,0.85,1,0.15730171211478186,0.1390728405098075,0.3323104417536862,0.0,20.00545956324126,0.0,0.0,0.0,WILDFIRE_FOREST
332.84275125931566,292.75800712075676,40.084744138558904,17.553126893443263,2.9206383405321183,704.5868468159117,0.12952784039588258,0.0,0.85,6,0.6834349922537138,0.9334250999214093,0.7760020662243308,1.0,2.3189407626557608,1.0,-0.21900002411170638,0.0,MINING_COAL_FIRE
333.77135441951384,289.60484321117247,44.166511208341376,25.8846782423874,3.2915565422669233,854.166609484843,0.16722170402780456,0.0,0.65,1,0.1578370639106325,0.19746885961497618,0.22869457986680203,0.0,38.189594425028055,0.0,0.0,0.0,WILDFIRE_FOREST
331.2687929375411,298.7983681059724,32.47042483156872,10.813867134733943,2.4692740223967085,656.0158408297892,0.08917606207892181,0.0,0.8,1,0.024415662761878926,0.0,0.32801416178829323,0.0,16.255944130547984,0.0,0.0,0.0,AGRICULTURAL_BURNING
331.7941223298377,297.27698416778065,34.51713816205705,21.688849722306937,3.1218736021478137,829.3833032778706,0.13505712720685684,0.0,0.85,2,0.22084610752050385,0.25663978241319596,0.47510651356416694,0.0,18.934025083343784,0.0,0.0,0.0,WILDFIRE_FOREST
338.0554183982934,300.27367178719993,37.78174661109347,20.882221191876244,3.085674489397451,709.9435915667381,0.12294784746026705,1.0,1.0,14,0.7861099560651245,0.9271258438917229,0.7583875013146283,1.0,2.3399815339073817,1.0,-0.47475977216046467,0.0,MINING_COAL_FIRE
358.2480124281141,289.4547201308477,68.79329229726642,76.88062814283371,4.355177245993221,1052.5376678200605,0.2493109743242214,0.0,1.0,2,0.2156041710902718,0.3073551148931767,0.22989824745485388,0.0,30.472081024852425,0.0,0.0,0.0,WILDFIRE_FOREST
375.21234668342777,305.14813060443385,70.06421607899392,134.8667696990115,4.911674771014408,1252.9422228900976,0.2201834745114112,1.0,0.95,1,0.3841650929669067,1.1858119733414605,0.2533625146369206,0.0,1.1264759959470998,1.0,3.379983831466303,1.0,INDUSTRIAL_ACCIDENTAL_FIRE
337.0591193292613,294.8228356794179,42.236283649843415,18.64525804839605,2.9778359885004337,716.6030458113275,0.13567509614240975,1.0,0.7,15,0.779382923730725,1.1719471122713534,0.7558708084347454,1.0,1.0675268142714958,1.0,0.08561153515526654,0.0,MINING_COAL_FIRE
365.95167475448096,305.4895334277322,60.462141326748736,192.37656260433835,5.264639389555286,1200.6649894819418,0.19274897521928208,1.0,0.85,2,0.6434479726941488,1.4205517686493319,0.2395248729745724,0.0,0.11597101860099239,1.0,3.9684429576825395,1.0,INDUSTRIAL_ACCIDENTAL_FIRE
349.96741057276904,286.1176738186094,63.849736754159665,27.310831611213764,3.3432444738677023,957.5056594330731,0.23283245584719886,0.0,0.65,2,0.0812325058530177,0.3292586437417815,0.33375489025961536,0.0,51.36382849556327,0.0,0.0,0.0,WILDFIRE_FOREST
345.29549174595064,298.3084211769865,46.98707056896416,48.91598973325833,3.9103413869652104,892.6465364290362,0.17662356856321385,0.0,0.65,1,0.11645966273272956,0.15077288812414824,0.23620619154859185,0.0,37.03313507998119,0.0,0.0,0.0,WILDFIRE_FOREST
322.13553306854476,296.8002254670929,25.33530760145186,11.686556724737546,2.5405429072194288,602.7417386267199,0.07133826900362966,0.0,0.65,1,0.13416284206195245,0.0,0.28606901576042687,0.0,50.00305078605764,0.0,0.0,0.0,AGRICULTURAL_BURNING
317.279931664093,306.8106968535315,10.469234810561488,6.6518695517438005,2.03495000382995,579.7569229752302,0.03417308702640372,0.0,0.4,2,0.044454224072241796,0.0,0.3935240182968812,0.0,44.37007651713147,0.0,0.0,0.0,AGRICULTURAL_BURNING
328.6245952337375,294.8407127974122,33.783882436325314,17.957371627031037,2.9421928599509326,676.3070479000328,0.1115253783895009,0.0,1.0,11,0.7764215189393975,1.3870420645632038,0.7435919590817347,1.0,1.3078257274352076,1.0,0.3990258768732061,0.0,MINING_COAL_FIRE
370.98515944788824,302.11528741423655,68.86987203365169,172.53256334982729,5.156365266789699,1287.7988422516912,0.21677106295329052,0.0,0.95,3,0.17002955952534723,1.3500688518278612,0.30648175898063307,1.0,0.4648982399053451,1.0,3.7754424001668063,1.0,INDUSTRIAL_ACCIDENTAL_FIRE
388.1234185479164,298.0403375233186,90.08308102459779,185.40829649181626,5.2279394103372585,1400.0,0.2773802314988508,1.0,1.0,5,0.35825221595193946,1.311347452671153,0.3266996098720225,1.0,1.5531741994861017,1.0,6.796635605263509,1.0,INDUSTRIAL_ACCIDENTAL_FIRE
339.77304572678963,297.81931790273194,41.953727824057694,50.162860334276225,3.935013884730954,1013.4559229905416,0.08890745564811539,1.0,0.9,41,0.7910727608751168,1.1713395738189236,0.9404062883682884,1.0,1.566305162671594,1.0,-0.32637414509246154,0.0,INDUSTRIAL_PERSISTENT_SOURCE
336.57714904642876,290.3497106754545,46.227438370974255,29.333938774789175,3.4122671772579842,1047.7368205140674,0.09745487674194851,0.0,0.9,21,0.8588074754014148,1.2790222706182495,0.6705508377715682,1.0,2.097344483568451,1.0,-0.5321175611999993,0.0,INDUSTRIAL_PERSISTENT_SOURCE
337.9093128378635,297.68784020355,40.2214726343135,16.045301538351612,2.8358745961551013,726.2520347557306,0.12991849324089572,0.0,0.85,24,0.698310427813382,0.708313893519073,0.5849520345468223,1.0,0.1696267678229577,1.0,0.7308905468276916,0.0,MINING_COAL_FIRE
355.24551476280146,296.59794448454784,58.647570278253625,70.93634831371122,4.275781676813877,923.9769288185466,0.21549190092751208,0.0,0.65,3,0.2086504715872904,0.3953597379829713,0.4019027302889157,0.0,67.51664632245851,0.0,0.0,0.0,WILDFIRE_FOREST
313.89136075308977,298.23528068813664,15.65608006495313,22.697779982645624,3.1653813721352972,574.9854152643818,0.04714020016238282,0.0,0.65,1,0.15918890133067246,0.0,0.3916664112901017,0.0,57.70570954794606,0.0,0.0,0.0,AGRICULTURAL_BURNING
329.7856733335916,300.8544458280245,28.931227505567108,8.496065199902873,2.2508775233224303,632.7883804507687,0.09766065001590603,1.0,0.7,16,0.9243246886367058,1.2974720101698627,0.6899915091859258,1.0,0.7567341511168261,1.0,0.1694202834635029,0.0,MINING_COAL_FIRE
334.42392019720666,304.7030524528514,29.720867744355246,17.156154187416966,2.8990095769252537,651.6898671347677,0.0823021693608881,0.0,0.4,1,0.14003968412827472,0.0,0.34437361780080067,0.0,40.41159615463508,0.0,0.0,0.0,AGRICULTURAL_BURNING
323.0492329581604,294.32878256318645,28.720450394973966,19.825019205863168,3.0361551103028135,669.5506199389575,0.09705842969992562,0.0,0.85,23,0.9403045144454677,0.9170000078480816,0.8399961013983227,1.0,0.9456333187281325,1.0,-0.34019517540156147,0.0,MINING_COAL_FIRE
334.6487134088459,298.835804748353,35.812908660492894,9.304677797958401,2.33259794727995,717.2183389939279,0.11732259617283684,0.0,0.7,23,0.7803478684392299,1.3937337209592648,0.7222366281322066,1.0,1.0604950705876968,1.0,0.7215309490144515,0.0,MINING_COAL_FIRE
378.4935394646397,300.7247151654907,77.768824299149,261.4966188877831,5.570238201521232,1311.959507624494,0.24219664085471143,0.0,0.95,4,0.3908174232674312,0.9818692461215239,0.3661014380927472,1.0,0.6935788640352569,1.0,4.619270173577465,1.0,INDUSTRIAL_ACCIDENTAL_FIRE
323.41454914194424,293.19784196935444,30.216707172589793,14.237292628973805,2.7237458854595777,668.0369527133373,0.10133344906454227,1.0,0.7,9,0.9491219063066617,1.2173282712489186,0.6888920995437137,1.0,0.837021442106524,1.0,0.6988828830087876,0.0,MINING_COAL_FIRE
356.04206783773805,295.7812402431961,60.26082759454192,19.14418681453848,3.0029157512134406,929.4667058804397,0.22086942531513973,0.0,0.65,2,0.20685257132720253,0.2880219447352049,0.43576005701176546,0.0,65.84028769103165,0.0,0.0,0.0,WILDFIRE_FOREST
338.9280791627825,294.69986629968076,44.22821286310176,10.563133937388825,2.4478219283530094,692.4516990403786,0.141366322466005,0.0,0.7,6,0.8698204761123982,1.1792468323041747,0.8252219375107566,1.0,1.920526598801277,1.0,0.5390103840182578,0.0,MINING_COAL_FIRE
377.1803540511833,298.1917797057248,78.98857434545852,242.95800479869524,5.496996098999564,1313.8556543906723,0.24568164098702433,0.0,0.95,5,0.2660090901544053,1.2943109514833377,0.20813459652385344,1.0,0.19038893129749962,1.0,6.392460916251208,1.0,INDUSTRIAL_ACCIDENTAL_FIRE
351.4139317769893,302.6798112200695,48.73412055691978,29.04481759800109,3.402690186807273,1049.2938628323898,0.10246824111383956,1.0,1.0,39,0.7283094405551932,1.4234861994057062,0.9426351572404854,1.0,1.6039976733834744,1.0,-0.10020907270520274,0.0,INDUSTRIAL_PERSISTENT_SOURCE
352.42764606298766,299.5513354688112,52.87631059417646,29.517515360430096,3.418300792893553,1066.9673072980574,0.11075262118835293,0.0,0.75,10,0.7755837018795304,1.417751635369275,0.6892629000373061,1.0,1.0278761244612362,1.0,-0.1263617780650863,0.0,INDUSTRIAL_PERSISTENT_SOURCE
343.41460059054134,295.75681332169995,47.65778726884139,33.98299122076892,3.554861978249207,1040.2718389684499,0.10031557453768278,1.0,1.0,43,0.9806800818373318,1.0406982945535548,0.7811101176349312,1.0,1.684670845558866,1.0,0.09766338636129701,0.0,INDUSTRIAL_PERSISTENT_SOURCE
349.76061999687,286.6952990415142,63.06532095535579,66.18238818031361,4.207411132529874,990.7975484621034,0.2302177365178526,1.0,1.0,2,0.23576721603724152,0.43116913426801107,0.49922447978522755,0.0,52.12588583726945,0.0,0.0,0.0,WILDFIRE_FOREST
333.5404915857616,293.0894869819762,40.45100460378535,15.87740179595633,2.8259755552800963,678.2812061180051,0.13057429886795813,0.0,0.7,22,0.8700495596695867,1.3522583581261989,0.7151149705925118,1.0,1.276503732621408,1.0,0.39737638891365834,0.0,MINING_COAL_FIRE
328.6063540721542,306.35147636281505,22.254877709339155,14.985584622070323,2.771687355009762,595.7955522285689,0.06363719427334788,0.0,0.8,2,0.05696511445234221,0.0,0.349228260043968,0.0,53.07602952449829,0.0,0.0,0.0,AGRICULTURAL_BURNING
342.7305316985069,299.99537793004185,42.73515376846507,35.907350711454626,3.6084107374800296,999.7610995669321,0.09047030753693014,1.0,0.9,15,0.9390377159176336,0.9468651655991428,0.6538464948531818,1.0,1.6320547454673673,1.0,-0.4406860683263081,0.0,INDUSTRIAL_PERSISTENT_SOURCE
337.2587235041568,289.7625276031856,47.4961959009712,42.79231023102702,3.7794582364673075,1056.2814186617452,0.0999923918019424,1.0,1.0,34,0.9615537758071777,1.2294254391718638,0.8921321060958538,1.0,0.5693561231840764,1.0,0.30138098294129345,0.0,INDUSTRIAL_PERSISTENT_SOURCE
321.0328950551584,297.5163077069782,23.516587348180224,7.763452222608915,2.1705899166544094,629.8308102202163,0.06679146837045055,0.0,0.8,2,0.1319424300966964,0.0,0.26327491434869155,0.0,11.029374248150125,0.0,0.0,0.0,AGRICULTURAL_BURNING
356.0604856823814,289.8891096157125,66.17137606666887,30.132569530206734,3.438254522974737,1142.641712503728,0.13734275213333774,0.0,0.75,41,0.962049182241626,1.6227680781039704,0.7795415302357735,1.0,1.9887525653674953,1.0,-0.4457570847951611,0.0,INDUSTRIAL_PERSISTENT_SOURCE
343.8784862897462,291.77523057033426,52.10325571941195,40.07232666007762,3.715334577449261,906.5026057655917,0.19367751906470648,0.0,0.85,1,0.12376772084814706,0.19137337996336523,0.2836122036862126,0.0,21.23861303857939,0.0,0.0,0.0,WILDFIRE_FOREST
324.20908405901946,299.9367452903699,24.272338768649547,57.897545260651405,4.075799413399436,760.8792369593089,0.10090779589549849,0.0,0.65,3,0.10051640182323918,0.1655032674096255,0.2097872664219141,0.0,28.24403622495359,0.0,0.0,0.0,WILDFIRE_FOREST
323.64216995504324,293.65416670472433,29.98800325031891,24.15808249296437,3.225179216406629,650.8638686196485,0.10068000928662546,1.0,0.7,19,0.9260611629125463,1.3225363284150138,0.8408390588637495,1.0,2.247096962689892,1.0,0.11406620625839747,0.0,MINING_COAL_FIRE
312.79914680556413,298.3796839760229,14.41946282954126,20.23946640715363,3.055861073984427,592.6923201724998,0.04404865707385315,0.0,0.4,1,0.07634914714268673,0.0,0.3616160294138481,0.0,46.243205002887784,0.0,0.0,0.0,AGRICULTURAL_BURNING
344.6992734371584,293.08693170872334,51.61234172843507,41.05281934193302,3.7389264315419655,890.3211431634568,0.19204113909478354,1.0,0.85,1,0.020502341736278164,0.33377786059182285,0.4419065842380769,0.0,62.97687264766089,0.0,0.0,0.0,WILDFIRE_FOREST
334.19374956478714,295.68080193808845,38.51294762669869,17.411592803365103,2.912980509881906,679.5521236416193,0.10428236906674673,0.0,0.65,2,0.08304167677162032,0.0,0.18291380359476986,0.0,9.529057266018249,0.0,0.0,0.0,AGRICULTURAL_BURNING
349.7428563309265,289.1937592840646,60.5490970468619,57.708538272152715,4.072585172340713,956.8680881049002,0.22183032348953965,0.0,0.85,2,0.07724662859443415,0.1510506969032026,0.48645176290296793,0.0,17.751091183285745,0.0,0.0,0.0,WILDFIRE_FOREST
354.9768437841703,301.7239490494392,53.25289473473106,25.126009776558547,3.2629313612723143,1079.96653524203,0.11150578946946212,1.0,0.9,19,0.8696852816688662,1.3917789111240926,0.7568633951761607,1.0,0.38964847048501783,1.0,-0.7316488219178252,0.0,INDUSTRIAL_PERSISTENT_SOURCE
317.8156855528974,300.07274557094075,17.742939981956624,22.991097927774348,3.1776828418641583,595.3824994536126,0.05235734995489156,0.0,0.8,2,0.03583362939929657,0.0,0.28249907654409734,0.0,56.59436498019375,0.0,0.0,0.0,AGRICULTURAL_BURNING
353.9059167276217,291.40567182334854,62.50024490427313,56.284957831891354,4.048038073234492,966.5152635020181,0.22833414968091043,1.0,1.0,2,0.20030079722621663,0.19716437603646675,0.37111286010464706,0.0,43.163852374567114,0.0,0.0,0.0,WILDFIRE_FOREST
371.08809102724706,305.91769950890017,65.17039151834689,315.13045350549044,5.7561549559460845,1221.8335643756118,0.20620111862384824,0.0,0.85,3,0.1630983542660324,1.2883694392640526,0.42536592300648945,1.0,1.764381751309296,1.0,6.708976105276135,1.0,INDUSTRIAL_ACCIDENTAL_FIRE
328.27874291845274,301.4822306220952,26.796512296357548,43.08001320251528,3.7860064643572113,939.124472981193,0.05859302459271509,1.0,1.0,19,0.8620638525768533,0.9229254225615965,0.6690826988529502,1.0,2.0498425852365045,1.0,-0.4450363300179765,0.0,INDUSTRIAL_PERSISTENT_SOURCE
325.2407091622413,298.00563835048257,27.235070811758703,15.964143888124536,2.8311019335455154,660.0239286311131,0.09281448803359629,1.0,0.7,12,0.7441366508085282,1.0748604311740078,0.774307302738591,1.0,0.9985697521224387,1.0,0.35043316674427805,0.0,MINING_COAL_FIRE
378.31577565263905,304.3108679744091,74.00490767822993,129.3253527983855,4.870034037716575,1297.46623286525,0.2314425933663712,1.0,0.85,1,0.2859730197092244,1.170107093368905,0.3890711975606106,0.0,1.7273712124185454,1.0,4.041091328060478,1.0,INDUSTRIAL_ACCIDENTAL_FIRE
323.1983158689865,295.9374530977642,27.26086277122232,167.30877007173984,5.125800209593936,765.7716915254181,0.11086954257074108,0.0,0.65,1,0.13856152915907724,0.19799564230893407,0.20864041117080007,0.0,39.099618286292426,0.0,0.0,0.0,WILDFIRE_FOREST
339.4638680006237,296.9892293691405,42.474638631483174,13.643415102953975,2.6839907533891667,719.6363201095047,0.1363561103756662,0.0,1.0,10,0.8666782213061379,0.9605810493263265,0.7301064056527246,1.0,2.365023331692006,1.0,-0.09040449990201799,0.0,MINING_COAL_FIRE
347.5512588542636,293.3319811306186,54.21927772364501,35.15607285670287,3.5878449249994864,904.6592383579258,0.20073092574548335,1.0,0.85,2,0.1612349464873016,0.10251105342265884,0.25439392444539866,0.0,18.517518568377906,0.0,0.0,0.0,WILDFIRE_FOREST
361.1705689320298,301.02485945475553,60.145709477274295,34.54898404634167,3.570911577678908,1108.862903157406,0.1252914189545486,1.0,0.9,10,0.8441707344881384,1.5709527768174953,0.8015996100007641,1.0,1.967254800917684,1.0,0.14107586958054963,0.0,INDUSTRIAL_PERSISTENT_SOURCE
356.3415197279551,290.92663230036317,65.4148874275919,30.86991938225922,3.461662598845224,1147.7943045492295,0.13582977485518383,1.0,1.0,40,0.8963232581701983,1.4469864918690822,0.7714117622987511,1.0,1.9658926951362405,1.0,-0.612018141166796,0.0,INDUSTRIAL_PERSISTENT_SOURCE
353.10204735626246,293.03413866361353,60.06790869264893,47.24392506329106,3.8762699144342223,1142.895467997157,0.12513581738529786,0.0,0.75,20,0.8334185938567928,1.4885947992782236,0.8355755447216346,1.0,1.6879323697602255,1.0,-0.7341042635089401,0.0,INDUSTRIAL_PERSISTENT_SOURCE
343.36148927132587,292.97917858018013,50.38231069114573,18.718184649772194,2.9815412886374637,903.6079464074994,0.18794103563715242,0.0,1.0,2,0.21341272575566583,0.3644088332638402,0.46408737890402907,0.0,59.94137805431273,0.0,0.0,0.0,WILDFIRE_FOREST
386.85968852709806,302.41509240572566,84.4445961213724,179.45493607392183,5.1954810849619575,1357.8393194790815,0.2612702746324926,0.0,0.95,5,0.2347520459330293,1.2742820636286432,0.29142510659491694,1.0,0.7380074766145266,1.0,5.702386840792864,1.0,INDUSTRIAL_ACCIDENTAL_FIRE
325.97946255772086,297.67937353773414,28.30008901998673,18.43108244837893,2.9668739719960584,657.9600702718893,0.09585739719996209,0.0,0.7,10,0.880875711852904,1.082288166658254,0.6624823439057941,1.0,1.5247068180860335,1.0,-0.3741443264263139,0.0,MINING_COAL_FIRE
324.81389516493454,307.0879379245175,17.725957240417017,15.205533917720183,2.785352783765661,567.8626038281794,0.052314893101042544,0.0,0.65,2,0.12605874581189225,0.0,0.1470501099689089,0.0,44.90281268004687,0.0,0.0,0.0,AGRICULTURAL_BURNING
323.8530939454953,300.589340252985,23.263753692510306,5.775362549932268,1.913292878239132,617.5882938866195,0.0814678676928866,0.0,0.7,28,0.7355149994139011,0.7916027464272624,0.7892864544053602,1.0,0.8246708162207468,1.0,0.2884027907282344,0.0,MINING_COAL_FIRE
336.60488306242405,297.07587455404087,39.529008508383185,36.79851241180596,3.6322697476661183,815.2705287455268,0.1517633616946106,0.0,0.65,3,0.20914995137764494,0.30272741634988737,0.33999031098505617,0.0,68.51773574614418,0.0,0.0,0.0,WILDFIRE_FOREST
353.8866209180343,299.64577467861665,54.240846239417635,76.16353244037924,4.345926967709935,913.3935231374795,0.20080282079805878,1.0,1.0,1,0.03711145360554816,0.18704213331489727,0.3295150655079834,0.0,49.174903286709885,0.0,0.0,0.0,WILDFIRE_FOREST
334.44366959614007,288.7224478150331,45.721221781106976,15.716794664204127,2.8164138825921237,720.6275328640078,0.1456320622317342,1.0,0.85,28,0.693309151890646,1.2325431393369848,0.5896951047571302,1.0,0.49176779245262914,1.0,0.5463165901054308,0.0,MINING_COAL_FIRE
328.82207511475934,287.8674834740192,40.95459164074015,20.252043969762084,3.0564530775571046,887.0669667363904,0.1565153054691338,0.0,1.0,1,0.1436591467171662,0.17196172166369667,0.36327541318267215,0.0,78.78612178506803,0.0,0.0,0.0,WILDFIRE_FOREST
378.6362319430332,306.7858131211769,71.8504188218563,197.3435804775903,5.2900007818164285,1259.7760833663385,0.2252869109195894,1.0,0.95,1,0.6076271708345532,1.1189597269499991,0.31704640923053784,0.0,1.0725500458654256,1.0,3.0719603194612244,1.0,INDUSTRIAL_ACCIDENTAL_FIRE
331.9228058713949,303.1932779342778,28.729527937117155,7.53234359029961,2.143864070578803,641.8406567411262,0.07982381984279288,0.0,0.4,2,0.04853004080162195,0.0,0.2141698398841649,0.0,17.98945903655825,0.0,0.0,0.0,AGRICULTURAL_BURNING
329.43251630856287,298.0425255539012,31.389990754661653,13.893290463185899,2.7009108070497345,641.3604551250553,0.10468568787046187,1.0,1.0,8,0.6741130298057786,1.3629618273268864,0.5724273540165341,1.0,1.7358908233063166,1.0,-0.40842158036683124,0.0,MINING_COAL_FIRE
330.9328826356339,295.13965156034766,35.79323107528626,11.441639584062195,2.5210488779881732,643.1967120351724,0.09748307768821565,0.0,0.4,2,0.1498515408607655,0.0,0.24294454863658602,0.0,49.67952742552193,0.0,0.0,0.0,AGRICULTURAL_BURNING
328.46093892555456,303.21466893817643,25.246269987378128,19.354213970200792,3.0132879651543387,633.6229603169654,0.07111567496844531,0.0,0.4,1,0.13197051357528994,0.0,0.36149103115601655,0.0,35.39490200060567,0.0,0.0,0.0,AGRICULTURAL_BURNING
324.86348605669787,300.37522875446416,24.488257302233706,34.23653087172046,3.5620833533084357,763.1466904024769,0.10162752434077903,0.0,0.85,1,0.22867111394740808,0.4033128801252056,0.4384188022208836,0.0,43.75587070293569,0.0,0.0,0.0,WILDFIRE_FOREST
331.7654656384437,286.7827758669514,44.98268977149229,53.184098457962776,3.992387479014945,873.1398464359561,0.16994229923830761,1.0,1.0,1,0.13829381444990962,0.2036287311974076,0.3684848479374365,0.0,12.747071517839299,0.0,0.0,0.0,WILDFIRE_FOREST
335.0608695011535,294.90807708674583,40.15279241440766,22.116309557226092,3.1405384098361075,847.4022808363738,0.15384264138135884,0.0,1.0,3,0.19350646977072922,0.3534734407846759,0.3098985574096275,0.0,25.734725686286854,0.0,0.0,0.0,WILDFIRE_FOREST
331.51944019820843,289.61121488154333,41.908225316665096,42.3222680701356,3.7686667769519016,1025.3366029898675,0.0888164506333302,1.0,1.0,12,0.9645538227193351,1.3866817516986207,0.9403909390309866,1.0,0.24053710910823975,1.0,-0.31056880595259817,0.0,INDUSTRIAL_PERSISTENT_SOURCE
352.01929887388167,287.7169684896182,64.30233038426348,112.99812854106334,4.736182031953285,975.8901002611764,0.23434110128087826,0.0,0.65,2,0.11619877724889102,0.34854965889688483,0.4285044067940955,0.0,20.75153722569675,0.0,0.0,0.0,WILDFIRE_FOREST
315.6668945674432,301.7359490635432,13.930945503899977,9.852548270716206,2.3843999160707967,582.1285372735314,0.042827363759749944,0.0,0.4,1,0.02713681342765479,0.0,0.3514576104350753,0.0,38.130029577010966,0.0,0.0,0.0,AGRICULTURAL_BURNING
329.42834692800034,303.23430682645545,26.194040101544886,12.063264307287609,2.569804039575983,631.4102648666825,0.0734851002538622,0.0,0.8,2,0.1606029360622774,0.0,0.18434545102439379,0.0,12.444935396814179,0.0,0.0,0.0,AGRICULTURAL_BURNING
345.4769806308378,297.27424590469417,48.2027347261436,83.49319240785327,4.436670967897066,942.1063117869854,0.18067578242047866,1.0,0.65,3,0.07235043308760768,0.18772959301454933,0.2419221978693063,0.0,27.622003608836383,0.0,0.0,0.0,WILDFIRE_FOREST
337.63744091016997,288.75768590333945,48.87975500683052,69.63913270453142,4.257584278538162,886.7709565836586,0.18293251668943505,0.0,0.85,1,0.21604175588912158,0.1501725539188025,0.250429234329983,0.0,80.72301624355059,0.0,0.0,0.0,WILDFIRE_FOREST
354.74119425995616,291.6556231785651,63.08557108139104,51.89016731462404,3.968217448518225,1141.1968129415427,0.13117114216278208,1.0,1.0,10,0.8293071197593442,1.2247256802402022,0.8758542425274152,1.0,0.6868506929101135,1.0,0.6637454745730016,0.0,INDUSTRIAL_PERSISTENT_SOURCE
333.96338877554183,304.6321661450892,29.331222630452658,9.67140271392826,2.3675675200215913,633.4759679849677,0.08132805657613165,0.0,0.8,1,0.0702175152658269,0.0,0.17704574974169573,0.0,22.826669978277582,0.0,0.0,0.0,AGRICULTURAL_BURNING
375.11619726697256,299.99978750740064,75.11640975957192,128.1029668723476,4.860610278784099,1301.831027593675,0.2346183135987769,1.0,0.85,5,0.345929686594013,1.4660094201079767,0.3717712559278563,1.0,1.2611288822926456,1.0,3.7602870019751604,1.0,INDUSTRIAL_ACCIDENTAL_FIRE
336.57418738185515,291.055760899165,45.51842648269013,41.77219015053477,3.7558881285624195,1055.347854635178,0.09603685296538027,0.0,0.75,28,0.8812332597811445,1.77994153154295,0.6823773664894982,1.0,0.7620389461370571,1.0,1.1035310322846534,0.0,INDUSTRIAL_PERSISTENT_SOURCE
324.27988584447036,290.99805700029685,33.2818288441735,12.092197415116932,2.57201643559009,694.1067404944478,0.11009093955478144,1.0,1.0,11,0.8886015546153055,0.9856644954132889,0.6033048801417452,1.0,3.130002069149829,0.0,-0.02490959305524415,0.0,MINING_COAL_FIRE
381.53152859884796,305.329890113418,76.20163848542995,136.6547092543018,4.924748442803637,1292.1957903718537,0.23771896710122842,1.0,1.0,3,0.28892258160328277,1.2464418992919142,0.38702362571947724,1.0,0.5439593232226325,1.0,5.863934068143565,1.0,INDUSTRIAL_ACCIDENTAL_FIRE
340.1488703206074,300.0012156645819,40.14765465602551,9.755341230890075,2.375402489867714,705.015971804842,0.12970758473150146,1.0,0.85,12,0.6263334777131695,1.3627370998478223,0.7090657143462982,1.0,0.5966393054584029,1.0,-0.26775025392620466,0.0,MINING_COAL_FIRE
387.83264918071626,302.9597487077747,84.87290047294158,143.36209476101416,4.972324690344109,1333.0859151598293,0.26249400135126166,1.0,1.0,5,0.46045429510885405,0.8307299598501037,0.1580124229370546,1.0,1.710874593550977,1.0,6.376015419218129,1.0,INDUSTRIAL_ACCIDENTAL_FIRE
341.6475067029729,290.3705084764104,51.27699822656251,15.45764564226919,2.8007901499193513,730.9724925877888,0.16150570921875002,1.0,0.85,11,0.6427110303125046,0.740314280124894,0.6007215407670295,1.0,1.894197993320106,1.0,-0.11336189163981453,0.0,MINING_COAL_FIRE
352.8121973935052,299.03195292896527,53.78024446453992,44.94889835035677,3.8275298735492598,1083.7510129293978,0.11256048892907984,1.0,0.9,13,0.9440684833297665,0.9081883631526985,0.6726236527978365,1.0,0.19443982807174096,1.0,1.0032624589727202,0.0,INDUSTRIAL_PERSISTENT_SOURCE
356.88179061757086,295.9927069842489,60.889083633321945,30.77174074705365,3.458577238944495,1121.688539864446,0.1267781672666439,1.0,1.0,7,0.7314361080878206,0.9857240405755826,0.6582411687538955,1.0,1.0474815111490492,1.0,0.7663200580558056,0.0,INDUSTRIAL_PERSISTENT_SOURCE
312.39446539037584,296.7696943808817,15.624771009494168,14.013243881581033,2.708932736991559,593.2160320381406,0.04706192752373542,0.0,0.8,1,0.08547983352694344,0.0,0.10306125618557356,0.0,55.69653847647911,0.0,0.0,0.0,AGRICULTURAL_BURNING
369.6243512953546,305.75196079501217,63.87239050034242,170.6735772981022,5.1455948672908205,1217.4786679638898,0.2024925442866926,0.0,0.85,5,0.5668249809687927,1.1552124562838195,0.33708556253155086,1.0,0.9979834217175071,1.0,4.220966271952021,1.0,INDUSTRIAL_ACCIDENTAL_FIRE
318.70289989905996,298.01118343300726,20.691716466052696,17.53148483856718,2.9194711686879384,602.1644911782785,0.05972929116513174,0.0,0.4,2,0.12958873792929984,0.0,0.10270100497702807,0.0,35.07411142529817,0.0,0.0,0.0,AGRICULTURAL_BURNING
329.6812128470978,300.73129050847854,28.949922338619274,29.74207632057906,3.425632280415593,962.4302614268252,0.06289984467723855,0.0,0.75,17,0.8820097634549847,1.1119242753097895,0.6913184904551424,1.0,0.041712235825381236,1.0,-0.3070441808465276,0.0,INDUSTRIAL_PERSISTENT_SOURCE
355.2871941678532,300.6856287257509,54.6015654421023,49.36003492099371,3.9191979026031043,1075.851937131448,0.1142031308842046,0.0,1.0,20,0.9782915845990221,1.2650574512298982,0.8538655509718052,1.0,0.27182902223322114,1.0,-0.6682119635761608,0.0,INDUSTRIAL_PERSISTENT_SOURCE
340.7005804747569,297.2737781963329,43.42680227842402,21.351775540478393,3.106905760431185,731.9953954649785,0.13907657793835435,1.0,0.85,7,0.920958488332243,1.1890045501076156,0.8160290935125853,1.0,2.807426447839156,1.0,0.351849927236929,0.0,MINING_COAL_FIRE
323.4069199454748,288.9791605530792,34.42775939239556,14.733076254291785,2.7557652640203147,668.628414926871,0.11336502683541588,1.0,0.85,7,0.797532461311067,1.2147417252699415,0.6315336322624904,1.0,2.2792789463909284,1.0,0.5017111581982188,0.0,MINING_COAL_FIRE
332.4440702102856,296.2447995352846,36.199270675001,12.292780259294883,2.5872210501910096,670.4247244250012,0.09849817668750252,0.0,0.8,1,0.1396700178905974,0.0,0.30512046334642806,0.0,32.820824881113126,0.0,0.0,0.0,AGRICULTURAL_BURNING
365.15900019192816,311.650940281232,53.50805991069615,282.0900118188556,5.64576491003609,1195.887771424374,0.17288017117341756,1.0,0.85,3,0.5604307365766763,0.9309306239902664,0.21328773274148527,1.0,0.9088103637028728,1.0,5.31467264061108,1.0,INDUSTRIAL_ACCIDENTAL_FIRE
330.75602517183853,298.74679472338187,32.00923044845666,38.292161153497425,3.6710250372370083,965.6603262951534,0.06901846089691333,1.0,1.0,39,0.8220599933401755,0.9984203127985309,0.7691873878837717,1.0,0.5641818556150718,1.0,0.39855503564718364,0.0,INDUSTRIAL_PERSISTENT_SOURCE
331.3297333676097,290.03483422250025,41.29489914510947,24.340738632778944,3.2324133233544763,726.8904079847553,0.1329854261288842,1.0,0.85,29,0.6959726617710856,1.3532144580849161,0.6963276287883184,1.0,3.4694021763174625,0.0,0.7730036719792546,0.0,MINING_COAL_FIRE
331.1102785716538,287.5002713503648,43.61000722128898,21.38098435937295,3.1082116858027073,842.2839070300572,0.16536669073762994,0.0,1.0,1,0.1800486318177008,0.1270601404089291,0.4046916388601184,0.0,62.50943194322802,0.0,0.0,0.0,WILDFIRE_FOREST
336.51642018949195,300.0885876380016,36.427832551490326,29.794636608768386,3.4273405387371327,979.5016076300203,0.07785566510298066,0.0,0.75,7,0.9056468855309219,0.9706826185135189,0.7569214207548994,1.0,0.6296890072712462,1.0,-0.7271491133965597,0.0,INDUSTRIAL_PERSISTENT_SOURCE
333.87553930600217,288.56809641362526,45.30744289237691,6.590138089359064,2.0268497848334817,718.1465943864054,0.1444498368353626,1.0,0.7,16,0.6783203991798223,1.3977750149273276,0.5600931467631287,1.0,0.21877835032174187,1.0,0.23127969668595427,0.0,MINING_COAL_FIRE
383.41938368820183,306.6299944832062,76.78938920499564,120.01212546199838,4.79589075100575,1276.9894482877598,0.2393982548714161,1.0,0.95,2,0.18072314506539375,0.8947488044812989,0.16917372720689555,0.0,0.8505253477723044,1.0,7.220368578533192,1.0,INDUSTRIAL_ACCIDENTAL_FIRE
323.4467869556454,297.21352032334323,26.23326663230216,14.82466606540903,2.761569866095686,661.0802817835778,0.08995219037800617,0.0,0.85,16,0.6947596347213219,1.1583989670177282,0.5620386367234768,1.0,1.9338050144234478,1.0,0.17641173885228512,0.0,MINING_COAL_FIRE
341.8197324103705,299.57754052845166,42.242191881918814,44.35099877617328,3.8144322000490187,1017.729506090697,0.08948438376383763,0.0,1.0,22,0.9632507606585519,1.6121796428814004,0.7102734019056567,1.0,1.074852436750085,1.0,1.0729866626204514,0.0,INDUSTRIAL_PERSISTENT_SOURCE
313.10309512826666,306.15739703027015,6.945698097996512,5.58904338162756,1.8854081758571266,552.4530781371968,0.02536424524499128,0.0,0.4,2,0.17912446720050473,0.0,0.18460250103191683,0.0,5.650805973387467,0.0,0.0,0.0,AGRICULTURAL_BURNING
319.79047688270236,294.63899167032343,25.15148521237893,12.134813487307508,2.575266223364628,607.7483552411402,0.07087871303094734,0.0,0.65,2,0.1454220776047241,0.0,0.20167771509091292,0.0,27.93437318059277,0.0,0.0,0.0,AGRICULTURAL_BURNING
350.2119794511131,300.2346349744735,49.97734447663959,88.3806872627011,4.492904632698177,933.4532349670171,0.18659114825546527,0.0,1.0,3,0.0573128013521943,0.3312267611984987,0.30936259102666597,0.0,80.62889821166888,0.0,0.0,0.0,WILDFIRE_FOREST
318.65575060706584,296.07920534929553,22.576545257770306,22.095730140021317,3.139647758018962,594.6068944096787,0.06444136314442576,0.0,0.65,2,0.14473981720570664,0.0,0.13962363470419514,0.0,25.03231635495771,0.0,0.0,0.0,AGRICULTURAL_BURNING
340.94144372674486,297.5959016980761,43.345542028668774,19.253422651197354,3.008323799082524,725.1229597985158,0.1388444057961965,0.0,0.7,23,0.9114750860159773,0.9188637803421372,0.5890490781633007,1.0,2.456913245138149,1.0,0.03861424532805069,0.0,MINING_COAL_FIRE
327.8548778339772,295.698026481711,32.15685135226619,54.87764061389875,4.023164311126197,803.5076634981033,0.12718950450755395,0.0,0.65,2,0.13468570648126416,0.3056466202524294,0.30606465626130114,0.0,25.333568168295372,0.0,0.0,0.0,WILDFIRE_FOREST
348.0420073051704,295.06758839067214,52.974418914498244,42.877377456996626,3.7813988673720185,1076.9866326037097,0.11094883782899649,1.0,0.75,33,0.8014565684663478,1.1363702511294662,0.8013263119145639,1.0,1.2700155444569945,1.0,0.7688162332364075,0.0,INDUSTRIAL_PERSISTENT_SOURCE
336.6686097156713,291.75472045753776,44.913889258133565,16.7899230831307,2.8786321780669746,672.8357333669354,0.14332539788038162,1.0,1.0,13,0.7228982347584797,0.7405619594877013,0.8136865333876071,1.0,0.998241146671792,1.0,-0.37882508799266956,0.0,MINING_COAL_FIRE
330.4222828380762,298.2879069001763,32.134375937899904,3.6116144965744086,1.5285780118738477,649.6862027196516,0.08833593984474977,0.0,0.8,2,0.10928657183052569,0.0,0.38186941097040383,0.0,53.934860754998304,0.0,0.0,0.0,AGRICULTURAL_BURNING
328.86401155995634,292.8513849782279,36.012626581728455,8.921461558077247,2.294700244927716,686.9903581674882,0.11789321880493844,1.0,1.0,15,0.8825436098118931,1.3766549976774787,0.6670836591965656,1.0,3.4570246954201362,0.0,0.5357403723021743,0.0,MINING_COAL_FIRE
333.97272181510283,291.24778551555494,42.72493629954789,49.56076440400525,3.9231758684744187,839.4240183891156,0.1624164543318263,0.0,1.0,2,0.23598870012401463,0.17311760120802444,0.48428194862147156,0.0,67.64401384622018,0.0,0.0,0.0,WILDFIRE_FOREST
336.1435726520367,290.51299462419126,45.630578027845445,18.75466939464736,2.98338988844857,711.5743992543354,0.1453730800795584,1.0,0.7,23,0.9330614241214918,1.2079954720103823,0.6284306129060508,1.0,1.040941718869988,1.0,0.0920845380321822,0.0,MINING_COAL_FIRE
312.88293400125195,305.2290663720923,7.653867629159663,8.197753409398851,2.2189592596040715,539.9976268055648,0.02713466907289916,0.0,0.65,1,0.08366431333959246,0.0,0.1886113548122458,0.0,12.054031166622963,0.0,0.0,0.0,AGRICULTURAL_BURNING
378.1149616645048,299.36350749574973,78.75145416875506,124.65651155841815,4.833552085634645,1305.0297181027017,0.2450041547678716,0.0,1.0,1,0.4813106395041602,1.2597156651789045,0.2138165224786432,0.0,0.7587863983905627,1.0,5.864979253993058,1.0,INDUSTRIAL_ACCIDENTAL_FIRE
319.3034466355182,299.55915153671583,19.744295098802354,14.105152185221963,2.7150358899432576,601.2087814627258,0.05736073774700588,0.0,0.4,2,0.027516312265767083,0.0,0.3003249953562942,0.0,8.61722734090166,0.0,0.0,0.0,AGRICULTURAL_BURNING
344.7114836782821,302.63290993531353,42.07857374296856,33.07643090431945,3.5286059694909295,1028.5868426824911,0.08915714748593712,1.0,1.0,30,0.8364077545416113,1.5716289106316594,0.7026800419125552,1.0,0.7464669944005863,1.0,0.7334104759936297,0.0,INDUSTRIAL_PERSISTENT_SOURCE
341.8140376092363,297.68482758849416,44.129210020742164,35.919712026705646,3.608745609677516,888.9242629338725,0.1670973667358072,1.0,1.0,3,0.14219164114099225,0.3494513010354924,0.46459627722983887,0.0,36.82795236470942,0.0,0.0,0.0,WILDFIRE_FOREST
337.9430213560435,299.9740949481946,37.968926407848926,24.335998420096907,3.2322262468783047,1013.676136852152,0.08093785281569786,0.0,0.9,18,0.9475526792731075,1.0668706360444569,0.8036054380026407,1.0,1.7276739883956729,1.0,0.9525846970478749,0.0,INDUSTRIAL_PERSISTENT_SOURCE
330.09693584311253,294.75096255623635,35.34597328687619,44.038691087676135,3.807521922300719,988.6693898162824,0.07569194657375238,0.0,1.0,40,0.7162186415371854,1.1514055367489036,0.7608173493365341,1.0,0.46628840961099766,1.0,-0.6943482121827951,0.0,INDUSTRIAL_PERSISTENT_SOURCE
336.2323737931396,287.21168820811516,49.02068558502441,112.17200205005909,4.728908803464291,921.3172253696416,0.18340228528341468,0.0,0.65,3,0.179744654028573,0.3867307018940358,0.22396810633740827,0.0,40.27225567829909,0.0,0.0,0.0,WILDFIRE_FOREST
313.9728381475664,297.9253667769953,16.04747137057109,6.353011765562052,1.9951099933164433,581.9819153846705,0.04811867842642772,0.0,0.8,2,0.1675017871209385,0.0,0.3173566007002879,0.0,28.340722185763298,0.0,0.0,0.0,AGRICULTURAL_BURNING
333.2652201645618,298.4710854415968,34.794134722965,15.170994394867915,2.783219167979453,638.8026841000227,0.0949853368074125,0.0,0.4,2,0.0744536836813407,0.0,0.20691235488797366,0.0,40.62412341774908,0.0,0.0,0.0,AGRICULTURAL_BURNING
340.88191644254687,295.7803193835381,45.10159705900878,16.70033898924923,2.873583791331372,717.6632805328848,0.14386170588288222,1.0,0.7,14,0.7273165442436075,1.31938078660197,0.7041714137649019,1.0,0.5691086526783574,1.0,-0.2781778058176091,0.0,MINING_COAL_FIRE
339.5928631577245,300.0819942456088,39.510868912115654,52.69891896464455,3.9833928702999817,1011.1548988950537,0.08402173782423131,1.0,0.75,38,0.9412630470895351,1.553455193456227,0.9253317957483318,1.0,0.758172479465539,1.0,-0.13340028025895,0.0,INDUSTRIAL_PERSISTENT_SOURCE
369.1065689020642,310.6002609858735,58.506307916190735,120.71868742606031,4.801712541418707,1187.4530091628756,0.18716087976054493,1.0,0.85,2,0.45025843021682666,1.386674874224807,0.2415335255421585,0.0,1.5793076357344018,1.0,3.624245009530213,1.0,INDUSTRIAL_ACCIDENTAL_FIRE
332.7641307926997,296.27365947945526,36.49047131324443,22.16654264279842,3.1427091103400366,662.6344140634977,0.11925848946641265,1.0,0.7,12,0.8486002185498644,0.7508275968172561,0.6230149837781827,1.0,1.2961809124284798,1.0,-0.4843350326348767,0.0,MINING_COAL_FIRE
353.21051911330926,293.67709596157937,59.53342315172989,52.48102897927739,3.9793269924988603,917.8383117182523,0.21844474383909962,0.0,1.0,2,0.02380407333667162,0.17869350115129107,0.34046527882639077,0.0,64.4125059834881,0.0,0.0,0.0,WILDFIRE_FOREST
344.9000510088541,288.76802576104967,56.13202524780445,59.44823765556053,4.101787422881655,959.7674940609371,0.20710675082601482,0.0,0.65,2,0.09217831947524717,0.2862821966868443,0.4305231629342103,0.0,31.94385594166697,0.0,0.0,0.0,WILDFIRE_FOREST
353.0371677789242,288.94430800214616,64.09285977677803,37.82476214332125,3.659058242636622,946.5869987244265,0.23364286592259342,0.0,0.65,2,0.21458078738140127,0.2903168595715295,0.23006956345288584,0.0,26.969021819575012,0.0,0.0,0.0,WILDFIRE_FOREST
366.7885197603398,307.6887077425564,59.09981201778339,250.8501065577127,5.528834095291481,1191.2527187596127,0.1888566057650954,1.0,1.0,3,0.37982229869286865,1.0772006764699307,0.14655342961756507,1.0,0.29497790926308504,1.0,5.707468358741513,1.0,INDUSTRIAL_ACCIDENTAL_FIRE
340.91052295976095,290.1230714213823,50.78745153837866,68.16640842735066,4.2365153174152015,926.6851135890952,0.18929150512792886,0.0,0.65,2,0.023999410872849798,0.442250871834189,0.3522680747331578,0.0,61.46576181461063,0.0,0.0,0.0,WILDFIRE_FOREST
333.26698052459005,298.6067596229589,34.660220901631135,18.378107372362948,2.964143942888887,686.971886914058,0.11402920257608895,1.0,0.7,24,0.8343471016789502,1.176246534506324,0.6682280945716202,1.0,1.1617709580234679,1.0,0.2516320261614102,0.0,MINING_COAL_FIRE
383.6999765271497,304.6393223218052,79.06065420534452,130.9219973149523,4.8822108184865805,1308.4248965165762,0.24588758344384148,1.0,0.95,1,0.3563967753033761,1.3595911152782856,0.34314376479904934,0.0,0.6526715310774082,1.0,5.611944473860326,1.0,INDUSTRIAL_ACCIDENTAL_FIRE
390.33071248218846,299.3731561309794,90.95755635120906,159.37879602065036,5.077538492308993,1400.0,0.27987873243202593,0.0,0.85,4,0.5823301960702089,1.1216127378841907,0.3747557903429699,1.0,0.9044219897881118,1.0,5.863040045181551,1.0,INDUSTRIAL_ACCIDENTAL_FIRE
331.17177108054693,299.081670433779,32.09010064676795,42.80405811121319,3.7797264640315076,972.8866308154384,0.0691802012935359,1.0,0.9,8,0.8466198910434752,1.687688824003223,0.8036633050430854,1.0,2.1126183834197585,1.0,0.9536850637635159,0.0,INDUSTRIAL_PERSISTENT_SOURCE
380.9498307129345,305.5289610863793,75.4208696265552,210.1165210495643,5.352410213514223,1330.1219917541323,0.23548819893301484,0.0,0.85,4,0.4281640036285397,0.9540620738099707,0.2813966617566762,1.0,0.5366741513661238,1.0,7.064070038475108,1.0,INDUSTRIAL_ACCIDENTAL_FIRE
388.1673430788997,300.7820195414784,87.3853235374213,401.7195120731758,5.998240319807944,1388.280746408747,0.26967235296406084,1.0,0.95,3,0.24942120204440257,0.8811083416675909,0.4020861990564577,1.0,0.0596637049663042,1.0,6.513825040496666,1.0,INDUSTRIAL_ACCIDENTAL_FIRE
348.35174242663305,300.1060205839328,48.24572184270028,118.65591536229998,4.7846202520148955,860.4330996583533,0.18081907280900092,0.0,0.65,3,0.084412237291808,0.11077529910126131,0.417140832989157,0.0,52.479416565440445,0.0,0.0,0.0,WILDFIRE_FOREST
330.5075276186067,299.4850691628153,31.022458455791366,11.264413825161983,2.5067018840825814,668.3295590219344,0.08555614613947843,0.0,0.65,2,0.08813398420151267,0.0,0.2062391909043086,0.0,55.93235223593261,0.0,0.0,0.0,AGRICULTURAL_BURNING
334.2250259099306,294.5817295812694,39.643296328661165,6.713071654415896,2.0429165069924506,682.9206359427053,0.1071082408216529,0.0,0.65,1,0.06368351518477941,0.0,0.30125731099920866,0.0,7.849056837869556,0.0,0.0,0.0,AGRICULTURAL_BURNING
335.5425323581934,289.8422632776062,45.70026908058719,31.562113883575208,3.483149461741178,873.0036373528332,0.17233423026862396,1.0,0.65,3,0.15278859679516515,0.352787002329491,0.4166063430080087,0.0,30.58648103855733,0.0,0.0,0.0,WILDFIRE_FOREST
338.2612018992793,301.4961461761331,36.76505572314619,48.18675070410702,3.895624292599981,968.7110879122538,0.07853011144629239,1.0,0.75,20,0.8867333075496517,1.3125271314836757,0.8086121959652157,1.0,1.3899271676573577,1.0,0.3547068024393354,0.0,INDUSTRIAL_PERSISTENT_SOURCE
384.04013819761826,300.32336853414097,83.7167696634773,191.65465915625478,5.260899255343726,1375.1483208603463,0.259190770467078,0.0,0.85,3,0.23111670289123967,0.8205549113716747,0.3880354561775201,1.0,1.593373577033127,1.0,5.430851713100398,1.0,INDUSTRIAL_ACCIDENTAL_FIRE
382.3995136228439,305.86078423143334,76.53872939141058,124.35839160319432,4.831176767742055,1331.0378664753487,0.23868208397545881,1.0,1.0,2,0.4496844828314669,0.8409856504707854,0.21698341154362127,0.0,1.031155165228299,1.0,2.9077842129597973,1.0,INDUSTRIAL_ACCIDENTAL_FIRE
360.1426360869024,288.85855040275214,71.28408568415028,37.27339501212775,3.6447550076045125,1193.1149193223803,0.14756817136830058,1.0,0.75,25,0.8587183757932584,1.4218466184429526,0.7347650802555916,1.0,2.049576990973433,1.0,-0.2745581128773944,0.0,INDUSTRIAL_PERSISTENT_SOURCE
335.99106415960523,297.7842166922767,38.206847467328544,41.061288770406144,3.7391278110415955,994.1017736447485,0.0814136949346571,1.0,0.9,43,0.7049047119772661,0.9063386231617276,0.8916488138096732,1.0,0.9033297708142188,1.0,-0.26073998246563446,0.0,INDUSTRIAL_PERSISTENT_SOURCE
336.1053049735478,296.5753005230322,39.530004450515605,23.29193979684195,3.1901445997201368,858.7284524006403,0.15176668150171868,0.0,0.85,3,0.20879626007977256,0.20087615403455344,0.2582979061621323,0.0,40.10141452678394,0.0,0.0,0.0,WILDFIRE_FOREST
334.8013956082527,294.4666764957992,40.334719112453456,21.93415610095706,3.132627332122863,708.8207918947273,0.13024205460700988,1.0,0.85,17,0.6487474656004911,1.0165210689133086,0.8155193652750002,1.0,2.5425341660650767,1.0,0.022594978592123338,0.0,MINING_COAL_FIRE
352.940014138549,297.52371666469475,55.41629747385423,47.39342270932147,3.879363910052594,928.8523498130631,0.2047209915795141,0.0,1.0,3,0.08053427596142054,0.17258955124019779,0.4778437241811757,0.0,70.61841730430217,0.0,0.0,0.0,WILDFIRE_FOREST
322.361596405694,288.6241542529195,33.73744215277452,22.924812807112048,3.174916113154263,691.7499817802782,0.11139269186507006,1.0,1.0,27,0.6374893803602932,1.3875552066629062,0.5794208109719063,1.0,2.7687013251324792,1.0,0.6039119911867068,0.0,MINING_COAL_FIRE
321.8439435610033,302.21498714877185,19.628956412231446,21.4857411785002,3.1128813829215654,615.2705170635277,0.057072391030578616,0.0,0.8,1,0.03764206942862876,0.0,0.2666395017726019,0.0,34.05282779932271,0.0,0.0,0.0,AGRICULTURAL_BURNING
369.83656435925366,307.1897344490092,62.646829910244435,154.04851035889354,5.043738038011712,1210.703936840714,0.19899094260069838,1.0,1.0,1,0.6140509177548933,1.1586102428209564,0.37075023560575215,0.0,1.7495140878945001,1.0,3.852717965565881,1.0,INDUSTRIAL_ACCIDENTAL_FIRE
384.21142239932726,309.90705919660036,74.3043632027269,184.42869415632074,5.222670410068476,1274.1419776207651,0.23229818057921972,1.0,1.0,1,0.31311025349046573,1.0041854155051102,0.42350834846839525,0.0,1.3465212196741312,1.0,4.650649165357411,1.0,INDUSTRIAL_ACCIDENTAL_FIRE
329.5737660049413,297.8152971582635,31.75846884667783,4.770766473127324,1.752804909328257,641.4888951670737,0.08739617211669456,0.0,0.4,2,0.03775958593958504,0.0,0.24929146355130755,0.0,19.592823853556695,0.0,0.0,0.0,AGRICULTURAL_BURNING
352.28891864938475,296.2251347253861,56.06378392399864,60.778671756491214,4.123558187688116,899.779432229535,0.20687927974666212,0.0,0.65,1,0.21078285479112907,0.25553382680537273,0.454826680836467,0.0,27.081005188599235,0.0,0.0,0.0,WILDFIRE_FOREST
340.4253504782113,302.0421950314817,38.38315544672963,56.03182168415927,4.043609387217637,970.7508317420591,0.08176631089345927,0.0,1.0,21,0.8072837982957957,1.09392248947429,0.7101052554345217,1.0,0.13969266218548804,1.0,-0.4392250480645743,0.0,INDUSTRIAL_PERSISTENT_SOURCE
331.2467106178026,303.45070400529545,27.796006612507142,8.83802120616145,2.28625459390665,630.8662518796182,0.07749001653126786,0.0,0.65,1,0.01678770199687911,0.0,0.12984982427698472,0.0,56.5536759718585,0.0,0.0,0.0,AGRICULTURAL_BURNING
335.01875330628854,287.5836346332919,47.43511867299662,127.77627653779788,4.858076608334358,896.9996096469667,0.17811706224332208,0.0,0.65,3,0.17933974647851902,0.33090603629126497,0.29707328121185356,0.0,25.74932175012986,0.0,0.0,0.0,WILDFIRE_FOREST
386.9667465922868,309.2918560700603,77.67489052222652,254.1042166283338,5.541672154326461,1318.9480914289827,0.2419282586349329,1.0,0.95,1,0.6016819063180124,1.2117846298789519,0.44977372484804223,0.0,1.2028708917437554,1.0,6.057923493847547,1.0,INDUSTRIAL_ACCIDENTAL_FIRE
331.35801970114,291.7901797949551,39.56783990618487,14.908414346878049,2.7668481734531896,717.946376547446,0.12805097116052822,1.0,0.7,12,0.7933875784362997,1.2741920057368223,0.6424708152789826,1.0,2.952310435210015,1.0,0.6966724482013724,0.0,MINING_COAL_FIRE
353.0517722822098,295.13913326321585,57.91263901899396,35.158824703533696,3.5879210323279898,1114.1758519688563,0.12082527803798791,0.0,0.9,33,0.7648230684674383,1.4626314825600186,0.7515929814343589,1.0,0.28723128118565894,1.0,0.795034813391772,0.0,INDUSTRIAL_PERSISTENT_SOURCE
325.5306047623114,305.3669233863941,20.163681375917292,23.88138197272088,3.2141198118557495,603.0938056794197,0.05840920343979323,0.0,0.4,2,0.11736127465625225,0.0,0.18328584988581653,0.0,44.88243726009351,0.0,0.0,0.0,AGRICULTURAL_BURNING
391.856205130616,305.16348418961934,86.69272094099665,201.21697187214167,5.309341239127941,1376.0296461181692,0.26769348840284757,0.0,0.95,5,0.5836074905373616,1.1947755644131854,0.3942484950572759,1.0,0.9811985992143024,1.0,4.666670012769187,1.0,INDUSTRIAL_ACCIDENTAL_FIRE
316.02586574735045,293.6835878242073,22.342277923143172,5.583500163079911,1.884566543585266,607.6826493860525,0.06385569480785794,0.0,0.4,2,0.10939221753919944,0.0,0.3484325527804923,0.0,54.61848037591013,0.0,0.0,0.0,AGRICULTURAL_BURNING
325.3000163970758,298.2487191754781,27.051297221597736,20.531146776304393,3.069500574068537,653.6727609566493,0.09228942063313639,0.0,0.85,9,0.7971770666463444,1.3393599080107448,0.7718072815216166,1.0,2.3974136117333997,1.0,0.2745853659709392,0.0,MINING_COAL_FIRE
324.39013378906066,291.67533136094033,32.71480242812032,24.95839625518945,3.2564951123925034,804.0144205500095,0.12904934142706773,1.0,0.85,1,0.0554101849229237,0.2641860412330215,0.32803729105235585,0.0,74.70155336274058,0.0,0.0,0.0,WILDFIRE_FOREST
367.4488994609177,298.8449291758679,68.6039702850498,205.49045927414983,5.330254209271511,1270.9065149147648,0.21601134367157085,1.0,0.95,5,0.38963946428814367,1.0358270542397747,0.16374127049104475,1.0,0.48243065951775627,1.0,4.346381957728912,1.0,INDUSTRIAL_ACCIDENTAL_FIRE
335.0298994712612,292.2755336519801,42.754365819281134,41.26409417624505,3.7439378881447167,905.1932117600666,0.1625145527309371,0.0,0.85,2,0.03784698385451428,0.21187680965566869,0.31433279780248485,0.0,79.8131116968015,0.0,0.0,0.0,WILDFIRE_FOREST
319.13012767649377,296.20581729233027,22.924310384163505,19.982750821231477,3.0437007107330896,587.1527147601621,0.06531077596040877,0.0,0.8,1,0.055665052705945885,0.0,0.3421491299265042,0.0,41.679239897868825,0.0,0.0,0.0,AGRICULTURAL_BURNING
320.9104061787617,295.2095201856784,25.70088599308332,7.534626753227813,2.1441316239753188,644.7573176080375,0.07225221498270828,0.0,0.8,1,0.062130214642865035,0.0,0.20020440122729627,0.0,32.8170993284143,0.0,0.0,0.0,AGRICULTURAL_BURNING
357.59741008187405,298.0468624926856,59.550547589188454,79.12587237487072,4.383598802855458,992.1707594604462,0.21850182529729484,0.0,0.65,1,0.0518418059270743,0.17584032529688745,0.2509170319243619,0.0,43.14720058495375,0.0,0.0,0.0,WILDFIRE_FOREST
348.4573446930958,288.91024603426024,59.54709865883558,22.476194943133308,3.1559869265947045,1107.5929594545848,0.12409419731767117,0.0,0.75,16,0.7485664422595123,1.505054387261837,0.8026075822188128,1.0,0.9210865625191992,1.0,-0.09284975273544993,0.0,INDUSTRIAL_PERSISTENT_SOURCE
322.3185539468428,294.4583662688964,27.860187677946442,5.515765475161714,1.8742246979437713,642.9785829519295,0.0776504691948661,0.0,0.8,2,0.013853104581731696,0.0,0.17781399856635421,0.0,26.427738664124547,0.0,0.0,0.0,AGRICULTURAL_BURNING
340.3934185574189,297.12683535435474,43.26658320306416,13.768458296668113,2.692493710368641,712.0525624786975,0.1386188091516119,0.0,0.7,9,0.7504211920544781,0.7725683948375657,0.5508186233539047,1.0,1.5076949407682267,1.0,0.6528528253572221,0.0,MINING_COAL_FIRE
322.6170520231251,295.8139662765706,26.803085746554473,23.882693679947987,3.2141725288894816,619.4814360144866,0.07500771436638617,0.0,0.8,2,0.05938555202376524,0.0,0.3235597702082583,0.0,47.74289626874002,0.0,0.0,0.0,AGRICULTURAL_BURNING
382.65514805476965,300.5952189071552,82.05992914761447,151.7268689157586,5.0286511555914775,1347.4847307265456,0.25445694042175565,1.0,1.0,2,0.36242542143404344,1.1905492116054905,0.3046338315580387,0.0,1.0995998011983714,1.0,5.183180339671976,1.0,INDUSTRIAL_ACCIDENTAL_FIRE
389.34716013054646,304.7518360011416,84.59532412940484,222.03016550841286,5.407307033649951,1359.111607604572,0.26170092608401385,0.0,0.95,2,0.2331276651748503,0.9286492655755308,0.21493492486581187,0.0,0.1502930425183519,1.0,5.700812867449743,1.0,INDUSTRIAL_ACCIDENTAL_FIRE
330.40879450476837,290.908899177543,39.499895327225374,22.50761101709553,3.1573242417824474,898.2706250578784,0.1516663177574179,0.0,0.65,3,0.14871145132596753,0.4231116099597154,0.42442680971093794,0.0,27.919605090464167,0.0,0.0,0.0,WILDFIRE_FOREST
350.0259583640308,291.14301935925187,58.88293900477896,38.92515158761098,3.68700649090316,1097.183094842953,0.12276587800955793,1.0,0.9,35,0.9876489286226962,1.7551900852788873,0.6689788015462025,1.0,0.3363301500042616,1.0,0.5270041388105142,0.0,INDUSTRIAL_PERSISTENT_SOURCE
376.31777249683927,298.5454838523433,77.77228864449597,135.70063844368636,4.9177934141190445,1314.4637740957055,0.2422065389842742,0.0,0.95,1,0.4778613176903711,1.370127937812255,0.19864917117068998,0.0,1.1319442975913125,1.0,6.003584244172112,1.0,INDUSTRIAL_ACCIDENTAL_FIRE
360.3898324472293,294.6598232151305,65.73000923209884,26.885599413923327,3.3281104055374446,1132.363206694654,0.13646001846419767,1.0,0.75,7,0.7814058253147322,1.055538046310807,0.753351768018219,1.0,0.40086473066635275,1.0,-0.2639769989608054,0.0,INDUSTRIAL_PERSISTENT_SOURCE
334.4833440648388,300.28676894719575,34.19657511764302,99.20543583560944,4.607222437035675,791.0981980701744,0.13398858372547673,0.0,1.0,3,0.22603373722703357,0.38737527806995653,0.3637578203059287,0.0,13.815939387066198,0.0,0.0,0.0,WILDFIRE_FOREST
332.5672520478952,302.1247304903482,30.442521557546968,9.476852783330205,2.3491683268575985,618.9853174768566,0.08410630389386742,0.0,0.65,1,0.1782866535167398,0.0,0.2236952734249375,0.0,42.04983451611534,0.0,0.0,0.0,AGRICULTURAL_BURNING
366.87372780857214,310.36850668180483,56.50522112676731,265.3250395536626,5.584717516013772,1233.826187559161,0.1814434889336209,0.0,0.85,5,0.6357665211952943,1.0511008677919094,0.38155302268782676,1.0,0.8345583468964889,1.0,6.24993988416974,1.0,INDUSTRIAL_ACCIDENTAL_FIRE
335.85748760119463,301.0603460715933,34.79714152960133,16.00065610593839,2.833251937778433,657.8625689385015,0.09499285382400333,0.0,0.65,2,0.03527710830714665,0.0,0.3293948834771072,0.0,44.056099054841724,0.0,0.0,0.0,AGRICULTURAL_BURNING
382.29417312673263,308.6663705660742,73.62780256065844,129.7731767365846,4.873464347171984,1288.9266631033602,0.2303651501733098,0.0,0.95,5,0.25212337945608376,0.8228613425491471,0.2664586671377029,1.0,1.4176348835488188,1.0,5.992236010645495,1.0,INDUSTRIAL_ACCIDENTAL_FIRE
342.00860312435634,290.0759637895219,51.93263933483445,57.8836935854619,4.075564203184481,1077.6420893730497,0.1088652786696689,0.0,1.0,23,0.9748803981797299,1.4286328817180194,0.6756207452872621,1.0,1.4713682237785008,1.0,0.11282687942484859,0.0,INDUSTRIAL_PERSISTENT_SOURCE
312.0279279438715,298.69616801823435,13.33175992563713,8.971209949128344,2.2997019356001442,549.161998184271,0.041329399814092824,0.0,0.4,2,0.09676381912690656,0.0,0.38608101032523834,0.0,45.57710322100813,0.0,0.0,0.0,AGRICULTURAL_BURNING
375.83224179023114,303.71837813971877,72.11386365051237,140.29384504540155,4.950841729261213,1263.5330762367635,0.22603961043003534,1.0,0.95,5,0.5636782774130727,0.9354047400695378,0.3245265684396881,1.0,1.2394701294583543,1.0,4.386402589653949,1.0,INDUSTRIAL_ACCIDENTAL_FIRE
385.76484025082397,298.8720851738209,86.89275507700307,126.9240082308515,4.85143640192201,1366.149720647583,0.2682650145057231,0.0,0.95,1,0.26632276928134047,1.09825836872326,0.14574863185906983,0.0,0.941488724262132,1.0,3.616637199612784,1.0,INDUSTRIAL_ACCIDENTAL_FIRE
335.12849198295964,307.20184665087737,27.926645332082273,5.844111967260478,1.923388715811449,631.753717598326,0.07781661333020568,0.0,0.65,2,0.07849225387527095,0.0,0.10007573634716864,0.0,23.486030542133207,0.0,0.0,0.0,AGRICULTURAL_BURNING
314.9457436690634,301.10161158382687,13.844132085236538,13.860578143131962,2.6987119445309076,582.7086962800686,0.042610330213091345,0.0,0.4,1,0.03781830851571789,0.0,0.3973799496235131,0.0,38.61637135220064,0.0,0.0,0.0,AGRICULTURAL_BURNING
354.1228144552437,290.4541764393036,63.66863801594013,95.24307550101071,4.5668770277332404,923.9931898304461,0.2322287933864671,0.0,1.0,2,0.03673534653511423,0.30318174683672955,0.37836503034351343,0.0,69.77865191116729,0.0,0.0,0.0,WILDFIRE_FOREST
339.249344498513,300.86174035317424,38.38760414533874,16.96105119981629,2.888205591217823,713.879284960884,0.12467886898668212,1.0,0.85,7,0.8472436864975799,1.2317065250105506,0.6534714384982308,1.0,2.1761830265480437,1.0,0.4968077593837851,0.0,MINING_COAL_FIRE
372.66240454055657,301.6499861988788,71.01241834167774,120.68135917162226,4.801405817938146,1260.9386082786773,0.22289262383336497,0.0,0.85,1,0.4151510666245791,0.887663499302979,0.26601763846717486,0.0,0.17119503600025487,1.0,7.351897254693604,1.0,INDUSTRIAL_ACCIDENTAL_FIRE
325.577469872263,297.46270257670665,28.114767295556362,14.493857756299201,2.7404436716008465,630.9799880588224,0.07828691823889092,0.0,0.65,1,0.07689375409016365,0.0,0.15935639490329934,0.0,37.147831979082284,0.0,0.0,0.0,AGRICULTURAL_BURNING
357.5863634246489,300.39628156600537,57.19008185864351,64.61275059510768,4.183770045890731,938.6873361280175,0.21063360619547836,0.0,1.0,1,0.22229954465093968,0.234941800469141,0.4828866364206857,0.0,82.7346735135057,0.0,0.0,0.0,WILDFIRE_FOREST
336.0114127512437,293.3242635279178,42.68714922332589,20.583810295152148,3.0719435102844543,722.3214921167407,0.13696328349521683,0.0,0.7,27,0.8268283761854962,0.8350256205769641,0.8217316287356579,1.0,2.2477452765703125,1.0,0.7303236725287305,0.0,MINING_COAL_FIRE
332.368048214849,295.44374157147934,36.924306643369675,10.548246853644219,2.4465336378836335,674.4612863089841,0.1003107666084242,0.0,0.4,2,0.11631752283835825,0.0,0.2960184196458516,0.0,19.89873302645061,0.0,0.0,0.0,AGRICULTURAL_BURNING
330.17620273614125,293.7591626113576,36.417040124783625,6.125046335224558,1.9636162293229802,688.9331058303109,0.09904260031195905,0.0,0.4,1,0.11413210148158624,0.0,0.27603002914840824,0.0,35.44167244713803,0.0,0.0,0.0,AGRICULTURAL_BURNING
325.87427777903304,296.8582051812744,29.016072597758637,11.39774800830159,2.51751484388375,614.6673317196784,0.0805401814943966,0.0,0.4,2,0.04093003829723372,0.0,0.30921626847076467,0.0,24.439010496973893,0.0,0.0,0.0,AGRICULTURAL_BURNING
323.2213839162758,293.3341021691606,29.887281747115196,12.69942058973966,2.6173535392199843,651.2560477665461,0.10039223356318627,1.0,1.0,25,0.8757022755536367,1.2233232675190648,0.5513800908677956,1.0,0.35561398904768815,1.0,-0.3833836598454418,0.0,MINING_COAL_FIRE
322.21568274757453,296.0033591061096,26.212323641464934,23.30473892988241,3.190671349023659,644.327414512396,0.07353080910366233,0.0,0.8,1,0.07893015039078637,0.0,0.39446633131691133,0.0,49.95493218550314,0.0,0.0,0.0,AGRICULTURAL_BURNING
327.3948472846179,299.01647153914655,28.378375745471374,10.456590903401139,2.4385651891430618,668.0137947853443,0.09608107355848963,0.0,1.0,19,0.6856603792095906,0.874237618225937,0.8094176708553968,1.0,1.414031149957359,1.0,0.7270672573311046,0.0,MINING_COAL_FIRE
327.5265467779353,306.04425497674805,21.482291801187273,14.618862969505923,2.7484793485165238,594.8688968410831,0.06170572950296818,0.0,0.8,2,0.16311549579340293,0.0,0.39264459773432836,0.0,47.674339531405145,0.0,0.0,0.0,AGRICULTURAL_BURNING
327.20841065827614,292.15786700279557,35.05054365548057,9.535066935193393,2.3547094008376193,690.942804657421,0.1151444104442302,0.0,0.7,6,0.7191633074416427,0.7154974140595021,0.6156504032763078,1.0,1.2100807140550556,1.0,0.14877383331817906,0.0,MINING_COAL_FIRE
331.77873622253,297.2021696035573,34.57656661897266,17.78502636943346,2.933060082774399,675.5287594580287,0.1137901903399219,0.0,0.7,20,0.9199935356003036,1.0263792379704464,0.7826694515402441,1.0,0.8395138269175177,1.0,-0.19663219298564144,0.0,MINING_COAL_FIRE
350.35112194976995,289.0720228740875,61.27909907568244,38.250128920602265,3.669954728824355,947.1725664442598,0.22426366358560812,1.0,0.85,3,0.024176332089628133,0.27792151121757014,0.3231549921087652,0.0,39.087725640657794,0.0,0.0,0.0,WILDFIRE_FOREST
326.2946599721233,294.4117929667427,31.882867005380604,13.054994199019118,2.642977791624089,681.0321819755493,0.10609390572965886,1.0,0.7,13,0.6030774145623404,1.1239124915002532,0.8453996483367104,1.0,1.6290973036379115,1.0,0.09713354429450449,0.0,MINING_COAL_FIRE
383.07409492110367,305.1629401552662,77.91115476583747,221.89669029741125,5.406708391907476,1341.1368019328236,0.24260329933096417,1.0,0.85,3,0.6395757775503078,1.4607497984335205,0.3680401637322185,1.0,0.15676250025944105,1.0,6.780369954816078,1.0,INDUSTRIAL_ACCIDENTAL_FIRE
326.09567544413,301.5491707462364,24.546504697893567,11.005410209400738,2.485357398968718,581.5673879499869,0.06936626174473393,0.0,0.65,1,0.11277565298272037,0.0,0.1766931014676888,0.0,46.23721570838357,0.0,0.0,0.0,AGRICULTURAL_BURNING
332.93995867899963,300.3299883759381,32.609970303061516,15.611725816465215,2.81010882048332,671.0371579541013,0.1081713437230329,1.0,0.85,7,0.8141422691097133,0.7410484905785143,0.7761549919171498,1.0,2.4796177670750557,1.0,-0.19219606017492558,0.0,MINING_COAL_FIRE
380.64131064421224,310.55204521856615,70.08926542564609,154.00653544413234,5.043467280186056,1272.7945532027172,0.22025504407327454,0.0,0.95,5,0.3972605625602039,1.2388779041701015,0.38293820880640805,1.0,0.3935150290443673,1.0,5.5640400967456,1.0,INDUSTRIAL_ACCIDENTAL_FIRE
326.9622815873298,288.69371842763695,38.26856315969286,24.281684090648746,3.2300801845696485,836.532263082434,0.14756187719897618,0.0,0.85,2,0.12638281663700912,0.1632694717553161,0.3772960054904405,0.0,26.79623878822011,0.0,0.0,0.0,WILDFIRE_FOREST
329.52702976128387,294.20300349127194,35.32402627001193,45.868109477078036,3.847337475663001,867.5947928790372,0.1377467542333731,0.0,0.85,2,0.060893617870007216,0.23876640005318564,0.24610284455046857,0.0,84.79363833751152,0.0,0.0,0.0,WILDFIRE_FOREST
375.7573538457462,307.19283503191025,68.56451881383595,173.9683846618653,5.1646052985276425,1252.9362906749147,0.2158986251823884,1.0,1.0,2,0.58867780610263,0.9545969480741063,0.11362548716398362,0.0,0.47069809756363706,1.0,2.9293401701599517,1.0,INDUSTRIAL_ACCIDENTAL_FIRE
346.26134505124713,300.14455284146436,46.11679220978277,35.180023574493674,3.588507131556038,828.0302078832634,0.1737226406992759,0.0,0.65,3,0.07555484692467491,0.28093277171746267,0.3677883162935901,0.0,27.46569990907815,0.0,0.0,0.0,WILDFIRE_FOREST
349.7911136170403,300.83999930242413,48.95111431461618,79.25868054767288,4.385254924978654,879.1230304805462,0.18317038104872058,1.0,1.0,2,0.10119558195249075,0.2863157109054859,0.287687051812776,0.0,31.895978296191124,0.0,0.0,0.0,WILDFIRE_FOREST
331.67670189808814,294.2850978362036,37.39160406188455,17.92496024957775,2.9404816989026936,686.6904306740025,0.12183315446252728,0.0,0.85,21,0.9151322051083259,0.8023157476682861,0.6391447956066976,1.0,2.444230618677231,1.0,0.5489284564496943,0.0,MINING_COAL_FIRE
369.82038754135533,298.3496032696387,71.47078427171664,238.78568051381285,5.479745526522759,1283.3216819512127,0.22420224077633324,1.0,1.0,1,0.3180035294950544,1.3610120433560675,0.23723275191660043,0.0,0.8358178438777203,1.0,6.434890924576574,1.0,INDUSTRIAL_ACCIDENTAL_FIRE
333.7693563259702,297.5439161622752,36.225440163695,6.569861266312978,2.024174740506384,663.2691122255287,0.11850125761055713,0.0,1.0,26,0.8170716911793007,0.9986606285923242,0.6839745331286513,1.0,2.7688572790655726,1.0,0.06471336204056144,0.0,MINING_COAL_FIRE
336.05726762161504,292.7346966109576,43.32257101065744,58.34579836263139,4.083381324322712,875.7771522277843,0.16440857003552478,0.0,1.0,1,0.245266570821706,0.2491810103926675,0.299683721117599,0.0,36.087759917962636,0.0,0.0,0.0,WILDFIRE_FOREST
347.0636123667731,289.42584805248845,57.63776431428465,36.2184970136454,3.6168058692500646,1106.29256492673,0.12027552862856931,1.0,0.75,36,0.7597987876115159,1.0867224942529896,0.9217550576296387,1.0,0.45702252413066263,1.0,-0.4834274878818039,0.0,INDUSTRIAL_PERSISTENT_SOURCE
335.90029689097565,300.49151967992464,35.40877721105102,16.68331397338707,2.872621481578111,673.6397973405234,0.1161679348887172,0.0,0.7,21,0.8110137188062424,0.7451588275166237,0.6957945353692309,1.0,1.4768156547161293,1.0,0.06283125755402297,0.0,MINING_COAL_FIRE
366.45088133146345,309.48682618272386,56.96405514873959,157.98804895417774,5.068829035585088,1143.1008031755857,0.1827544432821131,1.0,0.85,2,0.28223590833359535,1.0898987477509663,0.43528105097414815,0.0,1.4960964191628268,1.0,3.1201124162005556,1.0,INDUSTRIAL_ACCIDENTAL_FIRE
348.74147374556355,293.7372669087389,55.004206836824665,28.4098945678632,3.3813311676517324,1106.3683812039744,0.11500841367364933,0.0,0.9,44,0.7011350906632633,1.6361671449142383,0.9289765289436993,1.0,0.6838605523500157,1.0,0.01281257360199084,0.0,INDUSTRIAL_PERSISTENT_SOURCE
314.65489968557495,296.29927276601444,18.355626919560507,11.897416082996473,2.557026987660488,603.898494498183,0.05388906729890127,0.0,0.4,2,0.13807418269188262,0.0,0.14328922068258385,0.0,37.729341452712006,0.0,0.0,0.0,AGRICULTURAL_BURNING
329.123774625901,288.0169721268131,41.106802499087905,51.67470953048648,3.964135445303648,1033.892780095258,0.08721360499817582,0.0,0.9,25,0.8500463740492401,1.5408264213490064,0.9106854183802419,1.0,0.19182340838926912,1.0,-0.27090742754791663,0.0,INDUSTRIAL_PERSISTENT_SOURCE
356.3646482062365,287.9169023238673,68.44774588236919,19.311490214161836,3.0111867463206763,980.6384517255203,0.24815915294123062,1.0,1.0,2,0.17636245474427567,0.2244109481594485,0.42195973986287527,0.0,81.19942628571455,0.0,0.0,0.0,WILDFIRE_FOREST
336.4908051227764,288.779022635466,47.711782487310415,41.75701476785757,3.7555332700588027,918.025405072742,0.1790392749577014,0.0,0.65,3,0.13954077188057148,0.10049637704687042,0.367989244143753,0.0,37.93808729575089,0.0,0.0,0.0,WILDFIRE_FOREST
357.59346087967384,293.3874273642063,64.20603351546754,30.712014896980033,3.456695627905919,1110.9765327089735,0.13341206703093508,1.0,0.9,19,0.7163197465522598,1.604386406540589,0.7865955230185785,1.0,1.328551611795041,1.0,0.3578330651854349,0.0,INDUSTRIAL_PERSISTENT_SOURCE
328.50350127850925,300.6156747376884,27.887826540820868,35.467249726382114,3.596414590032411,929.9318205011555,0.060775653081641734,1.0,0.9,33,0.8428313376659474,1.1417392453509774,0.810315669270579,1.0,1.1394255557252488,1.0,0.17839303596123113,0.0,INDUSTRIAL_PERSISTENT_SOURCE
358.83528534795335,288.1048527965174,70.73043255143597,37.778887521326325,3.657875962485192,987.9589184945544,0.25576810850478654,1.0,0.65,2,0.15301075477823348,0.4449717670306964,0.4647189604299091,0.0,54.87777490039648,0.0,0.0,0.0,WILDFIRE_FOREST
316.30787105382353,293.051692156653,23.256178897170514,10.964988740442195,2.4819847803187067,600.674172749479,0.06614044724292628,0.0,0.65,1,0.08026313543818873,0.0,0.10754623894693395,0.0,23.159956273408387,0.0,0.0,0.0,AGRICULTURAL_BURNING
355.2141493992812,300.966765817301,54.247383581980216,176.43603847282807,5.178610197343067,941.8444567461188,0.20082461193993403,0.0,0.65,2,0.1889082375116386,0.13445314215034676,0.4938261541032799,0.0,29.8620917329989,0.0,0.0,0.0,WILDFIRE_FOREST
326.8044543163838,288.7790956305456,38.02535868583817,15.151336670021575,2.782002812189362,691.9048552638152,0.12364388195953763,1.0,0.85,14,0.6102782048138167,1.1807522778508694,0.8078072435549355,1.0,0.9024938576556055,1.0,0.00767113872574543,0.0,MINING_COAL_FIRE
327.6988196202723,295.45348621004433,32.24533341022794,10.553461549102183,2.446985093287331,642.3397602906189,0.08861333352556985,0.0,0.8,1,0.019414452805152846,0.0,0.24687740711668013,0.0,8.491933214808824,0.0,0.0,0.0,AGRICULTURAL_BURNING
377.20723882168613,310.19054830472163,67.0166905169645,365.69110231654486,5.9045198105793135,1270.129635700743,0.21147625861989858,0.0,0.85,5,0.294342797765319,1.358469554201044,0.25245416018452654,1.0,1.4191745971019787,1.0,5.857404744621064,1.0,INDUSTRIAL_ACCIDENTAL_FIRE
352.1409978209578,288.3003530177956,63.840644803162206,35.91949718936741,3.608739790619037,1122.0270157100488,0.13268128960632442,0.0,0.9,25,0.7025612345925929,0.9419219478778874,0.8615339439916985,1.0,1.2625625455187892,1.0,1.0818923865413088,0.0,INDUSTRIAL_PERSISTENT_SOURCE
358.25696291618783,299.5351908464138,58.72177206977403,44.566890481216184,3.819181366854037,968.4022569626745,0.2157392402325801,1.0,0.65,2,0.10206313880063496,0.41871437758041186,0.20444904872951236,0.0,69.68784674078375,0.0,0.0,0.0,WILDFIRE_FOREST
374.4475533376669,299.3530276800285,75.09452565763837,126.48582779681988,4.848005203885612,1278.82570641444,0.2345557875932525,1.0,0.95,3,0.4159358832525083,1.124669974809376,0.21200956079683717,1.0,0.3595696639419719,1.0,7.479173832306232,1.0,INDUSTRIAL_ACCIDENTAL_FIRE
325.06757142390654,293.38819745629837,31.67937396760817,17.58417599503428,2.92231046566833,661.2157365188259,0.10551249705030906,0.0,1.0,18,0.6244137198621187,1.2192690364865606,0.8416548904561123,1.0,0.2117332677034754,1.0,0.5322048609663603,0.0,MINING_COAL_FIRE
341.9136663265211,299.2235057474026,42.69016057911847,44.48931395561218,3.8174774402550042,1018.1402338668406,0.09038032115823694,0.0,1.0,31,0.9865960133915241,1.766070674201016,0.7783744070563356,1.0,0.26734757792033137,1.0,-0.7051687277198302,0.0,INDUSTRIAL_PERSISTENT_SOURCE
332.80420417940206,293.45913990012866,39.3450642792734,8.593274960041475,2.261062327995825,697.3221914898191,0.12741446936935258,0.0,0.85,6,0.6371366995003926,1.1952719109106573,0.8167833126500799,1.0,0.8002253920384701,1.0,0.09624970133187916,0.0,MINING_COAL_FIRE
322.3375845454955,286.5494745977443,35.788109947751195,84.53584214781877,4.448935494507494,817.6979470794303,0.1392936998258373,0.0,0.85,1,0.0492569474476896,0.19556359151018665,0.4725484602359883,0.0,55.56087662478803,0.0,0.0,0.0,WILDFIRE_FOREST
350.8386654577071,289.9869913289301,60.851674128777006,76.44268706483227,4.349538141034109,981.4574636246068,0.22283891376259002,0.0,1.0,2,0.06946643843696207,0.11917553642371982,0.4109915920590135,0.0,23.029646475193168,0.0,0.0,0.0,WILDFIRE_FOREST
319.8239500448545,301.1282143065902,18.69573573826426,6.310099027785521,1.9892568205626129,610.3679225276557,0.05473933934566065,0.0,0.4,1,0.13768243370419092,0.0,0.35961124045031745,0.0,14.361804918510266,0.0,0.0,0.0,AGRICULTURAL_BURNING
367.6737329634805,308.5737858869553,59.09994707652521,183.5092151604125,5.217699408902191,1183.187795694439,0.18885699164721487,1.0,0.95,4,0.5410140438351929,1.066636667857691,0.22121261900615125,1.0,0.27349859636166096,1.0,2.969953788466382,1.0,INDUSTRIAL_ACCIDENTAL_FIRE
319.1165212893875,295.9639607726162,23.152560516771302,8.222223858989224,2.221616207941122,614.9469988069334,0.06588140129192827,0.0,0.4,2,0.12468102007504978,0.0,0.1367094486298073,0.0,12.099051591875623,0.0,0.0,0.0,AGRICULTURAL_BURNING
322.00207469502095,303.74539678566464,18.256677909356313,17.51547628773025,2.918606938459783,613.0317577546446,0.05364169477339078,0.0,0.4,2,0.1538135319583125,0.0,0.37578886459867167,0.0,54.54370851445781,0.0,0.0,0.0,AGRICULTURAL_BURNING
326.318747929844,296.5717644017159,29.746983528128112,115.52839720518206,4.7581349961370405,744.575946912455,0.11915661176042705,1.0,0.65,1,0.10589777155610126,0.3101655021375959,0.2772736347493998,0.0,74.10883493162378,0.0,0.0,0.0,WILDFIRE_FOREST
333.5914249286002,289.78900255362504,43.80242237497515,13.422507944363598,2.6687900379799983,700.6466443571123,0.1401497782142147,1.0,1.0,26,0.6820161271881028,1.0403896375936543,0.6328558869776677,1.0,0.22675416617045197,1.0,0.5367038374844102,0.0,MINING_COAL_FIRE
333.48717210501474,299.65603043837905,33.83114166663569,4.058719771108673,1.6211134416247122,686.1733539771567,0.09257785416658923,0.0,0.65,2,0.10784811136873143,0.0,0.24986362699711465,0.0,41.28445274519594,0.0,0.0,0.0,AGRICULTURAL_BURNING
347.1394535905894,296.32874808968234,50.81070550090709,38.5554103011453,3.6777024813470116,917.0271889174599,0.18936901833635697,1.0,0.65,1,0.1129959136499347,0.4245664153109039,0.41083830794540066,0.0,75.62539294357724,0.0,0.0,0.0,WILDFIRE_FOREST
339.24074936052153,288.6513913892196,50.58935797130192,13.174551074407638,2.6514481788765107,719.8102202970548,0.15954102277514837,0.0,0.85,13,0.8629305661178287,0.7732826977985581,0.6079108486642963,1.0,1.841872058272651,1.0,-0.2152131315825207,0.0,MINING_COAL_FIRE
347.2124576232476,300.8800808239424,46.332376799305166,44.08195751459429,3.808482111356465,1026.8794792627323,0.09766475359861033,1.0,1.0,21,0.7807549343654503,1.2973925599918474,0.9334954356667529,1.0,0.27609745955075454,1.0,0.4724376573386895,0.0,INDUSTRIAL_PERSISTENT_SOURCE
344.8818636328053,292.80899442614486,52.072869206660414,83.27579286996315,4.434094669203583,897.0009417381825,0.19357623068886803,0.0,1.0,2,0.16014180413857795,0.24624472158789998,0.36793605712141764,0.0,41.77928208696363,0.0,0.0,0.0,WILDFIRE_FOREST
354.43315136061597,293.74620421999776,60.6869471406182,31.29098671509843,3.474788142219015,1117.6281336295988,0.1263738942812364,0.0,0.75,15,0.9373773481725959,1.228522773634941,0.9213421781843862,1.0,0.7402304368386099,1.0,0.40309701275941223,0.0,INDUSTRIAL_PERSISTENT_SOURCE
377.495298436111,310.36592362486414,67.12937481124686,136.020154543351,4.920128028463118,1225.788449402821,0.2117982137464196,1.0,0.95,4,0.3281489190384874,1.157523111804296,0.24609385110207263,1.0,0.6176037867592294,1.0,4.079021572107786,1.0,INDUSTRIAL_ACCIDENTAL_FIRE
333.4050040064213,302.4848396891637,30.92016431725756,17.30770268853596,2.907321883230649,659.5365424393789,0.0853004107931439,0.0,0.8,1,0.17004236420903954,0.0,0.12025036866171626,0.0,24.10397736170095,0.0,0.0,0.0,AGRICULTURAL_BURNING
314.0995105380223,302.8377342286081,11.261776309414188,13.562891463676271,2.6784766125904533,544.5773832631035,0.03615444077353547,0.0,0.65,1,0.04492382246849646,0.0,0.1455048545100031,0.0,55.11848356648649,0.0,0.0,0.0,AGRICULTURAL_BURNING
338.9712460406459,297.67359485797374,41.297651182672155,17.00038014613752,2.890392876903019,1026.2912633066103,0.08759530236534431,0.0,1.0,28,0.9276371284330871,0.9104804095527866,0.817043642942222,1.0,1.8762360995045069,1.0,0.4766835011621793,0.0,INDUSTRIAL_PERSISTENT_SOURCE
340.50208927633645,289.5092996583389,50.99278961799757,28.089329797311194,3.3703714333043155,1028.2328104252388,0.10698557923599515,1.0,1.0,28,0.7830050490995983,1.6358087965901373,0.9028849979417322,1.0,0.6949973458062039,1.0,-0.4131055439761251,0.0,INDUSTRIAL_PERSISTENT_SOURCE
331.82048242413515,297.6962475402703,34.12423488386486,12.321551013435876,2.589383100783488,674.345769629127,0.09331058720966215,0.0,0.4,2,0.03603517422283876,0.0,0.29640276417166844,0.0,26.12881007008649,0.0,0.0,0.0,AGRICULTURAL_BURNING
386.46472721297823,305.2972778547947,81.16744935818355,209.30185356975312,5.348543896601115,1340.4241155804655,0.2519069981662387,1.0,0.85,3,0.15378143748907105,1.2582851570019438,0.23302607812802184,1.0,1.4891884829298516,1.0,7.020743580064939,1.0,INDUSTRIAL_ACCIDENTAL_FIRE
348.5397026391288,299.23854495903703,49.30115768009176,43.28037064021891,3.7905414781807187,1055.2740440469777,0.10360231536018352,0.0,0.75,13,0.7034981301684962,1.7035163456308973,0.8461703439107772,1.0,2.0612363454869618,1.0,0.6046768682037236,0.0,INDUSTRIAL_PERSISTENT_SOURCE
382.0392289194824,302.14900658918606,79.89022233029635,132.30937672009878,4.892672567697199,1359.6369749056612,0.248257778086561,0.0,0.85,4,0.6417836032568315,0.9680495183412966,0.15050822025256105,1.0,1.692052525139803,1.0,7.357701074150492,1.0,INDUSTRIAL_ACCIDENTAL_FIRE
335.8883711142533,297.89745421274597,37.99091690150732,8.948780021496516,2.297449932748297,649.0794436553506,0.10297729225376831,0.0,0.65,1,0.1775086021768428,0.0,0.3921520794925645,0.0,56.505101469530786,0.0,0.0,0.0,AGRICULTURAL_BURNING
390.7507641444116,302.5634246728264,88.18733947158523,197.35727999658425,5.290069849067672,1389.8507574771527,0.2719638270616721,0.0,1.0,2,0.40604652914964046,1.4557109921157143,0.14813233045109764,0.0,0.4354218332397095,1.0,5.832312114924415,1.0,INDUSTRIAL_ACCIDENTAL_FIRE
313.4130384723699,296.14121884392927,17.271819628440653,18.520543291040287,2.9714674131304304,595.9924505861472,0.051179549071101636,0.0,0.8,1,0.08528591262850123,0.0,0.17344744553869718,0.0,35.65026598232558,0.0,0.0,0.0,AGRICULTURAL_BURNING
371.3211489160161,311.4042722665333,59.91687664948279,141.24090469648107,4.957522132097456,1218.7026720238455,0.1911910761413794,1.0,0.95,3,0.25032550870188064,0.810020694366942,0.3582543314965355,1.0,0.06551074894857058,1.0,3.2221171251290377,1.0,INDUSTRIAL_ACCIDENTAL_FIRE
327.8425196332523,300.73753226056164,27.104987372690687,14.53545551992747,2.743124864586188,660.8045299153706,0.09244282106483054,1.0,1.0,18,0.6229777509216669,1.0087039206518145,0.7356418921991271,1.0,3.4429431203071177,0.0,-0.32302527489474764,0.0,MINING_COAL_FIRE
329.76343696226286,296.81774924804705,32.94568771421581,11.105955659411324,2.4936975347675396,629.7906638574887,0.09036421928553953,0.0,0.8,2,0.1493799623141061,0.0,0.2520641332096609,0.0,43.42371506922961,0.0,0.0,0.0,AGRICULTURAL_BURNING
330.4859717964122,295.6326911792547,34.85328061715745,33.28644976855317,3.534750225639397,827.4415566404247,0.1361776020571915,0.0,0.65,3,0.21734314124071516,0.24127243418837657,0.29503732234838426,0.0,81.41653863479173,0.0,0.0,0.0,WILDFIRE_FOREST
335.40718892759713,302.6302037701286,32.776985157468516,20.39846565432237,3.063319221061202,648.3434100782328,0.0899424628936713,0.0,0.4,2,0.010213655216947901,0.0,0.39753590658637894,0.0,30.384092719702846,0.0,0.0,0.0,AGRICULTURAL_BURNING
356.2262208650016,293.40694543723885,62.81927542776276,63.55593682900201,4.16753208562737,1121.0943815023606,0.13063855085552553,1.0,0.75,20,0.8322012850523256,0.9973110172293864,0.7783608544558973,1.0,0.9583197596317679,1.0,0.5344265834838149,0.0,INDUSTRIAL_PERSISTENT_SOURCE
350.5771231257848,291.56340021851656,59.01372290726823,34.33375625002285,3.564838774712595,1109.599227872321,0.12302744581453647,1.0,0.9,44,0.7982325571745851,1.4250835936296822,0.7887830909770935,1.0,1.0866287890924948,1.0,-0.39004153434817845,0.0,INDUSTRIAL_PERSISTENT_SOURCE
333.26465117508775,290.7438438894313,42.520807285656474,37.96935278266409,3.6627755111209415,1013.1118418551762,0.09004161457131295,1.0,0.75,33,0.7056394149416685,1.0643626172277911,0.8221925525095226,1.0,0.8158036953898714,1.0,-0.35709821725351,0.0,INDUSTRIAL_PERSISTENT_SOURCE
379.0923128897205,304.2645539785144,74.8277589112061,183.3253975752258,5.216702660798525,1285.1181338697595,0.2337935968891603,0.0,0.95,1,0.40828631422298955,1.3833219500311087,0.39537361441410335,0.0,0.880004735754706,1.0,2.8360209534513587,1.0,INDUSTRIAL_ACCIDENTAL_FIRE
387.43515723236214,300.10851344505585,87.3266437873063,216.57234064115318,5.3825313958783845,1380.9528636698317,0.26950469653516085,0.0,0.95,5,0.2797882246375246,1.2667931739139606,0.21305957101393286,1.0,0.4301540512927689,1.0,6.932173131225864,1.0,INDUSTRIAL_ACCIDENTAL_FIRE
338.1830053135595,288.8075967239042,49.37540858965525,24.564187606201756,3.241192450448392,928.8593885685142,0.18458469529885083,0.0,1.0,3,0.24143372990759498,0.3512537478959422,0.46911155487520534,0.0,68.4511949283494,0.0,0.0,0.0,WILDFIRE_FOREST
314.23653086333553,307.06688430180174,7.169646561533796,17.39041365703347,2.911829531948542,525.1890205170253,0.02592411640383449,0.0,0.8,2,0.037883696586889753,0.0,0.22258149121697207,0.0,50.467746701929826,0.0,0.0,0.0,AGRICULTURAL_BURNING
333.28642225647684,297.017801473875,36.26862078260183,20.621519853044454,3.0736891082159317,686.8839447320786,0.1186246308074338,0.0,0.7,17,0.6279799485641756,1.1988630054195921,0.5801999159558029,1.0,1.4240060446669536,1.0,0.6888617555342538,0.0,MINING_COAL_FIRE
329.89199562510873,299.67687910549904,30.215116519609694,34.00842347705388,3.5555887033058173,835.6612657740833,0.12071705506536565,1.0,1.0,1,0.14892010252587068,0.2977528989284909,0.29878215174202627,0.0,24.763268120036848,0.0,0.0,0.0,WILDFIRE_FOREST
330.72215568598483,295.11679769766783,35.605357988316996,30.84652752151698,3.460928350062379,994.3034670351277,0.076210715976634,0.0,0.75,17,0.8909358826593421,1.6690638923196746,0.8549526689719454,1.0,0.041732931721250324,1.0,0.31923371128944766,0.0,INDUSTRIAL_PERSISTENT_SOURCE
379.5804650893262,310.8841605370717,68.6963045522545,127.86430999621304,4.858759990273714,1245.5970781464628,0.21627515586358428,0.0,1.0,4,0.22831921848690415,1.1850643583207092,0.23602847952044645,1.0,0.9613442482098723,1.0,3.320797422245093,1.0,INDUSTRIAL_ACCIDENTAL_FIRE
391.1787765645769,299.2195300524601,91.9592465121168,135.8655437736176,4.918999011598735,1400.0,0.28274070432033377,1.0,0.85,2,0.3210663000559475,0.9332358825665333,0.421027207138702,0.0,0.902922772926075,1.0,4.890806434289441,1.0,INDUSTRIAL_ACCIDENTAL_FIRE
357.17814403277396,288.4398078064318,68.73833622634214,120.04773770856993,4.796184994308725,944.6522324731976,0.24912778742114047,0.0,1.0,2,0.21617990614496221,0.4241554156840538,0.3136548835766567,0.0,41.765038025869515,0.0,0.0,0.0,WILDFIRE_FOREST
328.8494587975829,298.81087668040016,30.038582117182727,45.91916957450418,3.848426324875542,935.9508363116253,0.06507716423436545,1.0,0.9,36,0.8832452461815967,1.580981894417159,0.8247305230664888,1.0,1.1405709463307914,1.0,0.3650675548814719,0.0,INDUSTRIAL_PERSISTENT_SOURCE
330.5777692015962,293.8926298100439,36.6851393915523,76.51490995497403,4.350470304371183,864.4300565980558,0.142283797971841,0.0,1.0,3,0.15409149109104678,0.26412999520428554,0.27848608318720214,0.0,21.345172759850854,0.0,0.0,0.0,WILDFIRE_FOREST
353.282485597061,299.25407744207655,54.02840815498445,25.373199969536984,3.272348341866764,1092.3666867733903,0.1130568163099689,0.0,0.9,42,0.8698397572743517,1.1566905701879988,0.8161909849634824,1.0,0.7116899846314736,1.0,0.7220119658991107,0.0,INDUSTRIAL_PERSISTENT_SOURCE
372.1719915222509,308.61256589415706,63.559425628093834,193.03410040187987,5.268033918884088,1200.5498039061351,0.20159835893741093,1.0,0.85,2,0.490239731262187,1.3361010507193194,0.34207947815328954,0.0,1.3800097036836725,1.0,5.715744884981489,1.0,INDUSTRIAL_ACCIDENTAL_FIRE
333.4194260822277,302.5203325806861,30.899093501541586,52.861173277357004,3.986409870981261,937.9873517285331,0.06679818700308317,1.0,1.0,15,0.9161200309900079,1.2746564356899193,0.7846554096956009,1.0,2.0141535366262997,1.0,-0.13801610479319404,0.0,INDUSTRIAL_PERSISTENT_SOURCE
332.79090494470046,300.6864470688655,32.10445787583495,20.090000663661794,3.048799025958762,661.5439913179692,0.10672702250238558,0.0,1.0,29,0.605742250054432,1.2374400991354304,0.7559486046444848,1.0,2.9145308232140583,1.0,-0.16484746445124498,0.0,MINING_COAL_FIRE
350.2265781158742,288.5854287382806,61.64114937759359,19.880318060160207,3.038806995664714,901.7755694839494,0.22547049792531196,0.0,0.85,3,0.21909664507474738,0.10590200452873655,0.24548319137914282,0.0,14.321803780070418,0.0,0.0,0.0,WILDFIRE_FOREST
330.96187965401657,297.2669159459409,33.69496370807565,17.05377423125259,2.893354761605161,690.6097849618576,0.11127132488021614,1.0,0.85,12,0.7548361909876098,1.3288254137839584,0.6452215987476908,1.0,2.1701010507554876,1.0,0.7053401685782719,0.0,MINING_COAL_FIRE
345.60107471985253,300.47736177578975,45.12371294406279,23.57514722791001,3.2017356569780517,1000.0499652437732,0.09524742588812558,0.0,0.75,19,0.7889703421019293,1.4827022313761233,0.7524521332052131,1.0,1.4574460643511935,1.0,1.065558249375469,0.0,INDUSTRIAL_PERSISTENT_SOURCE
329.9711076321984,296.3072265760479,33.6638810561505,14.543840179235358,2.743664430192337,685.351999544436,0.11118251730328714,1.0,0.7,27,0.7120733635927261,0.7555965897428034,0.683512632253072,1.0,3.0833808288840454,0.0,0.7665311679491427,0.0,MINING_COAL_FIRE
346.0931549189913,298.6547838479275,47.438371071063784,89.60382139017239,4.506496390858912,879.1864047034308,0.1781279035702126,1.0,1.0,2,0.15654009327276638,0.4273445569036768,0.3095010486751155,0.0,31.062259857386277,0.0,0.0,0.0,WILDFIRE_FOREST
342.2694802555287,293.66213823567307,48.60734201985565,39.26091250656583,3.6953810852942297,916.5901384918848,0.18202447339951883,1.0,0.65,3,0.1241268481248862,0.30418645462935023,0.34341876338418564,0.0,51.8619852478692,0.0,0.0,0.0,WILDFIRE_FOREST
341.2134978735605,294.23984411962863,46.9736537539319,21.841712427880754,3.1285883569283244,1039.1273647755681,0.0989473075078638,1.0,0.9,31,0.8593904673207501,1.5586859277564482,0.7651373767720542,1.0,1.6477427032348688,1.0,-0.5906787321842075,0.0,INDUSTRIAL_PERSISTENT_SOURCE
339.92638198405683,300.651163949575,39.27521803448184,19.360115546411507,3.0135778668337774,701.9101877401812,0.1272149086699481,0.0,0.85,25,0.8484321311163965,1.364959824821278,0.6516262336673087,1.0,2.739981899220053,1.0,-0.08664819370998844,0.0,MINING_COAL_FIRE
380.0345899754603,303.56050288400894,76.47408709145134,152.24047009456015,5.032008387529127,1320.2133426738312,0.23849739168986095,1.0,0.95,5,0.34031164673829006,0.8566434981358766,0.2410430625678065,1.0,0.9945320828299,1.0,6.8798664435050165,1.0,INDUSTRIAL_ACCIDENTAL_FIRE
330.5219098481373,299.683581804673,30.838328043464287,15.810546943584269,2.8220064836898024,649.7097671434702,0.10310950869561225,1.0,1.0,8,0.8320950583854655,1.1603705749128503,0.8418241091264627,1.0,0.1065868510653473,1.0,-0.08481683363025971,0.0,MINING_COAL_FIRE
316.5131700755258,293.06090879430315,23.45226128122266,2.590238957857152,1.2782187623622319,636.4750020391301,0.06663065320305665,0.0,0.8,1,0.11645654844595268,0.0,0.32851626732855643,0.0,44.59111537427695,0.0,0.0,0.0,AGRICULTURAL_BURNING
366.8752082453123,303.4245304935046,63.45067775180769,121.31471674144291,4.806597368580765,1244.9150485568018,0.20128765071945054,1.0,0.95,4,0.45960215864607745,1.181987178169118,0.1714225359913102,1.0,1.0709876582822615,1.0,5.910008073762329,1.0,INDUSTRIAL_ACCIDENTAL_FIRE
334.09210893726095,297.70605249388313,36.38605644337781,36.63937491537039,3.62805070765501,983.6163598451342,0.07777211288675563,0.0,0.75,44,0.7608348699959413,0.9855418127955171,0.93516034235845,1.0,1.0321137651270613,1.0,0.12944960616134282,0.0,INDUSTRIAL_PERSISTENT_SOURCE
339.59468585670515,302.42797311521997,37.166712741485185,38.83480142372852,3.684740937850117,1002.6068541649001,0.07933342548297037,0.0,0.75,6,0.8429065903008371,1.4878684702420313,0.7547157273384654,1.0,1.2133459650826712,1.0,1.156530927058948,0.0,INDUSTRIAL_PERSISTENT_SOURCE
384.0782098048013,306.39022962595214,77.68798017884916,131.04009165811223,4.8831056011540355,1306.4007432020987,0.24196565765385472,1.0,0.95,4,0.1711711393861919,0.9188099000038462,0.10670070379889285,1.0,0.3638730180061717,1.0,4.928682030257771,1.0,INDUSTRIAL_ACCIDENTAL_FIRE
390.5972740759135,307.4296520938395,83.16762198207402,266.5317203932566,5.589238140215271,1383.9231586151473,0.2576217770916401,1.0,0.95,2,0.1730315318409887,1.217235081032665,0.4485070582179631,0.0,0.2903830554451799,1.0,5.905753089547279,1.0,INDUSTRIAL_ACCIDENTAL_FIRE
374.57301419729765,309.60481663810947,64.96819755918818,240.99277276444013,5.488907861100978,1189.2224365566358,0.20562342159768052,1.0,1.0,3,0.43033859700175703,0.8457494385592597,0.21035161824071363,1.0,0.11476336075211209,1.0,6.959492275659421,1.0,INDUSTRIAL_ACCIDENTAL_FIRE
329.75304014253976,290.2394425866253,39.51359755591449,15.602828964392314,2.809573100384443,695.2411987432844,0.12789599301689852,0.0,0.7,8,0.8933017765829256,1.2169997270444255,0.8383623703668579,1.0,2.581994257365899,1.0,-0.36291573549273504,0.0,MINING_COAL_FIRE
322.61262285386175,291.6822951330353,30.930327720826426,17.468767688060094,2.916081072335055,672.5347891810458,0.10337236491664693,0.0,1.0,22,0.9368301140061835,1.1913780222704347,0.7010823561685084,1.0,2.5944461726444206,1.0,0.3650060083184229,0.0,MINING_COAL_FIRE
377.40647304576055,299.7064053067173,77.70006773904328,140.690263243523,4.953643430457979,1344.0404521611515,0.24200019354012364,1.0,0.85,4,0.24071917384781347,1.1971185537402325,0.18979697429547732,1.0,0.36701136168569054,1.0,6.132517430095433,1.0,INDUSTRIAL_ACCIDENTAL_FIRE
332.8765040884097,291.49946858553136,41.37703550287836,13.417159259370681,2.6684191124061036,708.5331546342027,0.1332201014367953,1.0,1.0,25,0.9422621502686608,0.8668885762564429,0.7142632962682891,1.0,3.247876225694434,0.0,-0.14090449236514457,0.0,MINING_COAL_FIRE
314.82633581463887,297.95430518738164,16.87203062725723,11.434539880398557,2.5204780745923747,598.4092500516078,0.05018007656814308,0.0,0.65,2,0.11658522449703755,0.0,0.26991990842814056,0.0,44.86787781427366,0.0,0.0,0.0,AGRICULTURAL_BURNING
330.3322763132957,297.7770326878845,32.55524362541121,12.673885483461834,2.61548784469142,670.6438013888438,0.10801498178688916,1.0,0.85,26,0.9466248652039684,1.1544783078241063,0.6479293445569715,1.0,1.324930647092236,1.0,0.20319639913557686,0.0,MINING_COAL_FIRE
327.4705416017156,299.6423024942494,27.828239107466175,14.013358876091907,2.708940396500149,670.7990458152537,0.0945092545927605,1.0,0.7,10,0.6828252417586654,0.7626609898564198,0.6977992677491587,1.0,1.5477782981397854,1.0,0.24695172048974245,0.0,MINING_COAL_FIRE
323.1497896089661,295.28256074169695,27.867228867269148,16.584842870366188,2.8670373304504935,651.2884709571034,0.07766807216817287,0.0,0.8,2,0.07478201499385177,0.0,0.38279443252982537,0.0,33.35765928898938,0.0,0.0,0.0,AGRICULTURAL_BURNING
348.4471575233807,297.8318018474035,50.61535567597724,42.86088341984439,3.781022884598216,1053.2638623594141,0.10623071135195448,0.0,1.0,16,0.8535969128401887,0.901219972048154,0.7991267928052391,1.0,0.03889861586238567,1.0,0.241041067283029,0.0,INDUSTRIAL_PERSISTENT_SOURCE
322.0276513465501,304.2546865756958,17.772964770854287,21.106441458451542,3.0958690347631697,567.7832162147566,0.05243241192713572,0.0,0.8,2,0.1752899093007966,0.0,0.1328793611005381,0.0,35.14181897218761,0.0,0.0,0.0,AGRICULTURAL_BURNING
379.9829530960051,305.4903570643851,74.49259603162,236.58530024786938,5.4705267179309605,1326.0207894561406,0.2328359886617714,1.0,0.95,4,0.3596948058334858,0.8153393301425063,0.20536612724200956,1.0,0.30267835623391764,1.0,6.489959256249826,1.0,INDUSTRIAL_ACCIDENTAL_FIRE
314.0459938027698,301.0191901144465,13.026803688323298,7.719143733556872,2.1655210374063563,579.524677729998,0.04056700922080825,0.0,0.8,1,0.09147120375668617,0.0,0.18953048146527268,0.0,53.857705965671265,0.0,0.0,0.0,AGRICULTURAL_BURNING
337.64771704445945,293.1071265244021,44.54059052005738,50.84504354741951,3.948259337963973,907.1050228064396,0.1684686350668579,0.0,0.65,1,0.05533226730600077,0.32796196402918376,0.2607386550916494,0.0,42.260020545483215,0.0,0.0,0.0,WILDFIRE_FOREST
339.4831800866964,297.81719169983927,41.66598838685712,9.988779196822652,2.396874679153686,733.5458593981366,0.13404568110530607,0.0,0.7,11,0.9079283226227108,1.008457580849209,0.74801980049005,1.0,2.129634747290174,1.0,0.7110509489241494,0.0,MINING_COAL_FIRE
321.6784579529061,300.0891107867614,21.589347166144705,18.002692149523842,2.944580661209268,639.7465615390181,0.07668384904612774,0.0,0.7,13,0.6494150946029014,1.3978376225084408,0.7806565812069441,1.0,1.447780922667231,1.0,0.37464036163982284,0.0,MINING_COAL_FIRE
340.16806395255986,296.10610861365336,44.0619553389065,44.66042458700018,3.821231939941468,874.531848187025,0.16687318446302166,0.0,0.85,1,0.21391529001257262,0.37382124282848694,0.24426729199320266,0.0,53.75201145571115,0.0,0.0,0.0,WILDFIRE_FOREST
387.7027427074079,307.5278142649074,80.17492844250046,223.48081679848042,5.413790254972265,1347.4689083423707,0.24907122412142987,1.0,0.95,3,0.4953631575566315,1.0674976323827985,0.294156131148824,1.0,0.340630991583649,1.0,3.020773058161257,1.0,INDUSTRIAL_ACCIDENTAL_FIRE
385.9008533431025,302.5408413077308,83.36001203537171,201.10287947795064,5.308776872096056,1354.2199144709518,0.25817146295820487,1.0,0.95,3,0.3229030492052125,0.8926832294475182,0.23378828819211042,1.0,0.45931963007635607,1.0,6.585521202316102,1.0,INDUSTRIAL_ACCIDENTAL_FIRE
335.2261037609549,294.52255787455306,40.703545886401855,9.769384795826841,2.3767073675151233,693.0446044100694,0.10975886471600463,0.0,0.65,2,0.028679934854984178,0.0,0.29366019726404463,0.0,32.37607493260068,0.0,0.0,0.0,AGRICULTURAL_BURNING
322.9235467625071,292.9801298704887,29.943416892018377,14.94889879740052,2.769389785932092,682.6285770835881,0.10055261969148108,1.0,0.7,18,0.7429558103568069,0.7885955166697862,0.7515525915413402,1.0,3.3452154525202507,0.0,-0.3979269559246303,0.0,MINING_COAL_FIRE
345.9928079013502,289.6314843598952,56.36132354145502,46.73105036078612,3.8655821370774954,912.3500928938084,0.20787107847151673,0.0,0.65,2,0.06619577969175676,0.26645209340146325,0.2898238340739898,0.0,43.57792134524459,0.0,0.0,0.0,WILDFIRE_FOREST
327.1193769134452,292.1198722520438,34.999504661401375,56.43080676624552,4.050580862596542,839.5297001660829,0.1366650155380046,0.0,0.85,1,0.18041609146214718,0.16987702468460808,0.2179623880164157,0.0,19.793212126092158,0.0,0.0,0.0,WILDFIRE_FOREST
356.7828469638237,289.91249590007976,66.87035106374395,47.6138872610757,3.8839092362014718,1148.9024142227238,0.1387407021274879,0.0,1.0,40,0.8138325975411699,1.7346297685153982,0.7707834315020488,1.0,0.22280621693515265,1.0,0.8454729720868628,0.0,INDUSTRIAL_PERSISTENT_SOURCE
323.8566598288049,299.1482102600425,24.708449568762376,14.461987173576347,2.7383845713530124,630.0216460465282,0.06977112392190593,0.0,0.8,1,0.04920788976244027,0.0,0.13457776870781105,0.0,18.876037409372643,0.0,0.0,0.0,AGRICULTURAL_BURNING
385.8000546120412,307.07530256334934,78.72475204869187,122.92757430399338,4.819697316771319,1291.121465576605,0.24492786299626249,1.0,1.0,3,0.3516038780666261,1.4735830126264098,0.2554403362737163,1.0,0.45509016784772943,1.0,6.6289537221369494,1.0,INDUSTRIAL_ACCIDENTAL_FIRE
324.70333879356446,291.4014371721798,33.30190162138467,19.021772241277517,2.996820293509433,685.7807584004972,0.11014829034681335,1.0,1.0,8,0.7780875069718483,1.1553353456947195,0.7527444599248276,1.0,0.9130862765050554,1.0,0.6174378654544481,0.0,MINING_COAL_FIRE
326.75801381798544,296.46484809799927,30.293165719986177,11.9407456192498,2.5603809086839493,636.9335238675764,0.08373291429996543,0.0,0.4,2,0.15178718554753395,0.0,0.20512677154482772,0.0,35.56879326293638,0.0,0.0,0.0,AGRICULTURAL_BURNING
394.93221455146823,301.73493419985397,93.19728035161427,130.4176012083013,4.878380048436764,1397.6894979574176,0.2862779438617551,0.0,0.95,4,0.17573937562499467,1.4899553178774205,0.18471934502902515,1.0,1.7590761727071427,1.0,7.068849664043272,1.0,INDUSTRIAL_ACCIDENTAL_FIRE
351.9796432173366,296.51228816675393,55.46735505058268,33.590880919887596,3.543590090097686,1112.1990252345902,0.11593471010116536,1.0,0.9,11,0.8380187422358394,1.732170309837933,0.6812037362855241,1.0,2.09255379499425,1.0,-0.30529725636451444,0.0,INDUSTRIAL_PERSISTENT_SOURCE
366.0084080054985,298.87714484837494,67.13126315712356,163.45857698674288,5.102658726864812,1214.057204252579,0.211803609020353,0.0,0.95,1,0.3229602237508471,1.4298833419810908,0.10763818887142133,0.0,1.6362655433527191,1.0,6.42773131305362,1.0,INDUSTRIAL_ACCIDENTAL_FIRE
387.1365495450382,307.86376199238424,79.27278755265394,153.594949490683,5.0408084673835,1359.7495841664327,0.2464936787218684,0.0,0.95,3,0.4098521314472421,1.0012231654280752,0.32986462221609497,1.0,0.7897751145643814,1.0,5.645768545307702,1.0,INDUSTRIAL_ACCIDENTAL_FIRE
325.33735437297594,294.95342460107867,30.38392977189727,24.767914003595862,3.249130074690042,663.6472396867167,0.1018112279197065,1.0,0.7,28,0.6139182295803657,0.7529095646838131,0.5510087134968811,1.0,2.42788353321393,1.0,-0.016195343346159408,0.0,MINING_COAL_FIRE
314.2392282805741,299.56210734156264,14.677120939011445,19.54911806808401,3.02281802362637,577.7670333768432,0.044692802347528614,0.0,0.4,2,0.04230642846842733,0.0,0.3728497128822149,0.0,6.2684862848474845,0.0,0.0,0.0,AGRICULTURAL_BURNING
354.3477982505851,288.4831119223463,65.86468632823875,28.911702560480073,3.3982497938061718,948.3347140072518,0.2395489544274625,0.0,0.65,1,0.060719531443778466,0.10875530316179895,0.38116339688722634,0.0,65.3888399397486,0.0,0.0,0.0,WILDFIRE_FOREST
375.6756427777763,299.17487350150003,76.50076927627629,138.4512102990152,4.937714793125223,1297.8247211000178,0.23857362650364652,0.0,1.0,5,0.18605554646471759,1.0928337048715961,0.3628289294271614,1.0,0.6335595387930184,1.0,4.592772894642564,1.0,INDUSTRIAL_ACCIDENTAL_FIRE
339.7227555742542,301.40472973635724,38.31802583789698,41.291601081102854,3.744588510335083,1010.3903979367686,0.08163605167579396,1.0,0.75,35,0.9513615606644897,1.1024071251573666,0.8174402474384644,1.0,0.6555069033695994,1.0,1.1864521345610983,0.0,INDUSTRIAL_PERSISTENT_SOURCE
381.7335025211007,308.22910714334944,73.50439537775128,190.47519225274004,5.254758255856989,1277.5066468070197,0.2300125582221465,1.0,0.95,4,0.19438369705388422,0.8676735147527037,0.2576298276903648,1.0,0.8641098214965068,1.0,5.784312214277856,1.0,INDUSTRIAL_ACCIDENTAL_FIRE
387.72393336352155,302.13101288970034,85.59292047382121,148.68130963335224,5.008508431482289,1341.2091593726593,0.2645512013537749,1.0,0.85,1,0.37002902325469933,1.1009703338458752,0.3908322098692739,0.0,0.572999986703304,1.0,7.219037786185039,1.0,INDUSTRIAL_ACCIDENTAL_FIRE
329.1704945037281,298.9050705954369,30.26542390829121,11.523372578755964,2.5275967046969376,663.4375172337627,0.10147263973797489,1.0,0.85,9,0.7221864404073534,0.9985253601589383,0.8256052533829892,1.0,2.218441513568565,1.0,0.4220407219133502,0.0,MINING_COAL_FIRE
332.3246099688315,289.7967391696975,42.52787079913401,16.12122004434544,2.8403186324469325,694.9629090181871,0.13650820228324,0.0,0.7,17,0.929349624738784,1.3740058988470132,0.6824548974063245,1.0,3.21301876026011,0.0,0.704903106111479,0.0,MINING_COAL_FIRE
333.9633896701197,296.56730970914737,37.396079960972315,18.916104304464806,2.9915286659857845,667.1914891228975,0.1014901999024308,0.0,0.65,2,0.111977555436358,0.0,0.14000273909322863,0.0,28.594731085209048,0.0,0.0,0.0,AGRICULTURAL_BURNING
332.38821424418813,296.0528871975393,36.33532704664884,26.715450834335762,3.321990049538518,989.8786708868608,0.0776706540932977,1.0,0.75,28,0.7251571042954006,0.9916625386281445,0.8685481801542321,1.0,2.0617230753944296,1.0,-0.6858104789802322,0.0,INDUSTRIAL_PERSISTENT_SOURCE
375.4271457271695,307.3087641428211,68.11838158434841,211.73168280525968,5.360031666474326,1269.1658485154082,0.2146239473838526,1.0,0.85,5,0.20991450100882317,1.3894233060634948,0.2823352920452148,1.0,1.4420374313820261,1.0,2.8941238728513747,1.0,INDUSTRIAL_ACCIDENTAL_FIRE
391.1290737123826,307.997217049854,83.1318566625286,200.25160026398055,5.304555867889323,1375.8207085646416,0.25751959046436745,1.0,1.0,3,0.3921992237870203,1.2505043866375676,0.2842409313276396,1.0,1.4530241453721358,1.0,5.399106827182205,1.0,INDUSTRIAL_ACCIDENTAL_FIRE
355.33123613246,295.6332788276137,59.697957304846284,39.52680499995661,3.701963607035931,1128.0879270087141,0.12439591460969257,0.0,0.75,38,0.8288878777247346,0.976629272900474,0.7408835503670252,1.0,0.1561285194431546,1.0,-0.5950073416215744,0.0,INDUSTRIAL_PERSISTENT_SOURCE
376.6294641636694,306.8579663024804,69.771497861189,164.25532593502496,5.107491707773856,1257.0302464488755,0.21934713674625428,0.0,1.0,2,0.21955792444554376,1.4655408954119367,0.34588917553718246,0.0,1.2817499103600796,1.0,6.914902764797296,1.0,INDUSTRIAL_ACCIDENTAL_FIRE
354.12631641798623,301.2752298682089,52.851086549777335,36.98914812042743,3.637300543163633,1072.1981940221578,0.11070217309955467,1.0,0.75,22,0.8363939739017898,1.3841275736963188,0.7429045874938854,1.0,0.5029291911471602,1.0,0.7255981057516108,0.0,INDUSTRIAL_PERSISTENT_SOURCE
333.98076467201196,293.34945734010387,40.63130733190809,25.95132638957973,3.2940325128258987,720.752946878539,0.1310894495197374,0.0,0.85,25,0.652716496039633,0.9565773380862692,0.8440297309323933,1.0,0.2652445587012836,1.0,0.20828570109569255,0.0,MINING_COAL_FIRE
334.4321695958998,298.44906266123485,35.98310693466493,11.319601808251512,2.511191636824241,689.7507456068669,0.11780887695618551,1.0,0.7,20,0.9194527291519518,1.323530576906294,0.8243674833064474,1.0,1.5714959423033255,1.0,-0.22881278235467234,0.0,MINING_COAL_FIRE
369.7491170031684,298.72500244225944,71.02411456090897,222.6698648198,5.410171146948589,1266.7221943290963,0.22292604160259705,1.0,0.95,5,0.1923441709376534,1.195981720498704,0.16393533448388387,1.0,1.02529350680004,1.0,5.0660208649232565,1.0,INDUSTRIAL_ACCIDENTAL_FIRE
316.7538508814072,296.271381926097,20.482468955310196,18.25391460821954,2.9577143963308545,630.2694841569206,0.05920617238827549,0.0,0.4,1,0.13769612961974834,0.0,0.3508404606336223,0.0,39.73678122865771,0.0,0.0,0.0,AGRICULTURAL_BURNING
325.9309524343315,291.2134642174261,34.717488216905394,18.733850470925216,2.9823354591753573,815.3641825391453,0.13572496072301798,0.0,0.85,2,0.13104802370059457,0.3769058904815239,0.38790930334299745,0.0,15.176973530970681,0.0,0.0,0.0,WILDFIRE_FOREST
360.51151990388337,288.04531307034244,72.46620683354092,52.46603411118584,3.9790465758561493,1196.09313631469,0.14993241366708185,0.0,0.75,14,0.8216589757078799,0.9823346621366824,0.8041627504334701,1.0,0.5604927405766598,1.0,-0.7288357084130748,0.0,INDUSTRIAL_PERSISTENT_SOURCE
354.3564861559928,295.90153360904236,58.45495254695044,8.307454156244706,2.2308156012887,1086.2857146996794,0.12190990509390089,0.0,1.0,30,0.9110515717487537,1.0333205298147448,0.8461489891483033,1.0,0.7104433260149711,1.0,0.4170692865544767,0.0,INDUSTRIAL_PERSISTENT_SOURCE
386.07901319256547,301.3240685572473,84.75494463531817,178.22349849286834,5.18863362192657,1349.1580091737085,0.2621569846723376,1.0,0.95,4,0.26709222340774286,0.9900981353257279,0.2655139964838167,1.0,0.9466366107051337,1.0,7.36260117043148,1.0,INDUSTRIAL_ACCIDENTAL_FIRE
328.51076642733926,292.6906994271219,35.820067000217364,33.27908666385789,3.534535449963257,992.0207377477842,0.07664013400043473,1.0,0.75,44,0.8029544271795115,1.2600266723876623,0.8835017687202675,1.0,1.302153280670524,1.0,0.2062671094966395,0.0,INDUSTRIAL_PERSISTENT_SOURCE
350.932769273988,300.8196298146606,50.11313945932744,77.91711956754102,4.368398182357843,903.7535370526078,0.18704379819775813,0.0,0.65,2,0.19862721710570327,0.1632086727666533,0.2115300178404091,0.0,12.590181386690794,0.0,0.0,0.0,WILDFIRE_FOREST
337.56367516080314,294.1669091738907,43.39676598691244,30.58222751070882,3.452594541827915,1014.5048921520608,0.0917935319738249,1.0,0.9,21,0.9550239864740866,1.1419712216137545,0.949393236667478,1.0,0.5308286431181485,1.0,-0.11685922593686415,0.0,INDUSTRIAL_PERSISTENT_SOURCE
314.5474716677134,307.3085899914093,7.238881676304118,7.318841862691692,2.1185230459483,556.4964406498797,0.026097204190760295,0.0,0.65,2,0.08762315171036128,0.0,0.31166895710825115,0.0,20.32094923973545,0.0,0.0,0.0,AGRICULTURAL_BURNING
334.4375147644218,307.8365302180898,26.600984546331972,5.599441298349946,1.8869849936840573,627.792895413597,0.07450246136582994,0.0,0.65,2,0.1601556190261904,0.0,0.13446492732363668,0.0,28.835823546420706,0.0,0.0,0.0,AGRICULTURAL_BURNING
338.86604049283994,296.8771186149499,41.98892187789005,22.304907655405234,3.148663967379833,1019.3824511907585,0.0889778437557801,1.0,0.75,27,0.8650916010556521,1.5024468813028822,0.7930975746134525,1.0,0.1774599792340017,1.0,0.8158760600285668,0.0,INDUSTRIAL_PERSISTENT_SOURCE
376.5624950761975,298.223527531083,78.33896754511449,173.8513195272649,5.163936010105243,1327.5477656376004,0.24382562155746995,0.0,1.0,4,0.3700762468698007,0.9213552574554404,0.23687121265063427,1.0,0.45406419483876076,1.0,5.12733147752297,1.0,INDUSTRIAL_ACCIDENTAL_FIRE
330.6848489040817,297.92468410313694,32.76016480094478,2.871952638930851,1.3537589376584411,665.2869291069175,0.08990041200236196,0.0,0.65,2,0.14230517661494238,0.0,0.1689775490636682,0.0,30.960411516453114,0.0,0.0,0.0,AGRICULTURAL_BURNING
359.60808666184516,289.8692007851749,69.73888587667028,18.105554471076072,2.949979102779534,1155.8809249212084,0.14447777175334056,1.0,0.75,39,0.7748512165202902,1.309568071968346,0.6990661383590562,1.0,1.4423975830057663,1.0,-0.5334314838356538,0.0,INDUSTRIAL_PERSISTENT_SOURCE
376.66031869068445,301.7988864448345,74.86143224584993,145.57958564220064,4.987568527656491,1302.595959098899,0.23388980641671406,1.0,0.85,2,0.632627653632069,1.3615378865278278,0.1260927252879198,0.0,1.5002906410158763,1.0,4.097196155505953,1.0,INDUSTRIAL_ACCIDENTAL_FIRE
313.39834352498525,303.125822461002,10.272521063983277,3.1303285887438985,1.4183569652472985,585.615799315225,0.033681302659958196,0.0,0.4,2,0.1739580756075171,0.0,0.1313859551647987,0.0,47.172379982773265,0.0,0.0,0.0,AGRICULTURAL_BURNING
326.39591050095197,304.9512607599535,21.444649740998443,3.1024053023654248,1.4115734608065962,615.9829064497601,0.061611624352496105,0.0,0.8,1,0.04147395045714604,0.0,0.19872932769223065,0.0,46.335046909095844,0.0,0.0,0.0,AGRICULTURAL_BURNING
331.9801900413833,295.9226658213453,36.05752422003803,38.35749849176648,3.672686515585271,999.5830334691254,0.07711504844007606,0.0,1.0,24,0.8826629960531218,1.0753564424898276,0.7973991295736392,1.0,0.29658276517754345,1.0,0.011624184400543136,0.0,INDUSTRIAL_PERSISTENT_SOURCE
367.5602400945297,298.60209732613714,68.95814276839258,176.26002300881402,5.177617711112872,1233.2424748056862,0.2170232650525502,1.0,0.95,1,0.2057561061606382,1.2965680769611736,0.43209608454089565,0.0,1.2170166559641131,1.0,4.057685580621466,1.0,INDUSTRIAL_ACCIDENTAL_FIRE
345.4191990837698,288.32739668407527,57.09180239969453,23.839785441947022,3.212446619425197,919.3641783412473,0.21030600799898175,0.0,0.85,3,0.24961059398785726,0.26136713852659244,0.4373216430434337,0.0,54.09715219642168,0.0,0.0,0.0,WILDFIRE_FOREST
334.97748296799847,290.84278564856066,44.134697319437805,29.34569360187549,3.412654616231259,1039.537285926516,0.09326939463887561,0.0,0.9,44,0.8231903125861094,1.6176031250849663,0.7308253667988716,1.0,0.2938420366805944,1.0,1.0308324029334068,0.0,INDUSTRIAL_PERSISTENT_SOURCE
392.5859307396815,311.9055702159215,80.68036052375999,152.96972147838528,5.036755969305887,1299.9882228726344,0.2505153157821714,1.0,0.85,5,0.3907746701379271,1.3512843601011455,0.1878504841418051,1.0,0.12859477324232776,1.0,3.2263920005041755,1.0,INDUSTRIAL_ACCIDENTAL_FIRE
356.78854767348895,292.62849746383375,64.1600502096552,23.262692213742355,3.1889398707200014,1125.393206048403,0.1333201004193104,0.0,0.75,7,0.9769785812880489,0.9643062425484802,0.659738042528683,1.0,2.182327793250966,1.0,0.9654841524141609,0.0,INDUSTRIAL_PERSISTENT_SOURCE
335.5923637500062,293.6279419358135,41.96442181419269,8.68655001985506,2.270738327404453,698.8877490555584,0.11291105453548173,0.0,0.8,1,0.016652483262256094,0.0,0.14045390875561717,0.0,59.397497775013356,0.0,0.0,0.0,AGRICULTURAL_BURNING
359.64147808475593,290.20591267885527,69.43556540590066,22.16536141282168,3.1426581204227833,964.1323463732165,0.25145188468633556,1.0,0.85,1,0.034881076015917355,0.2854647115317527,0.4530321330994221,0.0,83.2146531418486,0.0,0.0,0.0,WILDFIRE_FOREST
323.3080055873881,298.3857300926657,24.922275494722385,19.047812793518766,2.9981200601970435,635.5350100283415,0.08620650141349252,1.0,0.85,19,0.9155754622196082,1.011476659714562,0.7022979989353693,1.0,2.0089177045469935,1.0,0.6292154451233913,0.0,MINING_COAL_FIRE
328.4438688147405,303.56394930230516,24.879919512435322,7.825267886601928,2.177618957780959,619.519065355137,0.07019979878108831,0.0,0.65,1,0.05361565388354619,0.0,0.10018349054667612,0.0,24.688230405781606,0.0,0.0,0.0,AGRICULTURAL_BURNING
329.8349718885313,299.44454083063533,30.390431057895967,36.145335446459214,3.614838203292814,966.4809346522028,0.06578086211579194,0.0,1.0,22,0.9690649178778319,1.2751511537005142,0.8180628208222835,1.0,1.553647754112583,1.0,0.2064188335030861,0.0,INDUSTRIAL_PERSISTENT_SOURCE
317.46585455601735,299.1011083076167,18.36474624840065,9.26270663258684,2.328516609298071,587.4157219206136,0.05391186562100162,0.0,0.4,2,0.10118324403310136,0.0,0.25044912866081914,0.0,6.3324224327039635,0.0,0.0,0.0,AGRICULTURAL_BURNING
322.5508135202127,302.7437141692676,19.807099350945123,23.73712664094813,3.2083052179779243,608.0363777511338,0.05751774837736281,0.0,0.65,1,0.05542136791901653,0.0,0.3127471497104393,0.0,7.769964944636769,0.0,0.0,0.0,AGRICULTURAL_BURNING
381.2271501151424,307.7500172985055,73.47713281663692,156.41745799012568,5.058901244636559,1283.6858685615632,0.2299346651903912,0.0,1.0,1,0.25183356888634245,0.8807762495252422,0.311973261263194,0.0,1.2787556683182015,1.0,5.369420698966657,1.0,INDUSTRIAL_ACCIDENTAL_FIRE
341.97906369956473,291.5485188781665,50.43054482139826,36.83633087728758,3.6332697753514744,1080.8172030136059,0.10586108964279652,1.0,0.9,7,0.8972689486146971,1.3446105035393752,0.6855385115283446,1.0,1.611385229726021,1.0,-0.3430568481659526,0.0,INDUSTRIAL_PERSISTENT_SOURCE
323.5880376336406,305.8959040009678,17.692133632672835,3.272461998700928,1.452190241573888,604.5599712682681,0.05223033408168209,0.0,0.4,2,0.12258208307865164,0.0,0.33830300319563145,0.0,32.08022501719314,0.0,0.0,0.0,AGRICULTURAL_BURNING
380.74206912984295,308.85341672568927,71.88865240415367,233.98701937209765,5.459530275904077,1283.730928028097,0.22539614972615335,0.0,1.0,3,0.296258212738126,1.2280245278579627,0.3374749889024232,1.0,0.4602448000201507,1.0,4.1807467590196365,1.0,INDUSTRIAL_ACCIDENTAL_FIRE
342.7978444123204,302.20263827501276,40.59520613730763,53.50096232962847,3.9982183589376836,1003.7836487263506,0.08619041227461526,0.0,0.75,44,0.7457216977711033,1.708311451241591,0.8694813021558405,1.0,1.0393439077273117,1.0,0.7215186167739001,0.0,INDUSTRIAL_PERSISTENT_SOURCE
322.36525108725704,295.2974778224514,27.067773264805624,18.552372877614538,2.973096653880091,680.1726975947597,0.09233649504230178,1.0,1.0,26,0.8418212376793615,0.8424874193242295,0.6156011189214005,1.0,2.347480047644568,1.0,0.14132415983551094,0.0,MINING_COAL_FIRE
369.5943350025187,308.19363012270634,61.40070487981234,171.99846999866978,5.153282750520346,1226.4480820278284,0.1954305853708924,1.0,0.95,4,0.5004328495627143,0.8479084964698383,0.4140890614125552,1.0,1.1004399676742704,1.0,4.765968222139383,1.0,INDUSTRIAL_ACCIDENTAL_FIRE
343.15481391069756,300.54177923317565,42.61303467752191,56.58107827016847,4.053194011479141,1046.6366220441835,0.09022606935504382,0.0,1.0,42,0.9502595734778878,1.4814422496869364,0.6951832859205558,1.0,0.5976281941908659,1.0,0.38163174979101533,0.0,INDUSTRIAL_PERSISTENT_SOURCE
333.17531684674407,292.913515362851,40.261801483893066,18.907224608056776,2.991082711476321,712.6036428947557,0.13003371852540876,1.0,0.85,28,0.6231022175340838,1.3849039567923276,0.7651782554429892,1.0,3.212973868752163,0.0,-0.29531326625985527,0.0,MINING_COAL_FIRE
351.25180919955244,295.5276036383346,55.72420556121784,47.043342064008336,3.8721035631518905,1073.0253774731905,0.11644841112243569,1.0,0.9,28,0.8681322726559392,1.7782837765051829,0.735877710614955,1.0,1.7159190698853,1.0,-0.23422818042726967,0.0,INDUSTRIAL_PERSISTENT_SOURCE
329.4969029716845,296.63623868817297,32.86066428351154,11.738567351427935,2.5446341910285724,642.2705469593086,0.09015166070877884,0.0,0.65,2,0.1454362198324145,0.0,0.21206456624239134,0.0,37.69741011623672,0.0,0.0,0.0,AGRICULTURAL_BURNING
331.6605420101489,289.7007955714562,41.95974643869272,15.953824041747447,2.830493415563726,715.5280359267044,0.13488498982483632,0.0,0.85,24,0.7728260695897429,0.8935992207998098,0.6898197352956207,1.0,0.5659769283569975,1.0,-0.48944555085190666,0.0,MINING_COAL_FIRE
387.6206910478515,298.5031414489018,89.11754959894972,223.4029991266758,5.413443538651367,1361.928635238083,0.2746215702827135,0.0,0.85,4,0.5192987290661654,1.2775357164386274,0.26385394945536067,1.0,0.7407851192284493,1.0,5.830713238904875,1.0,INDUSTRIAL_ACCIDENTAL_FIRE
318.0131054143471,298.01669280317486,19.996412611172218,11.884478010115702,2.556023331845278,611.4652426333632,0.057991031527930545,0.0,0.65,1,0.15946083900156774,0.0,0.23756463144382006,0.0,23.7851464307747,0.0,0.0,0.0,AGRICULTURAL_BURNING
327.38474584504013,294.97373189318773,32.4110139518524,19.89324609113654,3.0394259532112735,818.0966670138552,0.12803671317284132,0.0,0.85,2,0.034691430288234335,0.21065274212241497,0.3451710479065524,0.0,57.19660321351603,0.0,0.0,0.0,WILDFIRE_FOREST
322.8498376962989,295.3546759269598,27.495161769339063,10.384404764253183,2.432244415694223,627.2940937728665,0.07673790442334766,0.0,0.8,1,0.08458532527677003,0.0,0.31714860454688354,0.0,42.51770950902159,0.0,0.0,0.0,AGRICULTURAL_BURNING
314.66919780005315,293.4776261682215,21.191571631831664,11.02611991113724,2.487080943558623,589.3822473886358,0.06097892907957916,0.0,0.4,1,0.07466441929654044,0.0,0.35289172061456897,0.0,41.12367025465175,0.0,0.0,0.0,AGRICULTURAL_BURNING
376.918618716811,309.1621351209138,67.75648359589724,128.8646759843246,4.866492954319987,1264.8075996398575,0.21358995313113496,1.0,1.0,4,0.5111262841965332,1.2193205553441286,0.38937958973317743,1.0,0.3123554978603541,1.0,5.813393874560897,1.0,INDUSTRIAL_ACCIDENTAL_FIRE
382.3484042298852,298.5031918331544,83.8452123967308,126.41524254717844,4.847451379208843,1313.2405186497565,0.25955774970494516,1.0,0.85,5,0.5694667510346817,0.9900800410738193,0.4378381406367694,1.0,0.8647965317318054,1.0,3.976181394424561,1.0,INDUSTRIAL_ACCIDENTAL_FIRE
330.5609778907767,288.4941155257316,42.0668623650451,62.40589493816757,4.149556837218079,849.2057944512937,0.1602228745501503,0.0,0.65,1,0.22660433273507283,0.23505825696753824,0.4311313424374935,0.0,72.95166114298273,0.0,0.0,0.0,WILDFIRE_FOREST
370.24515881781235,305.0359250704882,65.20923374732416,214.07844773156944,5.371002834747726,1209.6302510655555,0.20631209642092618,0.0,0.85,1,0.4831534429175198,1.184670675126512,0.43803775640362697,0.0,0.7476602986015479,1.0,5.0476999083259395,1.0,INDUSTRIAL_ACCIDENTAL_FIRE
349.9380799148133,297.76457617827816,52.17350373653511,27.207859146552906,3.3396006322565226,1058.8477114502195,0.10934700747307023,1.0,0.75,9,0.9393221133291324,1.1414253230300797,0.9498008839950512,1.0,1.8174472121638459,1.0,0.028263029158196673,0.0,INDUSTRIAL_PERSISTENT_SOURCE
359.2207777100044,297.04505760644867,62.17572010355576,47.443669727531606,3.880401674022064,1113.705268149564,0.1293514402071115,1.0,1.0,40,0.8402419839502554,1.2387487839610278,0.8516788819797698,1.0,1.7706625550027701,1.0,-0.156675057210506,0.0,INDUSTRIAL_PERSISTENT_SOURCE
316.2751823279208,303.4945200050204,12.780662322900412,20.148138766941805,3.051551900056887,583.2532862368847,0.03995165580725103,0.0,0.8,1,0.03397844734247282,0.0,0.15231647987488525,0.0,6.5053880673536115,0.0,0.0,0.0,AGRICULTURAL_BURNING
382.7069200060726,303.05363455716036,79.65328544891224,140.6474849742221,4.9533414709069135,1326.4042961490443,0.24758081556832068,1.0,0.85,3,0.6310493928820589,0.9295930501870338,0.28966533158242536,1.0,0.21026862832160975,1.0,6.04563309249451,1.0,INDUSTRIAL_ACCIDENTAL_FIRE
359.74771249208027,287.3001784172625,72.44753407481778,94.96823768459086,4.564017279270256,996.9318726297184,0.2614917802493926,0.0,0.65,2,0.17905287176770465,0.12818079550702915,0.3685393557986414,0.0,74.94436886608156,0.0,0.0,0.0,WILDFIRE_FOREST
313.53998923466605,302.11808016487277,11.421909069793287,23.691710585321292,3.2064675834732164,549.0837637846637,0.03655477267448322,0.0,0.4,2,0.03064068010303221,0.0,0.37489446234435597,0.0,31.3749160101454,0.0,0.0,0.0,AGRICULTURAL_BURNING
329.72519698488264,300.1902843382375,29.534912646645125,6.5155209498051905,2.016970342133688,659.2733119488244,0.0818372816166128,0.0,0.4,1,0.06454012349592594,0.0,0.10987323908648178,0.0,29.955796750186586,0.0,0.0,0.0,AGRICULTURAL_BURNING
324.89288367818597,305.6884946894229,19.20438898876307,3.8750947816115002,1.584139546642656,624.1827989524867,0.05601097247190768,0.0,0.4,1,0.13162666382035104,0.0,0.23632106764595914,0.0,27.364928059267886,0.0,0.0,0.0,AGRICULTURAL_BURNING
356.8338903530524,289.49898852875566,67.33490182429676,125.94980232145103,4.8437917510124215,991.1798298153149,0.24444967274765586,0.0,0.85,1,0.11362954374753854,0.31535541152067303,0.3125796413130319,0.0,68.99895828573594,0.0,0.0,0.0,WILDFIRE_FOREST
331.51815216398387,297.84844053599477,33.6697116279891,43.468703111887834,3.794785640883674,970.6679253176403,0.07233942325597821,1.0,0.75,12,0.7646950370134027,1.1714281828861965,0.7064907574751319,1.0,1.9972284301953716,1.0,0.5679502598302826,0.0,INDUSTRIAL_PERSISTENT_SOURCE
327.8900110932407,300.54795957357396,27.34205151966671,14.177270711745013,2.7197989607922133,643.720088366839,0.09312014719904775,0.0,1.0,27,0.8855437099121928,1.3339757447638863,0.671291397418797,1.0,2.473063017698939,1.0,-0.45715957235097066,0.0,MINING_COAL_FIRE
323.68573812139886,298.6788643384767,25.006873782922128,15.355695535467314,2.7945761874763195,648.7348955182881,0.08644821080834894,0.0,0.85,11,0.9354936148594193,1.216482652354146,0.5646258631858307,1.0,1.2383048393104403,1.0,0.23004845761384463,0.0,MINING_COAL_FIRE
325.90472681583714,293.87943050633874,32.0252963094984,8.407018197460491,2.2414560274474407,660.8648926751957,0.088063240773746,0.0,0.65,2,0.06108143062669857,0.0,0.17065433546699887,0.0,13.232262806374683,0.0,0.0,0.0,AGRICULTURAL_BURNING
318.8446979593236,295.0458505946429,23.798847364680682,23.347684549808122,3.1924367546502683,587.0033849995302,0.06749711841170171,0.0,0.65,2,0.15337139190823823,0.0,0.1459254456524225,0.0,46.748047534082865,0.0,0.0,0.0,AGRICULTURAL_BURNING
338.85655073098206,299.2161388469325,39.64041188404957,16.674275742166095,2.872110234545123,708.8899905200172,0.12825831966871304,0.0,1.0,20,0.8907748529601905,0.754435548900444,0.8011248254370209,1.0,1.8640310978840813,1.0,0.5380361713906612,0.0,MINING_COAL_FIRE
389.4730821390532,304.5341933127513,84.93888882630188,147.56485469016164,5.001021594823407,1336.5666848936964,0.26268253950371967,1.0,1.0,3,0.479051109028246,1.1164606177679561,0.44503186229757197,1.0,0.18426494699254914,1.0,4.923175537112786,1.0,INDUSTRIAL_ACCIDENTAL_FIRE
327.41471778413876,294.80727676378507,32.60744102035369,13.109114714286763,2.6468210221732575,695.7077884173866,0.10816411720101055,1.0,1.0,29,0.63071651606761,0.9486516298920916,0.5639384431665729,1.0,3.057970654309622,0.0,0.5309165423431748,0.0,MINING_COAL_FIRE
314.49624714547537,304.7794200008401,9.71682714463526,12.792086160642528,2.6240949610481787,543.5051181107737,0.032292067861588156,0.0,0.65,2,0.1010380291257744,0.0,0.3927495669348122,0.0,43.34277427708194,0.0,0.0,0.0,AGRICULTURAL_BURNING
341.8809565656922,299.48717932667523,42.39377723901697,53.84703821500444,4.004548187360008,845.1046536237193,0.16131259079672322,1.0,0.85,2,0.13727103295047266,0.3012187058724871,0.2637244197569646,0.0,65.04238554623308,0.0,0.0,0.0,WILDFIRE_FOREST
327.2082679743901,298.73606312355236,28.472204850837727,27.813489735144287,3.3608436710612675,787.3552727512595,0.11490734950279242,0.0,0.85,3,0.0994131337162715,0.4428077670894883,0.4391718725068401,0.0,57.002993173510845,0.0,0.0,0.0,WILDFIRE_FOREST
329.96643982925184,302.9166986171659,27.049741212085962,12.777393593180086,2.62302910351408,625.7444597854815,0.07562435303021492,0.0,0.65,2,0.14660649223805272,0.0,0.25821198699125236,0.0,29.154195480487928,0.0,0.0,0.0,AGRICULTURAL_BURNING
313.547768733481,296.01949022840137,17.52827850507964,9.696043432162122,2.3698739003899507,583.6956007845505,0.051820696262699105,0.0,0.8,2,0.02142886804703778,0.0,0.305146908236051,0.0,29.574563983607057,0.0,0.0,0.0,AGRICULTURAL_BURNING
355.98274330997975,298.7013440049256,57.28139930505415,35.444357365835984,3.5957866416930084,963.3425562094972,0.21093799768351382,1.0,0.65,1,0.034989559056357616,0.44425677719451606,0.4630249589394891,0.0,29.638571838654055,0.0,0.0,0.0,WILDFIRE_FOREST
347.4212729269031,300.38296235020124,47.03831057670186,37.69413931130711,3.655688149583383,1054.7982919512694,0.09907662115340372,1.0,0.75,40,0.8280448630098801,1.7844120438501907,0.7697328051724187,1.0,0.6200147109298471,1.0,0.8975351705626284,0.0,INDUSTRIAL_PERSISTENT_SOURCE
372.8741175536379,305.35361786294214,67.52049969069577,132.9404030831069,4.897394947907769,1265.242309213292,0.21291571340198792,0.0,1.0,3,0.3190422046831307,1.28873890147355,0.1752207859853517,1.0,0.2446153078418828,1.0,4.641189517642707,1.0,INDUSTRIAL_ACCIDENTAL_FIRE
340.93204409506524,299.39245939394857,41.53958470111667,37.91914863016733,3.6614863822113137,878.9369102081363,0.15846528233705554,0.0,0.65,2,0.06702266442510249,0.23830218797417285,0.3961368952510169,0.0,70.77197169155853,0.0,0.0,0.0,WILDFIRE_FOREST
365.7959661162146,300.54009609125717,65.2558700249574,135.148268215588,4.913744499359019,1223.5245624460015,0.2064453429284497,1.0,1.0,4,0.5019730675692547,0.9815964034019048,0.2328923428585434,1.0,1.0703227316969615,1.0,5.73637797390328,1.0,INDUSTRIAL_ACCIDENTAL_FIRE
393.6459584198958,308.3305568337408,85.31540158615502,141.34679699028473,4.95826631252453,1355.029828234848,0.2637582902461572,0.0,0.85,5,0.3598000312138949,0.8841152534639496,0.21965788335074055,1.0,1.0201195918949513,1.0,4.473071589660929,1.0,INDUSTRIAL_ACCIDENTAL_FIRE
334.14895618770936,300.84178599577126,33.3071701919381,6.218844778966115,1.9766949371896227,659.0182873921801,0.09126792547984525,0.0,0.8,1,0.09955462467473522,0.0,0.3875555824544279,0.0,44.35632995101897,0.0,0.0,0.0,AGRICULTURAL_BURNING
354.08749203553145,301.89998330830304,52.18750872722842,19.141005409023276,3.002757807048539,1073.72770903696,0.10937501745445684,0.0,0.75,19,0.8166555199682272,1.5232626114850736,0.7230585016698609,1.0,1.0744459944600109,1.0,0.19303084446120966,0.0,INDUSTRIAL_PERSISTENT_SOURCE
357.8994977724001,295.31578302473054,62.583714747669546,45.70186225782709,3.8437840409210486,1133.6487218871969,0.1301674294953391,1.0,0.75,15,0.9544718801021315,1.4144729561767193,0.9208629941188987,1.0,1.394786895354638,1.0,1.02203139995844,0.0,INDUSTRIAL_PERSISTENT_SOURCE
381.0600669204657,301.26502976169724,79.79503715876848,126.0733853343884,4.844764756853564,1318.9948264835002,0.24798582045362422,1.0,1.0,1,0.4895511595722448,1.2089396392999185,0.35788786638821946,0.0,0.6501220124869554,1.0,5.142678334966569,1.0,INDUSTRIAL_ACCIDENTAL_FIRE
358.3993842276094,301.79806401195816,56.60132021565124,38.027525303488346,3.664267174198698,1121.4628663510525,0.11820264043130249,0.0,0.9,43,0.9126143767009097,1.5360467193401042,0.7394117996283353,1.0,0.1402413675118923,1.0,1.102792744968831,0.0,INDUSTRIAL_PERSISTENT_SOURCE
373.1409789061703,299.38016097831377,73.76081792785652,400.94181205192825,5.9963073320028055,1296.2415978935892,0.23074519407959004,1.0,0.95,3,0.4317041822419271,1.018182879960529,0.10109931711684275,1.0,1.501299909720079,1.0,3.4445978943178925,1.0,INDUSTRIAL_ACCIDENTAL_FIRE
344.57777451548833,298.4646957416959,46.11307877379244,29.744931477763444,3.425725150675138,1044.4192788385988,0.09722615754758487,1.0,0.75,26,0.8972133563485383,1.2510144546728046,0.7719817559138287,1.0,1.175171746487592,1.0,1.019110856874405,0.0,INDUSTRIAL_PERSISTENT_SOURCE
322.4495431250784,294.10341543466575,28.34612769041263,10.851394178880343,2.472445512886849,619.980718095968,0.07886531922603157,0.0,0.65,2,0.05952226586666292,0.0,0.20884600914139947,0.0,32.414301223924696,0.0,0.0,0.0,AGRICULTURAL_BURNING
347.461862682904,294.0677928668735,53.39406981603048,40.027399704859135,3.7142401289853693,1071.3487471339458,0.11178813963206097,1.0,0.75,41,0.8488193047358636,1.437404958013953,0.7772555167237929,1.0,0.8126729592343392,1.0,-0.13453169203228899,0.0,INDUSTRIAL_PERSISTENT_SOURCE
374.9269407455795,298.8898169040043,76.03712384157518,183.45957746130432,5.217430347125693,1309.6947843227472,0.23724892526164337,1.0,0.85,5,0.5148030891690321,1.0680488123276528,0.4400992333861863,1.0,0.5942190630024089,1.0,6.969899890108735,1.0,INDUSTRIAL_ACCIDENTAL_FIRE
339.37739232388213,294.26416290760903,45.1132294162731,37.90376834379131,3.6610911185235904,873.3401018014886,0.170377431387577,0.0,0.85,3,0.11426460270335564,0.14928672634682832,0.4480983829715001,0.0,19.707538042023245,0.0,0.0,0.0,WILDFIRE_FOREST
333.41926903546334,288.661383245963,44.757885789500335,48.38629511244595,3.899672958830359,1022.3757932959575,0.09451577157900068,1.0,0.75,27,0.8307631280747967,1.7516380437027739,0.870008454419628,1.0,0.8788927668144603,1.0,-0.6039891702581166,0.0,INDUSTRIAL_PERSISTENT_SOURCE
337.5928285847593,300.8258481795979,36.76698040516135,37.51796498644315,3.6511247554835675,857.3622384946608,0.14255660135053783,1.0,1.0,3,0.24583177816109933,0.3097114723237022,0.22870061312846382,0.0,46.29555152593061,0.0,0.0,0.0,WILDFIRE_FOREST
375.06869818933734,299.0753041749699,75.99339401436742,131.30395115867205,4.885101935819869,1315.7845173944445,0.23712398289819264,1.0,0.85,5,0.5674736028472018,1.0937391679647672,0.11771786529417595,1.0,0.4612399856857103,1.0,3.436659822935047,1.0,INDUSTRIAL_ACCIDENTAL_FIRE
374.2333171931315,309.42940029298285,64.80391690014864,235.70371472547356,5.466809210209523,1232.7462126922733,0.20515404828613895,0.0,1.0,3,0.35174143310619854,1.3492677847610168,0.3237764749409848,1.0,1.7439540895196903,1.0,2.935278578672693,1.0,INDUSTRIAL_ACCIDENTAL_FIRE
329.60588905967154,291.4976637160463,38.108225343625236,15.765614072592472,2.8193300074962737,666.3680263771156,0.12388064383892924,0.0,1.0,13,0.6603767314447125,1.0489682869024786,0.6903369311417624,1.0,2.4813381707600124,1.0,0.10278367598138027,0.0,MINING_COAL_FIRE
379.1962972007467,311.5547079908061,67.6415892099406,249.8529738237416,5.524867005847999,1248.4453468033787,0.21326168345697316,0.0,0.85,1,0.19558224520309583,0.8918714143776714,0.11138416282193818,0.0,0.37466965248046197,1.0,4.932360082644829,1.0,INDUSTRIAL_ACCIDENTAL_FIRE
365.83556722463226,306.8392545646755,58.99631265995674,139.44823701964324,4.94483900110154,1214.647577496231,0.18856089331416212,1.0,0.85,4,0.5121272637495666,1.4757119065412798,0.11764587076077322,1.0,0.7961971244028394,1.0,5.7770351791379975,1.0,INDUSTRIAL_ACCIDENTAL_FIRE
346.6712238478429,287.22555939403344,59.44566445380946,102.03021434196475,4.635022288338825,961.0212581966073,0.2181522148460315,1.0,0.85,3,0.22103994388131054,0.40087536869788865,0.48219096524187294,0.0,21.882637508810383,0.0,0.0,0.0,WILDFIRE_FOREST
377.2002220999575,311.3422802965046,65.85794180345289,164.82565037263197,5.1109369374460325,1248.9417741729253,0.2081655480098654,0.0,0.95,4,0.27977089158804513,0.809933034577037,0.3902870694354794,1.0,0.9644445042810932,1.0,5.589736396280294,1.0,INDUSTRIAL_ACCIDENTAL_FIRE
378.30367509145714,306.42963779496694,71.8740372964902,159.56991589344963,5.078729460761553,1343.9991944521412,0.22535439227568627,1.0,0.85,5,0.38824169188914637,1.1074048716436238,0.3964390989724712,1.0,1.0849618289893541,1.0,3.0795163736762197,1.0,INDUSTRIAL_ACCIDENTAL_FIRE
326.34144122380616,294.23912512192373,32.10231610188242,44.613570820377305,3.820205277954574,851.5700132399911,0.12700772033960808,1.0,0.85,2,0.17003963694412177,0.13249578028571718,0.3550401784071872,0.0,12.097355682827818,0.0,0.0,0.0,WILDFIRE_FOREST
326.7620391957044,303.45488497397656,23.307154221727842,20.378224623870125,3.0623728630409226,600.8309594473966,0.0662678855543196,0.0,0.65,2,0.08258225573440107,0.0,0.27672840274497434,0.0,21.19369278721999,0.0,0.0,0.0,AGRICULTURAL_BURNING
339.28032546148876,295.02753493927776,44.252790522211,17.508034063724196,2.9182049115295623,709.9577530934887,0.1414365443491743,0.0,1.0,19,0.9039904586220469,0.9513674684754737,0.5866912948881172,1.0,0.9303661342378856,1.0,-0.48286595092571327,0.0,MINING_COAL_FIRE
328.276972438604,291.1958602609951,37.08111217760887,40.12943873792876,3.71672413609838,989.7066243239675,0.07916222435521775,1.0,1.0,37,0.8164794064716703,1.4612650495751844,0.817612098378829,1.0,1.363081260106986,1.0,0.7543718188792192,0.0,INDUSTRIAL_PERSISTENT_SOURCE
328.1734881257997,295.0100090155841,33.163479110215576,149.9249267579793,5.016782539394841,880.1574602908655,0.13054493036738524,1.0,1.0,1,0.23905675979329494,0.1854715656157821,0.32921159950952156,0.0,47.86043064442327,0.0,0.0,0.0,WILDFIRE_FOREST
335.17324259148313,297.22302666760316,37.950215923879966,5.140770665356679,1.8149502498130397,648.855477140495,0.1028755398096999,0.0,0.65,1,0.17166459169690787,0.0,0.3102786908948296,0.0,54.97264733540067,0.0,0.0,0.0,AGRICULTURAL_BURNING
324.4760488117232,296.71845459126314,27.757594220460078,3.500147671418976,1.5041102121087286,634.7208279951066,0.07739398555115021,0.0,0.65,2,0.07174251188020352,0.0,0.27478052222571014,0.0,10.245559434391513,0.0,0.0,0.0,AGRICULTURAL_BURNING
325.84623771964493,288.76902924198464,37.07720847766029,10.222153074560019,2.4178897778131874,706.0940019156867,0.12093488136474369,0.0,1.0,16,0.853895470775258,0.8695933357892818,0.6018564218256359,1.0,2.7060425036974665,1.0,0.39670809279489017,0.0,MINING_COAL_FIRE
368.8752333572933,299.39365117932283,69.4815821779705,141.2569668491721,4.957635047899749,1308.9641314241492,0.21851880622277284,1.0,0.85,2,0.27679205849818456,1.2564651433171554,0.3733217747351316,0.0,1.105586289825668,1.0,5.113491881357319,1.0,INDUSTRIAL_ACCIDENTAL_FIRE
352.5839422656512,295.61628227793994,56.96765998771127,17.70491192923152,2.9287861593811937,1108.015698888578,0.11893531997542255,0.0,0.9,35,0.9813338970613453,1.224089667703902,0.6769466388276815,1.0,1.1080568746745822,1.0,0.8053948106720432,0.0,INDUSTRIAL_PERSISTENT_SOURCE
388.4112837071294,304.41194062605,83.99934308107942,219.37022489615993,5.395308972400056,1341.5973747383787,0.2599981230887983,1.0,1.0,4,0.5997276062730508,1.270149597082221,0.30377306591888087,1.0,0.74650926267038,1.0,7.205678659372308,1.0,INDUSTRIAL_ACCIDENTAL_FIRE
349.19269074780794,288.8449991669886,60.347691580819344,36.78129376743446,3.6318141062576563,1109.4356549014603,0.1256953831616387,0.0,0.75,30,0.9825613423919689,1.0482459722486828,0.8567430070941013,1.0,0.07206753707573124,1.0,-0.08845183159867975,0.0,INDUSTRIAL_PERSISTENT_SOURCE
333.5515418370298,300.24760307884753,33.303938758182255,21.51085880019518,3.1139978061320193,715.1352468257943,0.11015411073766358,1.0,0.7,23,0.617446405940059,1.333822657557962,0.7062594471538636,1.0,3.333831909709084,0.0,-0.09657099072506803,0.0,MINING_COAL_FIRE
340.33743777783354,297.0163675109445,43.32107026688902,34.360670585687956,3.565600202116993,1025.3094827597213,0.09164214053377805,1.0,0.75,38,0.8520338689559437,1.2079677651827918,0.7083390557546941,1.0,1.86996228313934,1.0,-0.26112110739269,0.0,INDUSTRIAL_PERSISTENT_SOURCE
341.9828996645258,299.0463147342759,42.93658493024992,20.337065144465214,3.0604457080401373,714.0535142238642,0.1376759569435712,1.0,1.0,7,0.8281967988530492,0.7812445554554718,0.8178613756984305,1.0,2.3334974448332657,1.0,0.7022680825105208,0.0,MINING_COAL_FIRE
359.74216688584255,298.7993930905422,60.942773795300354,29.85460883034626,3.4292861340179397,1129.874790312927,0.1268855475906007,0.0,1.0,11,0.8466403436547636,0.9935634383211507,0.9387095949363584,1.0,1.6633138942928445,1.0,-0.1876081590358376,0.0,INDUSTRIAL_PERSISTENT_SOURCE
312.69275614699274,298.92632783534947,13.766428311643267,9.844745343047698,2.3836806624953235,596.2142830756069,0.04241607077910817,0.0,0.8,1,0.1773583628555571,0.0,0.3654980840185078,0.0,56.17644507689268,0.0,0.0,0.0,AGRICULTURAL_BURNING
351.83350374914966,290.4075543343294,61.42594941482025,48.465700547511716,3.901279511163764,950.6377029824994,0.2247531647160675,0.0,0.85,2,0.07720264587228762,0.3536762554184024,0.21785785906154675,0.0,67.18269618479832,0.0,0.0,0.0,WILDFIRE_FOREST
321.89602117519973,294.12789271552634,27.76812845967339,5.912108315704233,1.933274702053773,627.9099930588749,0.07742032114918349,0.0,0.8,1,0.12187573535974351,0.0,0.2527324997174308,0.0,46.55674574061302,0.0,0.0,0.0,AGRICULTURAL_BURNING
375.0981283458176,299.88180547714563,75.21632286867197,123.45895234471288,4.823975961499287,1299.8644564808828,0.23490377962477704,1.0,0.95,4,0.25086523116511794,1.088288639903088,0.22210389329004837,1.0,0.16090619832734354,1.0,3.212980122840487,1.0,INDUSTRIAL_ACCIDENTAL_FIRE
327.6599851346201,302.8516256248996,24.808359509720503,13.23029097288729,2.655372859741427,590.6862899492769,0.07002089877430126,0.0,0.8,1,0.059699062116575746,0.0,0.3528821919631785,0.0,49.198656862581004,0.0,0.0,0.0,AGRICULTURAL_BURNING
366.3530203166097,299.5325463815076,66.82047393510209,276.76183414658936,5.6267640348005195,1247.6083825476803,0.21091563981457737,1.0,1.0,4,0.2591269439325321,1.4613124156039872,0.2635905289374544,1.0,0.7353527459456232,1.0,6.495821567753095,1.0,INDUSTRIAL_ACCIDENTAL_FIRE
339.0348397308515,299.72530646649597,39.30953326435554,18.924672415364277,2.9919587836560204,980.5107630978072,0.08361906652871108,0.0,1.0,6,0.9877067342383579,0.9788180160745573,0.8917026137128112,1.0,1.6746107622297863,1.0,0.7921370507938748,0.0,INDUSTRIAL_PERSISTENT_SOURCE
325.1924221404777,294.1715645603137,31.020857580163977,15.164793300793763,2.782835624259502,649.6052637027504,0.08555214395040994,0.0,0.4,1,0.14482881475479753,0.0,0.2959693806420536,0.0,56.87396788532416,0.0,0.0,0.0,AGRICULTURAL_BURNING
335.1992733203512,293.1799655806577,42.01930773969349,11.101143373676674,2.4932999418307347,744.8091586470194,0.1350551649705528,1.0,0.7,25,0.7385197912584633,0.9042216177688173,0.6822926165339226,1.0,0.18893089141020458,1.0,-0.11942522725689164,0.0,MINING_COAL_FIRE
373.4264589555873,300.91138903005145,72.51506992553584,121.01593977699538,4.804151690108576,1292.304003067075,0.22718591407295954,1.0,0.95,4,0.24086164661407825,1.0628282499265502,0.38133509081770633,1.0,0.1234745005917794,1.0,6.785261053687738,1.0,INDUSTRIAL_ACCIDENTAL_FIRE
334.0270950266563,303.00134091961064,31.025754107045657,17.822216351405036,2.9350378929728627,640.161597260303,0.08556438526761415,0.0,0.8,1,0.03485948286179545,0.0,0.11137508322209,0.0,30.937042785182793,0.0,0.0,0.0,AGRICULTURAL_BURNING
379.94389830644127,307.65034576943765,72.29355253700362,122.76042639901823,4.818347651629094,1282.8661090697783,0.22655300724858177,1.0,1.0,1,0.45681895149469187,0.8949818224545956,0.4127723386711468,0.0,0.4915458723719524,1.0,6.606644775423627,1.0,INDUSTRIAL_ACCIDENTAL_FIRE
330.0020177987679,296.06676989348796,33.93524790527994,6.380384673464852,1.9988257610297095,659.6409437647094,0.09283811976319983,0.0,0.4,1,0.03261068356790183,0.0,0.380160111955396,0.0,42.81828055465863,0.0,0.0,0.0,AGRICULTURAL_BURNING
328.83647465068356,298.8189580648231,30.01751658586045,9.236478175467735,2.325957632277523,615.5870162888766,0.08304379146465113,0.0,0.8,1,0.11786161243949161,0.0,0.2105730081514413,0.0,5.009653372185782,0.0,0.0,0.0,AGRICULTURAL_BURNING
345.1216144755121,301.4108190780583,43.71079539745381,50.330637259758156,3.9382877914524457,1039.3797566088524,0.09242159079490762,0.0,1.0,42,0.7557300926321902,1.1467225504727445,0.7107970765971293,1.0,2.0612272024081366,1.0,-0.125994417325483,0.0,INDUSTRIAL_PERSISTENT_SOURCE
329.21159795038653,298.7606168759275,30.450981074459037,32.77936036890762,3.519849975999304,812.6683164779336,0.12150327024819679,1.0,0.65,3,0.2432819278308768,0.2270285727288684,0.35194882886123047,0.0,63.31164764610925,0.0,0.0,0.0,WILDFIRE_FOREST
333.0739027326619,292.6500267131891,40.4238760194728,16.081219920605015,2.837979609732867,693.5889232119501,0.13049678862706515,0.0,0.7,25,0.6254422020715787,1.2899051620302115,0.7018315446722001,1.0,2.6927590735181024,1.0,-0.3677044644832248,0.0,MINING_COAL_FIRE
365.2931254225755,302.57045831541586,62.72266710715962,173.3118575624772,5.160845979830409,1198.6285653295631,0.19920762030617034,0.0,0.95,1,0.5912667429098,1.1972785937830908,0.341312739198043,0.0,0.955995375923245,1.0,6.675216020415119,1.0,INDUSTRIAL_ACCIDENTAL_FIRE
370.6436347917128,304.4917776691598,66.15185712255305,141.11677229318346,4.956649059757741,1237.0132741840125,0.2090053060644373,0.0,0.85,2,0.28296896248211945,1.0166693314004294,0.38482825689743205,0.0,0.6683663990455925,1.0,4.021764355415034,1.0,INDUSTRIAL_ACCIDENTAL_FIRE
385.2954015733174,301.01945213356805,84.27594943974935,196.02773984072476,5.283344530199235,1358.9910890304263,0.2607884269707124,1.0,0.95,5,0.4834857584954536,1.4995896080394666,0.11687421360119461,1.0,1.2030495729071502,1.0,4.438296236037261,1.0,INDUSTRIAL_ACCIDENTAL_FIRE
366.34335351514005,308.6666954818538,57.67665803328623,187.45216478320017,5.238844206955206,1184.8165876681514,0.18479045152367493,1.0,0.95,3,0.16272387995287543,1.2171921895284372,0.13544097011530562,1.0,1.706627759488706,1.0,5.793440892037293,1.0,INDUSTRIAL_ACCIDENTAL_FIRE
375.92809583144225,305.047841791968,70.88025403947427,135.02099341243127,4.91280923714996,1250.7604641528835,0.22251501154135503,1.0,0.85,1,0.19614529311437304,0.8018165170685526,0.4039053874624554,0.0,1.2581909501013893,1.0,6.03258817035159,1.0,INDUSTRIAL_ACCIDENTAL_FIRE
337.79759377805436,297.0588066549334,40.73878712312097,25.82420554995395,3.289304672046659,1041.2836366907882,0.08647757424624194,0.0,1.0,28,0.9629294561160797,1.107355564363108,0.8555604361309598,1.0,0.12811384791978775,1.0,0.4308578300658532,0.0,INDUSTRIAL_PERSISTENT_SOURCE
382.78888715776463,299.4309772991528,83.35790985861183,204.17344570051313,5.323855698005239,1387.7879490811717,0.25816545673889096,1.0,0.95,5,0.6112496905886479,0.8541247458421511,0.13648643811813332,1.0,1.6578134139563063,1.0,3.5169335016970282,1.0,INDUSTRIAL_ACCIDENTAL_FIRE
317.3157534004834,299.64560012834016,17.67015327214324,6.5888299137658395,2.026677417964246,612.6912529134881,0.052175383180358095,0.0,0.65,1,0.09288611175741719,0.0,0.2752655863878411,0.0,47.25224692350649,0.0,0.0,0.0,AGRICULTURAL_BURNING
322.12783633812484,297.6689147652876,24.458921572837255,19.141375592129506,3.0027761864539784,604.2884010789548,0.0848826330652493,0.0,0.85,11,0.8816178545391415,1.3703454057989046,0.6128405295415706,1.0,0.47180337340690826,1.0,0.5946201756340603,0.0,MINING_COAL_FIRE
329.5420221550414,293.34743027539525,36.19459187964617,12.013168444000499,2.5659618019973647,660.3445537123907,0.11841311965613191,1.0,0.7,18,0.6450979082789254,1.2597751622923696,0.5860755320459731,1.0,1.8127285642740774,1.0,-0.4398405363301762,0.0,MINING_COAL_FIRE
389.57765314614386,310.3175067953237,79.26014635082015,139.07498983698437,4.942177920897245,1286.4553495787188,0.24645756100234328,0.0,1.0,5,0.20647160420558677,0.8993803928326958,0.2217794940537583,1.0,0.9695110969549625,1.0,6.179664002563121,1.0,INDUSTRIAL_ACCIDENTAL_FIRE
385.08807848401887,298.9790424799321,86.10903600408676,235.8934939028759,5.467610647313048,1352.4282435293098,0.2660258171545336,0.0,0.95,2,0.49006596555172566,1.2686408686387332,0.4479487764274086,0.0,1.1702943916992907,1.0,4.947235630937732,1.0,INDUSTRIAL_ACCIDENTAL_FIRE
332.5219519605377,288.33549801741646,44.18645394312125,31.498552615535495,3.481195553437383,1035.6829863920125,0.0933729078862425,0.0,1.0,22,0.9847929406080513,1.1936882315894335,0.8683502487738115,1.0,0.12858117313185968,1.0,0.37842344690524077,0.0,INDUSTRIAL_PERSISTENT_SOURCE
340.926629931156,301.06907776425174,39.85755216690427,33.36507511452514,3.537040790356867,1016.5794723674388,0.08471510433380855,1.0,0.9,36,0.7219969516118829,1.6318639325560151,0.9363912956019405,1.0,1.4656622680916132,1.0,0.09645602905217787,0.0,INDUSTRIAL_PERSISTENT_SOURCE
379.50636940159774,309.2838956968522,70.22247370474554,334.1660931675152,5.814626209456654,1272.3120436349873,0.22063563915641582,1.0,0.85,5,0.4665756877970112,1.3556206952663614,0.32631206969800103,1.0,1.0128964487734582,1.0,5.627575554687756,1.0,INDUSTRIAL_ACCIDENTAL_FIRE
392.01716903709155,307.67710600653515,84.3400630305564,129.22231898544362,4.869243135862743,1353.066449701094,0.26097160865873253,1.0,0.95,2,0.4148308393275405,1.380819262595041,0.17224744511621112,0.0,1.2455717487795925,1.0,5.141026541501727,1.0,INDUSTRIAL_ACCIDENTAL_FIRE
321.59029711610697,299.6134583864545,21.976838729652457,8.373622638162134,2.237899642466841,664.076958174057,0.07779096779900702,0.0,0.85,16,0.6586356709064968,1.1248017925220632,0.7924979196764693,1.0,2.178864744574822,1.0,0.1822374178359093,0.0,MINING_COAL_FIRE
331.01466608489983,299.76684794539494,31.247818139504886,10.108553413596194,2.4077153893771057,690.4180714794219,0.1042794803985854,1.0,0.85,21,0.703072450251239,1.0061541439962443,0.6915518391534583,1.0,2.2473655722288943,1.0,-0.08211562654493532,0.0,MINING_COAL_FIRE
351.26310855640855,301.2366178702137,50.02649068619485,50.340476552736774,3.938479457689294,1057.3375671335116,0.1050529813723897,1.0,0.9,25,0.9784632409910191,1.272359607822297,0.7397745257780481,1.0,0.46365421616351254,1.0,0.24541890813520206,0.0,INDUSTRIAL_PERSISTENT_SOURCE
336.35696962056153,288.55987654197924,47.79709307858229,9.239249582397171,2.3262283339570073,728.8976227467742,0.1515631230816637,1.0,0.85,7,0.7830737850927048,0.7100571514283727,0.80438877738676,1.0,2.927285939817364,1.0,-0.4709239101445044,0.0,MINING_COAL_FIRE
328.86477678761355,304.18626994976415,24.678506837849397,13.364709401008582,2.6647744625718155,623.7011288176292,0.0696962670946235,0.0,0.65,1,0.05205388932056584,0.0,0.16305553108646315,0.0,18.940802768359163,0.0,0.0,0.0,AGRICULTURAL_BURNING
331.2807444463642,291.02664790055417,40.25409654581006,42.972188492566616,3.7835573543572663,849.5720273132858,0.15418032181936686,0.0,0.65,3,0.1761040443295314,0.21230848966282517,0.3438623375318685,0.0,75.00297069746429,0.0,0.0,0.0,WILDFIRE_FOREST
386.23042804222746,309.04060950541367,77.18981853681379,219.88148231080555,5.397626278532039,1284.719219999427,0.24054233867661082,0.0,0.95,5,0.22372626335314197,1.0599954013111321,0.12188977941407896,1.0,0.9552208487728164,1.0,4.8398910210172135,1.0,INDUSTRIAL_ACCIDENTAL_FIRE
371.1073513263908,298.14126849364635,72.96608283274446,134.54986718183204,4.90933959609788,1304.0353035643727,0.22847452237926988,0.0,0.85,3,0.1759504717936545,1.3938977653633673,0.24792021895476318,1.0,0.8155933715643671,1.0,4.2573973302109485,1.0,INDUSTRIAL_ACCIDENTAL_FIRE
342.5065971194532,287.3083620826258,55.198235036827384,35.53407303505905,3.598245332950842,925.8568619226766,0.2039941167894246,1.0,0.65,1,0.22485607698925827,0.22052841091138892,0.39446568079217764,0.0,65.93220215900729,0.0,0.0,0.0,WILDFIRE_FOREST
367.4966919862422,310.08143472638227,57.415257259859914,197.6471356757188,5.29153006320734,1188.2167180120737,0.1840435921710283,0.0,0.95,1,0.20557543989165591,1.190382083829817,0.11911360612471417,0.0,0.8909798964634692,1.0,6.216321458856926,1.0,INDUSTRIAL_ACCIDENTAL_FIRE
321.37537571530413,300.0790689283469,21.296306786957246,13.116044064512224,2.6473120274086206,628.9887220033254,0.06124076696739311,0.0,0.65,2,0.10669356605120973,0.0,0.26265097313371444,0.0,51.90052101525624,0.0,0.0,0.0,AGRICULTURAL_BURNING
333.8513949900953,292.5814753902455,41.2699195998498,39.39123243037212,3.6986127423648676,990.8930811441102,0.0875398391996996,1.0,1.0,10,0.9789735198728965,0.9256116526595303,0.8388064827886815,1.0,0.7207882019262138,1.0,0.4891263092636442,0.0,INDUSTRIAL_PERSISTENT_SOURCE
323.2897828672034,297.42842374333196,25.861359123871466,19.14437103868907,3.0029248964477406,600.8416020084156,0.07265339780967867,0.0,0.4,1,0.16431330833198826,0.0,0.15595654893006303,0.0,45.65958328992162,0.0,0.0,0.0,AGRICULTURAL_BURNING
337.2739824559121,293.33371423849104,43.94026821742108,8.255287934666516,2.225195056796677,699.0546951537597,0.14054362347834592,0.0,0.85,10,0.6953568767120953,1.1177447593258474,0.6342478205983767,1.0,2.427600552020485,1.0,-0.1691618199943799,0.0,MINING_COAL_FIRE
380.9780755820229,311.4697076162887,69.50836796573418,123.2508887520303,4.822302817885001,1251.084262903636,0.2185953370449548,1.0,0.95,4,0.1880654297451501,1.2146854492616623,0.3886383380738022,1.0,0.24157050509529432,1.0,5.127188676965679,1.0,INDUSTRIAL_ACCIDENTAL_FIRE
316.0279565127554,304.8315757334824,11.196380779273,23.877442126786832,3.2139614541769426,553.9062409354356,0.0359909519481825,0.0,0.8,1,0.06517797705699245,0.0,0.35571222924476753,0.0,43.7774459504044,0.0,0.0,0.0,AGRICULTURAL_BURNING
349.10830951432257,301.364930619664,47.743378894658576,21.218711211328078,3.1009347812389785,1030.9531194805313,0.10048675778931716,0.0,1.0,20,0.8166253507347505,1.51863513024252,0.7557307824579725,1.0,1.1016635189004313,1.0,-0.676988527082723,0.0,INDUSTRIAL_PERSISTENT_SOURCE
342.682685538609,288.80898874261305,53.873696795995954,21.761112015980427,3.125053466411719,1107.2268398294812,0.11274739359199192,0.0,0.9,41,0.730113421972169,1.5731312861802755,0.7090800462322611,1.0,1.1460713926485917,1.0,-0.597943507017483,0.0,INDUSTRIAL_PERSISTENT_SOURCE
314.47679548574007,300.99564931832873,13.481146167411339,11.207436335854375,2.5020453017735322,566.1872681895277,0.04170286541852835,0.0,0.4,1,0.16062323306741036,0.0,0.2144473879726682,0.0,10.386610096057076,0.0,0.0,0.0,AGRICULTURAL_BURNING
386.25716013807886,304.63003443809123,81.62712569998763,215.80770460413515,5.379010806775989,1380.1707934735682,0.2532203591428218,1.0,0.85,3,0.5762073295993239,1.0685285822839352,0.12296915060090453,1.0,0.15136080597789703,1.0,5.977445608777746,1.0,INDUSTRIAL_ACCIDENTAL_FIRE
383.02376448018856,307.8121197614143,75.21164471877427,250.1954745857238,5.526231419247548,1286.3223037377197,0.23489041348221218,0.0,0.95,3,0.49258725663889025,0.8393570063956806,0.2699720044446691,1.0,0.5491101546907247,1.0,3.746880428951605,1.0,INDUSTRIAL_ACCIDENTAL_FIRE
381.0336767377174,304.7352312774262,76.29844546029125,168.75196542623033,5.1343383447295405,1304.7931134264982,0.237995558457975,0.0,0.95,3,0.22762012296535625,1.428201286873219,0.2843024633307528,1.0,0.9197709104371858,1.0,6.850392418763532,1.0,INDUSTRIAL_ACCIDENTAL_FIRE
334.70625064967857,291.2030621682593,43.50318848141927,44.69609148036859,3.8220127686489516,1017.8596215147968,0.09200637696283855,0.0,0.9,13,0.9701478780608909,1.7137022944315548,0.6969587640247223,1.0,1.4938828144787775,1.0,0.22305128161898602,0.0,INDUSTRIAL_PERSISTENT_SOURCE
339.8938587866891,293.731340829436,46.1625179572531,14.525766132585497,2.7425009749166405,726.7579678700869,0.1468929084492946,1.0,0.85,25,0.8263599051295917,0.8615974870547962,0.6270910233157434,1.0,2.5607488189565975,1.0,0.20556803636317533,0.0,MINING_COAL_FIRE
316.732941533544,295.8258947360536,20.90704679749041,2.51835449490417,1.2579934072718324,609.8098513570768,0.06026761699372602,0.0,0.4,1,0.05979483014147234,0.0,0.1445872391409715,0.0,44.44157170427608,0.0,0.0,0.0,AGRICULTURAL_BURNING
323.95908518411755,300.38114945362656,23.577935730490992,18.843289514996027,2.987865890280205,784.1937569937198,0.09859311910163665,0.0,0.65,3,0.1094228773611226,0.24374828856616837,0.45148735815623414,0.0,32.23272481062622,0.0,0.0,0.0,WILDFIRE_FOREST
354.6437605288529,287.15091057892306,67.49284994992985,95.29127542785878,4.567377716858298,995.6292611077241,0.24497616649976614,0.0,0.85,3,0.03874269478113361,0.21368843841199414,0.2076114464126947,0.0,19.766353595227645,0.0,0.0,0.0,WILDFIRE_FOREST
336.783191454573,300.97296770329143,35.81022375128157,46.21673153704974,3.8547483114948653,832.9511304838305,0.1393674125042719,0.0,0.65,3,0.10643282752625317,0.24557642296134738,0.43543313251502236,0.0,83.28502489194568,0.0,0.0,0.0,WILDFIRE_FOREST
327.2004601585595,296.9733766433101,30.227083515249433,26.098263303715363,3.2994696410983906,666.8910242672847,0.10136309575785553,1.0,1.0,15,0.6620323459491023,0.979492768810904,0.7737894542434779,1.0,0.30751464314900856,1.0,0.14833227707040664,0.0,MINING_COAL_FIRE
324.2963173223522,296.27378536203383,28.02253196031836,17.768083115564764,2.932157720479999,657.7162904657412,0.09506437702948103,0.0,1.0,10,0.640142862240174,1.3300677680241824,0.7980936482452092,1.0,2.0570323458071043,1.0,0.46688509078331275,0.0,MINING_COAL_FIRE
325.16207754288735,293.66290370815227,31.499173834735075,20.226755686673854,3.0552624466409695,659.848744212915,0.1049976395278145,0.0,1.0,23,0.9462742552946317,0.8864764416346788,0.7655171468810844,1.0,3.4162949714892,0.0,0.760467437390981,0.0,MINING_COAL_FIRE
356.5520006173125,302.95755377138585,53.594446845926655,30.545130463754642,3.451419233612434,1073.6586992133934,0.11218889369185331,1.0,1.0,23,0.9730736226307088,1.730249006672253,0.9057998459305161,1.0,0.6578873890064273,1.0,-0.2087233364407277,0.0,INDUSTRIAL_PERSISTENT_SOURCE
344.05589029964557,287.10944780906436,56.946442490581205,33.57596555843851,3.5431588036522372,878.0018578568119,0.209821474968604,1.0,0.85,1,0.15999813141304417,0.2595735485117959,0.44414777002961126,0.0,24.774768498792632,0.0,0.0,0.0,WILDFIRE_FOREST
374.26406826048844,302.10948709442124,72.1545811660672,249.43342003716867,5.5231930969221805,1286.4831840729826,0.22615594618876342,1.0,0.85,3,0.4287024821570936,1.4522182823215557,0.44893229609408436,1.0,0.5154959629121515,1.0,5.91406921337229,1.0,INDUSTRIAL_ACCIDENTAL_FIRE
381.16439027118855,298.84880496493054,82.31558530625801,203.90952119265881,5.322568521674588,1360.864752527063,0.2551873865893086,0.0,1.0,2,0.22365152213948516,0.8311946764140754,0.24547476534006699,0.0,1.257499540290651,1.0,5.7653324140770685,1.0,INDUSTRIAL_ACCIDENTAL_FIRE
326.3391954694536,296.1427464024518,30.196449067001822,15.40016094852732,2.7972911487165892,661.0278685067822,0.10127556876286235,1.0,1.0,29,0.8899929929627644,0.9101274146253062,0.5855262082054805,1.0,0.5461648360427871,1.0,0.09593798132985709,0.0,MINING_COAL_FIRE
376.49852718926604,304.9090138901617,71.58951329910434,260.5633342831028,5.566676450291526,1299.4789549045167,0.22454146656886953,1.0,0.95,3,0.45839180392627055,1.004047018646606,0.3697598858169431,1.0,0.5457833342436287,1.0,6.268211748763919,1.0,INDUSTRIAL_ACCIDENTAL_FIRE
357.5861178948906,290.76124200574577,66.82487588914483,81.76056179865495,4.415951641141578,1009.6499316464007,0.24274958629714943,0.0,1.0,2,0.16181520275638667,0.2432805944248584,0.3187776221520887,0.0,23.352402577769688,0.0,0.0,0.0,WILDFIRE_FOREST
316.06286904654695,303.94165982489824,12.121209221648712,12.852114088811977,2.628437862776253,569.9056256982994,0.03830302305412178,0.0,0.65,2,0.07805528116572402,0.0,0.344686531312116,0.0,18.066121386091666,0.0,0.0,0.0,AGRICULTURAL_BURNING
390.0799419134363,301.30108931542895,88.77885259800735,160.75558193190545,5.086086442410948,1351.145272448359,0.2736538645657353,0.0,0.95,4,0.6045162603328205,1.1588306436440636,0.24456091112669395,1.0,1.4080003623120017,1.0,3.916453627142225,1.0,INDUSTRIAL_ACCIDENTAL_FIRE
337.05723758097537,293.9202364461456,43.137001134829745,19.440698189360113,3.0175279227443106,687.3563041599631,0.13824857467094215,0.0,1.0,27,0.9187112956211514,0.9005899169015892,0.5638101344684088,1.0,2.242248709527227,1.0,0.1988678581759128,0.0,MINING_COAL_FIRE
359.05219019440113,297.12874731959863,61.923442874802504,42.53248578362415,3.773507459002098,1109.9949866958084,0.128846885749605,0.0,0.75,7,0.7792162899072841,1.5347759782823345,0.8706309781676559,1.0,1.2404847284751603,1.0,0.11065749961720428,0.0,INDUSTRIAL_PERSISTENT_SOURCE
374.75885402069093,307.9766986633792,66.78215535731175,143.4565982338577,4.972979104192716,1277.449552563193,0.21080615816374784,1.0,1.0,1,0.33547050407888257,0.9543419042823745,0.3668690095664435,0.0,1.479364066384863,1.0,6.591459542565275,1.0,INDUSTRIAL_ACCIDENTAL_FIRE
338.8426138973194,290.514518643555,48.32809525376439,15.811279761334509,2.822050075476578,707.1225119052232,0.15308027215361253,1.0,0.85,5,0.6032388720759372,0.9003402779454887,0.7944950093435622,1.0,0.9224078031414775,1.0,0.3117105935845952,0.0,MINING_COAL_FIRE
337.41873655060846,293.7330619643627,43.68567458624574,22.41926864053927,3.153559129694746,724.5517902793492,0.13981621310355924,1.0,1.0,19,0.8328723712922482,1.2391954765236992,0.7439179154524235,1.0,1.868565025682594,1.0,-0.47318537838210634,0.0,MINING_COAL_FIRE
370.59314786432765,308.91418262993454,61.678965234393104,136.19051841033294,4.921370605107324,1232.7027172770374,0.19622561495540886,0.0,1.0,5,0.46488896149807657,1.0773694132318612,0.36538346649643194,1.0,0.6627192035417777,1.0,5.235823723379044,1.0,INDUSTRIAL_ACCIDENTAL_FIRE
320.6516813202268,299.0051677732456,21.646513546981225,20.47815160167854,3.06703621387459,593.8308477183115,0.06211628386745306,0.0,0.4,1,0.03549508010879452,0.0,0.10929428598335857,0.0,53.88161951964642,0.0,0.0,0.0,AGRICULTURAL_BURNING
388.2923888222599,302.77124956354226,85.52113925871765,150.24085427751263,5.018873627496019,1325.6374580551158,0.2643461121677647,1.0,1.0,5,0.26929842989517006,0.8721867081851529,0.4158935173378483,1.0,1.6788253198062384,1.0,6.27757117410266,1.0,INDUSTRIAL_ACCIDENTAL_FIRE
332.4240292087779,291.14385493440807,41.28017427436981,6.694817305852144,2.0405470250794524,687.1870808055836,0.13294335506962804,0.0,0.85,25,0.9031403823788516,1.1774578921601624,0.7351673758274189,1.0,0.36827112678757945,1.0,0.4434997203740688,0.0,MINING_COAL_FIRE
341.31119710347417,292.60233271352064,48.70886438995353,11.172664296083283,2.499192806299982,737.799590867635,0.15416818397129578,1.0,1.0,10,0.6321018653622692,0.7247115781598488,0.8424210841772521,1.0,1.2195757110561436,1.0,-0.18978848312968416,0.0,MINING_COAL_FIRE
374.9818842953114,311.1589412203999,63.82294307491145,131.81334201473305,4.888944698974276,1200.3240228309824,0.20235126592831842,0.0,1.0,2,0.37836529644292016,1.4885981082464061,0.1175613726119909,0.0,0.6502967470325427,1.0,3.0466640374687195,1.0,INDUSTRIAL_ACCIDENTAL_FIRE
348.69658003405937,301.9048271222669,46.79175291179246,39.72734492619129,3.7068997323563475,1059.3798463548444,0.09858350582358492,1.0,0.75,11,0.7001189839373607,1.730637070290546,0.9152225888930554,1.0,1.4699619882876822,1.0,1.0318860079081047,0.0,INDUSTRIAL_PERSISTENT_SOURCE
320.9344861950403,294.2034284407656,26.731057754274673,15.111009056068111,2.779502830613348,635.0305910550551,0.07482764438568668,0.0,0.4,2,0.1368395257245502,0.0,0.3145095524674859,0.0,24.891569639485223,0.0,0.0,0.0,AGRICULTURAL_BURNING
332.46039961342456,298.39722048898136,34.063179124443195,19.245228199378698,3.0079191213089005,683.065996730084,0.11232336892698055,0.0,0.7,29,0.6110696077396275,1.0958099134605828,0.7891619715118097,1.0,3.4345252657656715,0.0,0.3516187041016017,0.0,MINING_COAL_FIRE
393.5214291922975,308.24791518535966,85.27351400693783,150.50242584849585,5.020601637022523,1393.2253403517748,0.2636386114483938,0.0,0.95,2,0.22799726016810132,0.8394881053189702,0.3526995702933886,0.0,1.097652347344814,1.0,6.871027885142196,1.0,INDUSTRIAL_ACCIDENTAL_FIRE
332.63852992160366,298.7069633473144,33.93156657428926,17.419691251630574,2.9134202691031104,638.3572608011874,0.09282891643572316,0.0,0.8,1,0.07357989239435131,0.0,0.37609857298811167,0.0,58.06729553227136,0.0,0.0,0.0,AGRICULTURAL_BURNING
327.6861954173392,292.7459096248567,34.940285792482484,39.24464045510939,3.694976838603675,851.3087842549393,0.13646761930827495,0.0,0.85,1,0.055385512734473674,0.17877042093013523,0.32323312685728717,0.0,32.32991624508922,0.0,0.0,0.0,WILDFIRE_FOREST
355.09384166101336,289.20192274208455,65.89191891892881,42.715377278174174,3.777699923001061,973.574348543278,0.2396397297297627,0.0,1.0,2,0.0771581531209475,0.3211969704460141,0.44020784027501936,0.0,43.12646231816804,0.0,0.0,0.0,WILDFIRE_FOREST
318.96866190739667,299.81474227817586,19.15391962922081,22.892165618291017,3.173550606801961,612.6453118107345,0.05588479907305202,0.0,0.65,1,0.13005878889285552,0.0,0.3677297614981493,0.0,43.18358292812679,0.0,0.0,0.0,AGRICULTURAL_BURNING
377.66108178652064,302.9541992718575,74.70688251466316,215.78701278728605,5.378915363653483,1267.7609902534382,0.23344823575618046,1.0,0.85,1,0.19139933396256323,1.305073002785334,0.3136416334527852,0.0,1.727597560298136,1.0,3.9531408155022083,1.0,INDUSTRIAL_ACCIDENTAL_FIRE
316.5652968982875,303.97230697840183,12.592989919885667,19.529091994681263,3.02184300183459,595.6621484374581,0.039482474799714166,0.0,0.4,1,0.09648584920312411,0.0,0.21827132083879033,0.0,57.547643174346625,0.0,0.0,0.0,AGRICULTURAL_BURNING
335.73950621785934,295.8665451878662,39.87296102999312,51.15574108732074,3.9542342633515104,1002.1745793294143,0.08474592205998624,1.0,0.75,23,0.8096799673231926,0.9890717610678361,0.7314144185238753,1.0,1.7772909105544297,1.0,0.948829108392957,0.0,INDUSTRIAL_PERSISTENT_SOURCE
328.5077371999876,295.42325676175597,33.08448043823165,10.097801594260403,2.406747034131757,693.8497474555394,0.10952708696637614,0.0,0.7,8,0.8918679308735817,0.9263163878576163,0.6114883056632676,1.0,1.7317171142117458,1.0,-0.43090553017516775,0.0,MINING_COAL_FIRE
343.32218413319924,294.00262879201773,49.31955534118151,31.21859101244781,3.472543646576862,906.6175997225314,0.18439851780393837,1.0,0.65,1,0.11453979004681403,0.11378655701139034,0.30897385356865315,0.0,72.11207292443041,0.0,0.0,0.0,WILDFIRE_FOREST
321.7261627337306,304.22413061595887,17.502032117771705,18.944004037709174,2.9929285486735613,592.7347778430081,0.05175508029442926,0.0,0.4,1,0.05166647597986815,0.0,0.1739302842380967,0.0,57.23317995055669,0.0,0.0,0.0,AGRICULTURAL_BURNING
340.07447997687433,294.1074644770069,45.96701549986744,31.49465797178148,3.4810757057264152,1062.356458611521,0.0969340309997349,0.0,0.75,7,0.927506624665903,1.47676872277404,0.7431194285887535,1.0,0.9120486834527166,1.0,0.4686587145147587,0.0,INDUSTRIAL_PERSISTENT_SOURCE
332.05003211338084,299.5666446658752,32.48338744750566,4.121810996475156,1.6335080867597471,650.5047200809695,0.08920846861876416,0.0,0.4,1,0.1450925662299735,0.0,0.3419250022056373,0.0,5.171839230605439,0.0,0.0,0.0,AGRICULTURAL_BURNING
319.6477140976164,304.712385692407,14.935328405209418,12.850770860458127,2.6283408888793205,584.854282609561,0.04533832101302355,0.0,0.4,1,0.06460047402446888,0.0,0.1217768929507356,0.0,42.74076788270561,0.0,0.0,0.0,AGRICULTURAL_BURNING
339.23239495322247,289.2681278236783,49.96426712954417,22.638412772816704,3.162873048693982,727.5470407379742,0.1577550489415548,1.0,0.85,28,0.8471008433485169,0.9557421511248287,0.6128187477234974,1.0,1.8838965742382674,1.0,0.29369865549875207,0.0,MINING_COAL_FIRE
332.00710467892344,296.5009312475535,35.506173431369916,12.260284682600057,2.5847734538032774,704.6040400029199,0.11644620980391404,1.0,1.0,19,0.7579767963203311,0.8824405085124765,0.6017881810807671,1.0,2.2091657284785344,1.0,0.3078602467790248,0.0,MINING_COAL_FIRE
371.98185046746653,298.75362734871845,73.22822311874808,456.2202705154411,6.125165267148336,1327.4580088759833,0.2292234946249945,1.0,0.95,1,0.34590544730858586,1.4142164886222182,0.3706142254405653,0.0,0.3822818259178599,1.0,4.403848913861287,1.0,INDUSTRIAL_ACCIDENTAL_FIRE
377.465421891862,310.71221125124964,66.75321064061234,144.97684562554554,4.983448017525506,1237.0880218319887,0.2107234589731781,0.0,1.0,5,0.3093448019952618,1.237977338582947,0.2926860882086789,1.0,0.474511965629194,1.0,3.4044034840145967,1.0,INDUSTRIAL_ACCIDENTAL_FIRE
314.1786196543093,293.73633124923487,20.442288405074407,12.222044247020607,2.581885455375353,569.7920518565153,0.05910572101268602,0.0,0.4,1,0.0573835911436111,0.0,0.20840182593084533,0.0,52.148195357963,0.0,0.0,0.0,AGRICULTURAL_BURNING
323.61933905083066,298.61826445104947,25.00107459978119,22.844007359557335,3.171532922012109,587.4518843207225,0.07050268649945299,0.0,0.8,1,0.12589383429937281,0.0,0.2117280253527905,0.0,20.55299930816661,0.0,0.0,0.0,AGRICULTURAL_BURNING
385.81046677344466,301.09077457904266,84.719692194402,222.94808554142503,5.411414264018534,1353.8698975973007,0.26205626341257715,0.0,0.85,4,0.4772556071405676,1.4366671576634729,0.40007603223237453,1.0,0.1941668298277247,1.0,7.269058742576929,1.0,INDUSTRIAL_ACCIDENTAL_FIRE
361.5476910667344,297.29022373438255,64.25746733235184,36.64936043997269,3.6283159671155047,1135.5757810126743,0.13351493466470368,0.0,0.9,31,0.8410535721457791,1.78415149906581,0.7094092839893281,1.0,1.4388887416540268,1.0,0.4761854515929047,0.0,INDUSTRIAL_PERSISTENT_SOURCE
325.6643266678333,305.0360417258298,20.62828494200346,17.742571280901227,2.9307974755571813,616.3594491547658,0.05957071235500865,0.0,0.4,1,0.01392523585597414,0.0,0.3710190401510145,0.0,39.61494101285646,0.0,0.0,0.0,AGRICULTURAL_BURNING
336.8247764546096,297.92073116767483,38.904045286934775,35.48289963557695,3.596843647671684,1002.96553041299,0.08280809057386955,1.0,0.75,37,0.9254176229617364,1.3143475581075366,0.759322959798621,1.0,0.08989667794883496,1.0,0.5935910279286825,0.0,INDUSTRIAL_PERSISTENT_SOURCE
351.48700853249574,296.78902758922925,54.69798094326649,38.17084945077003,3.667932833701724,952.3493166017176,0.2023266031442216,0.0,0.85,2,0.028462556588360256,0.4104263387110102,0.32325295324427294,0.0,21.236464725582525,0.0,0.0,0.0,WILDFIRE_FOREST
387.5150577429594,309.1935198328732,78.32153791008619,234.39461683079458,5.461263326386253,1337.351721529151,0.24377582260024624,1.0,0.85,5,0.557287360115691,1.2780874443919927,0.2581820104546637,1.0,1.4939821842123953,1.0,5.258407496414861,1.0,INDUSTRIAL_ACCIDENTAL_FIRE
332.08241335902204,286.93512231864173,45.14729104038031,181.45141086603059,5.206483895743928,954.3097459389365,0.17049097013460102,0.0,0.65,3,0.21095344388885923,0.3409388467244179,0.28171537377898687,0.0,14.345553226462968,0.0,0.0,0.0,WILDFIRE_FOREST
334.8260687880174,289.6134208765565,45.21264791146086,28.418860705749154,3.3816359892619694,1064.3557028458563,0.09542529582292172,1.0,0.9,41,0.8410695173904037,1.410446779122053,0.8160288683491183,1.0,0.9794783784709917,1.0,0.8547683872147163,0.0,INDUSTRIAL_PERSISTENT_SOURCE
335.60082144875867,293.3823708354465,42.21845061331214,19.6092485352253,3.0257399330646835,675.996664085659,0.11354612653328036,0.0,0.4,1,0.13184688509471318,0.0,0.2060819506233399,0.0,42.9511075523405,0.0,0.0,0.0,AGRICULTURAL_BURNING
326.3970709820138,292.0257387952808,34.371332186733014,46.07145669047915,3.851666802256885,807.6457546999736,0.13457110728911004,0.0,0.85,2,0.19448917633076285,0.4447618457520859,0.466785638622279,0.0,45.463568871228595,0.0,0.0,0.0,WILDFIRE_FOREST
381.9495307302576,310.1316717444872,71.81785898577039,129.0467990643235,4.867894378476209,1263.5645496004042,0.2251938828164868,0.0,1.0,2,0.5959360724053674,0.8625026671679011,0.34045674327613495,0.0,1.050666036312519,1.0,7.076732776115643,1.0,INDUSTRIAL_ACCIDENTAL_FIRE
374.3544839925578,305.0859860797634,69.26849791279437,156.82320141553623,5.061475428120553,1266.3331909833687,0.21790999403655534,0.0,0.95,4,0.5757243187756327,1.2551407646787074,0.15320869859502684,1.0,0.8191454551075927,1.0,2.883132705182309,1.0,INDUSTRIAL_ACCIDENTAL_FIRE
323.89934317294694,295.1484061250395,28.750937047907428,40.64101501239297,3.729085619347687,783.5736321556865,0.1158364568263581,0.0,0.65,3,0.05855127891372476,0.3724725848086826,0.21691345738716575,0.0,41.690859590109184,0.0,0.0,0.0,WILDFIRE_FOREST
370.8248860713825,304.6420885106903,66.18279756069217,140.51142687784812,4.952380469143239,1235.8846326272069,0.2090937073162633,1.0,0.85,3,0.18557783943895487,1.1905115729620512,0.43592685714169754,1.0,0.06283476396331548,1.0,5.460286596972758,1.0,INDUSTRIAL_ACCIDENTAL_FIRE
331.7381852299154,294.84787832064245,36.890306909272965,21.105575660195356,3.0958298690198847,680.4207844969335,0.10022576727318241,0.0,0.4,2,0.07953117274387808,0.0,0.35810510044256694,0.0,25.575782422596856,0.0,0.0,0.0,AGRICULTURAL_BURNING
354.7663257154117,288.5183903770752,66.2479353383365,129.61475146348522,4.872252161945302,951.8019142888425,0.24082645112778833,0.0,0.85,1,0.05165696954951378,0.3989054356594107,0.43146498058634514,0.0,35.85788235637644,0.0,0.0,0.0,WILDFIRE_FOREST
340.4279187954024,291.7240426228853,48.703876172517084,23.780712652866836,3.2100656349830534,754.0430863846241,0.15415393192147736,0.0,1.0,7,0.9163845160970108,1.2312447265343862,0.7960125373596068,1.0,1.048044484916367,1.0,0.4260698395541138,0.0,MINING_COAL_FIRE
331.50583009190456,295.44424341764704,36.06158667425751,12.980115120378098,2.637635971419692,690.9061262131421,0.11803310478359288,1.0,0.7,10,0.9423343417604996,0.8956695197882731,0.5989197602080191,1.0,1.0583230820022358,1.0,0.06659153061491863,0.0,MINING_COAL_FIRE
328.3878968925968,291.1816957870827,37.20620110551414,72.51942918624184,4.29754971395638,838.7690793833177,0.1440206703517138,1.0,1.0,3,0.20097346093825852,0.3824049876441078,0.38743871220015874,0.0,67.5728143626513,0.0,0.0,0.0,WILDFIRE_FOREST
349.8868313917713,300.92130532092955,48.96552607084175,21.28931019225841,3.1041071999587673,930.5324471925859,0.18321842023613916,1.0,0.85,3,0.13149051220192917,0.14086353850530298,0.3246180289906395,0.0,71.79712055586916,0.0,0.0,0.0,WILDFIRE_FOREST
321.4515798685567,296.43228579879775,25.019294069758928,14.23575177886833,2.7236447567317636,646.6659851169093,0.08648369734216836,1.0,0.85,6,0.7286340421241911,0.7146894872293993,0.6318864602921413,1.0,3.380539637978019,0.0,0.6199865693874498,0.0,MINING_COAL_FIRE
314.8059257322142,304.5561745506691,10.249751181545093,15.932772164707366,2.8292509254877025,573.9870935549455,0.033624377953862736,0.0,0.4,1,0.10348658198834271,0.0,0.3358505264348114,0.0,52.62812744254513,0.0,0.0,0.0,AGRICULTURAL_BURNING
371.0918367420431,311.19994998781175,59.89188675423134,170.45192070505402,5.144302881558655,1230.2011528721764,0.19111967644066094,1.0,0.85,3,0.2306106436270022,0.8738459818811894,0.2597870996690186,1.0,1.098014566354938,1.0,6.59816578395276,1.0,INDUSTRIAL_ACCIDENTAL_FIRE
386.6137022438827,301.9455500461366,84.66815219774611,126.61014459604537,4.848979870854289,1351.3913104988105,0.2619090062792746,0.0,0.95,5,0.1896065750041854,1.1274044311798057,0.31206388531281903,1.0,0.37252744466267335,1.0,2.8914058367299815,1.0,INDUSTRIAL_ACCIDENTAL_FIRE
330.26008642711184,288.0237696669951,42.23631676011672,35.315603686481936,3.5922475025322953,1036.5086667421035,0.08947263352023345,0.0,0.9,9,0.9843879836735744,0.9431619591932889,0.8826228543777483,1.0,1.160777569098009,1.0,0.10436587872021574,0.0,INDUSTRIAL_PERSISTENT_SOURCE
380.1438679491358,308.0583552625157,72.08551268662012,123.4483402227665,4.823890691824435,1340.9801884661024,0.22595860767605747,1.0,1.0,5,0.6307566694915424,1.4155387141235698,0.38307649459723847,1.0,1.5596208245110632,1.0,7.27659544843288,1.0,INDUSTRIAL_ACCIDENTAL_FIRE
345.97341447624507,296.85174633516704,49.12166814107803,25.637337543618465,3.2823138986212843,1061.1033682400239,0.10324333628215607,1.0,0.75,9,0.7076407263362361,1.2885595414585642,0.7858994302489891,1.0,0.6697309023962738,1.0,-0.16398059037140378,0.0,INDUSTRIAL_PERSISTENT_SOURCE
373.6166362761545,310.3165336321208,63.3001026440337,202.7793326401916,5.317037705637408,1232.6358365757733,0.20085743612581056,0.0,0.95,1,0.21881486719918067,1.4013782303528415,0.27502039071688034,0.0,0.1361366004463328,1.0,7.0451510485201245,1.0,INDUSTRIAL_ACCIDENTAL_FIRE
341.7882395052787,297.117808202524,44.67043130275471,16.441362026259075,2.8588445132673126,731.7792468637854,0.14262980372215628,0.0,0.7,14,0.7170726669040428,1.1572285214563078,0.6108717386665534,1.0,0.8095814148821517,1.0,0.4885933711678262,0.0,MINING_COAL_FIRE
325.6841529198152,291.26825529457733,34.41589762523785,68.48501382357665,4.241111100881846,828.4551758960129,0.1347196587507928,1.0,0.85,3,0.2367390067644122,0.2887827613098501,0.4329772687949964,0.0,73.11851996462853,0.0,0.0,0.0,WILDFIRE_FOREST
355.96472464223194,299.2574398521323,56.70728479009966,18.09351068698708,2.9493485227149048,959.4288031764462,0.20902428263366554,0.0,0.65,2,0.15094709640850162,0.2400821637731791,0.40696661967152103,0.0,35.138346719954114,0.0,0.0,0.0,WILDFIRE_FOREST
331.7564433509142,300.9315611017722,30.82488224914198,54.41925798157862,4.014927150344453,970.1868121615055,0.06664976449828396,0.0,1.0,30,0.9401325528745331,1.4331966798586135,0.904221840478771,1.0,1.849439307459954,1.0,0.3886634678531915,0.0,INDUSTRIAL_PERSISTENT_SOURCE
316.0819563184159,298.5094092142275,17.572547104188402,20.71175110374144,3.077853639492422,593.3106008470209,0.051931367760471005,0.0,0.4,1,0.07049116437350234,0.0,0.17894507788069877,0.0,37.230095004289126,0.0,0.0,0.0,AGRICULTURAL_BURNING
338.52196466901245,302.6235640921535,35.89840057685893,26.927505419492523,3.3296120605186177,977.876272710097,0.07679680115371787,1.0,1.0,15,0.8515240745782706,1.5131538994791904,0.8647954080625172,1.0,0.9162272490487701,1.0,0.7726633107900809,0.0,INDUSTRIAL_PERSISTENT_SOURCE
321.92373392154013,301.51098903178917,20.412744889750968,16.499777688662817,2.8621881773437963,598.4331653039652,0.05903186222437742,0.0,0.65,2,0.11344348471581485,0.0,0.1043850652952842,0.0,34.88948536980409,0.0,0.0,0.0,AGRICULTURAL_BURNING
348.79718119885945,294.06036623840316,54.736814960456286,33.04646027399444,3.527726070480765,945.9774282986507,0.2024560498681876,0.0,1.0,3,0.13979163748294166,0.40550565001849403,0.32284888350366553,0.0,46.25488104854939,0.0,0.0,0.0,WILDFIRE_FOREST
330.3290051347886,296.17808866321565,34.15091647157294,94.98361632884553,4.564177513662016,813.8551129949176,0.13383638823857646,1.0,0.85,3,0.2363337534491185,0.3549264559578529,0.46904871345221216,0.0,54.526273836075816,0.0,0.0,0.0,WILDFIRE_FOREST
327.63721879092094,297.49182627017694,30.145392520743997,53.334661082188184,3.9951623489355597,823.9732783092733,0.12048464173581333,0.0,0.65,2,0.2118178752827922,0.2760129272791467,0.3389354101851351,0.0,16.989376127847454,0.0,0.0,0.0,WILDFIRE_FOREST
357.0756217290301,293.3813364303191,63.69428529871101,34.44139858458,3.567880588405736,1129.9970899599305,0.132388570597422,1.0,0.75,24,0.7317498861600082,1.768039402521469,0.7368309104090066,1.0,1.3958351208050719,1.0,-0.45043002423326817,0.0,INDUSTRIAL_PERSISTENT_SOURCE
354.9266744918683,289.9077178382533,65.01895665361502,42.646784701915834,3.7761296186771154,1131.1057454196048,0.13503791330723006,1.0,0.9,22,0.9632087520053159,1.270269838584419,0.9343198412018916,1.0,0.8888591086341983,1.0,0.18089291984195088,0.0,INDUSTRIAL_PERSISTENT_SOURCE
389.063277470802,311.69060936255977,77.37266810824224,157.26428231132314,5.0642663085242,1331.1074891050603,0.24106476602354923,1.0,0.85,5,0.17170039164908638,1.1661684909191041,0.32028952334734184,1.0,1.023008817624523,1.0,7.1198438618096995,1.0,INDUSTRIAL_ACCIDENTAL_FIRE
337.86313700832545,297.2016820885199,40.66145491980558,43.11590034057035,3.7868202694099398,984.0381356730853,0.08632290983961116,0.0,0.9,35,0.9012577114328899,1.7984496859859216,0.8841561727608819,1.0,0.7912901708038668,1.0,0.7727347719233959,0.0,INDUSTRIAL_PERSISTENT_SOURCE
346.56068701507144,288.5139168419026,58.04677017316885,38.74823698816961,3.682565487617862,1078.9657951648928,0.12109354034633771,1.0,0.75,36,0.7416694113034217,1.7139612928652572,0.9496697861138516,1.0,0.39140060670373794,1.0,0.26745082734288883,0.0,INDUSTRIAL_PERSISTENT_SOURCE
360.90739524234607,301.3475459113247,59.55984933102138,46.0410068946403,3.8510197084344218,1117.787740879558,0.12411969866204277,1.0,1.0,33,0.9001496104752563,1.465653510075211,0.8171755499955232,1.0,1.3291657946899844,1.0,0.984117720419388,0.0,INDUSTRIAL_PERSISTENT_SOURCE
332.37488736658065,291.7919867474074,40.582900619173245,34.26152467257562,3.5627924168906686,858.0720420091382,0.15527633539724414,0.0,0.65,1,0.20713441245128544,0.34566881567618,0.33528329665286816,0.0,23.685523104715216,0.0,0.0,0.0,WILDFIRE_FOREST
352.04303553563085,290.20169053459847,61.84134500103238,40.45621702060639,3.724637858768576,986.0933637519389,0.22613781667010793,0.0,0.85,1,0.11143013569465965,0.39048527163436153,0.26015285706526625,0.0,73.1096961346114,0.0,0.0,0.0,WILDFIRE_FOREST
339.4089448576863,302.64030236286743,36.76864249481889,34.170268635009556,3.560201084642946,990.0730426312815,0.07853728498963779,1.0,0.75,44,0.9350056759302368,0.9161620773751359,0.6723531385455921,1.0,1.9243511561750537,1.0,-0.5448636972714316,0.0,INDUSTRIAL_PERSISTENT_SOURCE
330.21989954792116,301.98160556200423,28.238293985916926,20.54221542597139,3.0700145181557734,641.3311754283459,0.0785957349647923,0.0,0.65,2,0.1532959891883623,0.0,0.22043144859965952,0.0,57.86184210184445,0.0,0.0,0.0,AGRICULTURAL_BURNING
320.74390523348626,302.42360638913397,18.320298844352294,23.429581274636895,3.195794745320751,566.3263206682182,0.05380074711088074,0.0,0.8,2,0.07746474995811686,0.0,0.39839868966167635,0.0,30.773881127499607,0.0,0.0,0.0,AGRICULTURAL_BURNING
326.8541365496333,293.8308609503141,33.02327559931922,3.1922230748777425,1.433231160029846,649.8722232136945,0.09055818899829804,0.0,0.65,1,0.07848717565551767,0.0,0.34580384461653135,0.0,38.89959779794637,0.0,0.0,0.0,AGRICULTURAL_BURNING
342.3843227441376,298.5304353126834,43.85388743145421,26.403370223085773,3.3106660066725877,867.6770930999743,0.16617962477151402,0.0,0.65,2,0.18192942846146945,0.42616593954721116,0.35381696032206567,0.0,56.952856303401134,0.0,0.0,0.0,WILDFIRE_FOREST
354.2074622585828,297.38397922922024,56.823483029362535,30.572697445004387,3.4522927422205703,927.5459856831321,0.2094116100978751,1.0,0.85,1,0.24269245172120102,0.3529667114938938,0.28025355720615996,0.0,33.68688014109388,0.0,0.0,0.0,WILDFIRE_FOREST
384.99565930079103,299.1214801725344,85.87417912825663,136.71683831199942,4.925199680844029,1362.691981139176,0.26535479750930463,0.0,0.85,3,0.24222952552994167,1.4666907141976506,0.4092476549295666,1.0,0.8232089834034206,1.0,4.617523168106696,1.0,INDUSTRIAL_ACCIDENTAL_FIRE
342.6952483778908,298.19588694002636,44.49936143786442,51.232221522102435,3.955699574993857,1044.5300482684422,0.09399872287572884,0.0,0.9,14,0.8973690969464425,1.483053334747404,0.8636215976743791,1.0,1.3476830994610767,1.0,-0.5724760823909012,0.0,INDUSTRIAL_PERSISTENT_SOURCE
335.68468086072517,296.7422537979617,38.94242706276344,20.992589490044388,3.090705555252903,668.086604911961,0.10535606765690861,0.0,0.65,1,0.1646267203685799,0.0,0.18412895847207306,0.0,14.949636810185211,0.0,0.0,0.0,AGRICULTURAL_BURNING
340.2473383567899,295.4738635943127,44.77347476247718,10.067193778869402,2.4039852167407605,725.7208684049001,0.14292421360707763,1.0,0.85,25,0.8022270092361716,1.3034045305880118,0.5609829147526603,1.0,3.228053641786423,0.0,0.018033995881135523,0.0,MINING_COAL_FIRE
394.84052495589464,299.2950061311455,95.54551882474914,156.07612883654252,5.056730584871766,1400.0,0.2929871966421404,0.0,0.85,5,0.16284482243470408,1.357555963806596,0.18138946606729925,1.0,1.4156087597952776,1.0,4.882258419786812,1.0,INDUSTRIAL_ACCIDENTAL_FIRE
332.12689360048813,297.4380266808103,34.68886691967782,30.029775096606386,3.434947230499971,817.7313208017324,0.13562955639892607,1.0,1.0,3,0.14192035429031752,0.30809193391408,0.3768129117944352,0.0,30.747384114258455,0.0,0.0,0.0,WILDFIRE_FOREST
331.00855445376646,288.3957542700831,42.61280018368336,38.338328800520614,3.672199331136372,1016.1822230139591,0.09022560036736672,1.0,0.9,26,0.9454950030057875,1.3441777472093588,0.9142005387650445,1.0,1.7448098133446424,1.0,0.6960694786831774,0.0,INDUSTRIAL_PERSISTENT_SOURCE
338.65052517661996,299.30499206864374,39.34553310797622,37.8733340311569,3.6603085150771153,1020.0566692850997,0.08369106621595244,1.0,0.75,38,0.9733547831405767,1.0932700521675216,0.756790517249671,1.0,0.49974443543062813,1.0,0.446780774054095,0.0,INDUSTRIAL_PERSISTENT_SOURCE
312.83334883424766,303.3592280022624,9.47412083198526,16.25235550162121,2.847948684973775,556.5139961656189,0.03168530207996315,0.0,0.4,2,0.07363534598418514,0.0,0.2827361866639891,0.0,34.041863554210494,0.0,0.0,0.0,AGRICULTURAL_BURNING
327.93727634157284,300.3629084171627,27.574367924410126,39.12575745994791,3.692018458778492,782.1346819288963,0.11191455974803376,0.0,0.65,1,0.07788282006045828,0.42314884549610066,0.22187510357810164,0.0,68.84788545553698,0.0,0.0,0.0,WILDFIRE_FOREST
354.7474059119955,288.61418017752044,66.13322573447505,18.625206521809638,2.9768147870174144,945.3446398966374,0.2404440857815835,0.0,0.85,3,0.14014816024814908,0.26443299700901535,0.3682869498491439,0.0,57.39738336399873,0.0,0.0,0.0,WILDFIRE_FOREST
329.5023526696103,295.238263199945,34.264089469665294,14.654572011826716,2.7507630156519736,701.1469151907174,0.11289739848475798,0.0,1.0,8,0.6216245204800696,0.9065882308042539,0.6583412551317174,1.0,2.0777479881421126,1.0,-0.15372879851077603,0.0,MINING_COAL_FIRE
325.96445876257945,295.06927246908833,30.895186293491122,20.28981064436134,3.0582285847541084,675.9487483907255,0.10327196083854606,0.0,1.0,9,0.6813080717337635,0.8117040629506994,0.8165654148110104,1.0,3.402747307764294,0.0,-0.12182516378039565,0.0,MINING_COAL_FIRE
322.6458436837536,288.92557782831193,33.72026585544165,20.02261349409278,3.045598691406634,655.9428057876206,0.1113436167298333,0.0,0.85,9,0.7792940627745581,0.8689111495784747,0.7256671561959606,1.0,2.9165536062948374,1.0,0.7087952417238181,0.0,MINING_COAL_FIRE
332.5486269492488,293.8911851999182,38.65744174933059,15.761957855317757,2.81911190537441,703.6897014969335,0.12544983356951594,0.0,0.7,28,0.837414171620942,0.8009964554821244,0.5997715132902068,1.0,0.9599248609971381,1.0,0.7399841634374458,0.0,MINING_COAL_FIRE
313.85788018140704,296.36314718313264,17.4947329982744,17.97487037991564,2.9431154921603717,597.5485818063887,0.051736832495686,0.0,0.65,1,0.014086408433289507,0.0,0.176253722273079,0.0,42.05143309413888,0.0,0.0,0.0,AGRICULTURAL_BURNING
331.65130678945116,293.0330501797347,38.61825660971647,9.393378430226829,2.34116891397329,713.1136861580999,0.12533787602776134,0.0,0.85,6,0.8457359029250568,0.9594915264302895,0.8127357342879113,1.0,2.482113882542961,1.0,-0.14173356150530325,0.0,MINING_COAL_FIRE
341.77324309130347,289.7410574111535,52.03218568014995,11.187502061219995,2.5004110054496946,724.2657901902884,0.16366338765757127,0.0,1.0,18,0.6969374982947725,0.7780982946693789,0.6748562982801087,1.0,2.6858155592329633,1.0,-0.3357970953913285,0.0,MINING_COAL_FIRE
334.04330212472496,295.1592809529453,38.88402117177964,48.581734789426854,3.903622515696953,868.6428384152243,0.1496134039059321,0.0,1.0,2,0.20008732217111924,0.2746433518178165,0.39609093347301494,0.0,82.58021295385804,0.0,0.0,0.0,WILDFIRE_FOREST
325.7930208688218,301.4096438771898,24.38337699163202,7.666939522575137,2.159515732231836,615.9742764755853,0.06895844247908005,0.0,0.65,1,0.033537155121690906,0.0,0.34581094538030765,0.0,47.280107540664474,0.0,0.0,0.0,AGRICULTURAL_BURNING
338.7178786623427,290.0162255211892,48.701653141153486,18.13517213312737,2.9515281145585197,753.7226248360334,0.15414758040329568,1.0,1.0,8,0.8802673253000453,0.8893743908937923,0.7385893646706678,1.0,0.15173620094932247,1.0,0.6613635470575463,0.0,MINING_COAL_FIRE
322.59282144767496,304.1955901218853,18.397231325789676,22.033266655761015,3.136939547271846,620.4495584664978,0.05399307831447419,0.0,0.65,2,0.17557153530181935,0.0,0.16171128849297095,0.0,56.16398759917808,0.0,0.0,0.0,AGRICULTURAL_BURNING
315.7934712069996,293.32462691912355,22.46884428787604,20.704065552033622,3.0774995956263793,613.2084645052249,0.06417211071969009,0.0,0.65,1,0.03654804302788669,0.0,0.17374115688335978,0.0,48.16902670651176,0.0,0.0,0.0,AGRICULTURAL_BURNING
328.33221723972963,289.1150458291348,39.21717141059486,14.830740081289584,2.761953624618761,699.2131881554571,0.12704906117312817,1.0,0.85,14,0.7182622506077111,0.7730548696810763,0.6551463467859738,1.0,3.028479827077192,0.0,0.3020208794624625,0.0,MINING_COAL_FIRE
355.6956025595096,288.5420006333266,67.153601926183,127.72329316354694,4.857665086287465,1025.243728880207,0.24384533975394332,0.0,0.85,3,0.2178990536603648,0.11497414834432795,0.4999678000115148,0.0,46.54469718402167,0.0,0.0,0.0,WILDFIRE_FOREST
320.7523226825583,298.75579584776045,21.996526834797862,17.33462726717861,2.908791472283579,643.3863625985477,0.0778472195279939,0.0,1.0,8,0.6481248439550984,1.305091418494455,0.7244263433957852,1.0,2.733235258744849,1.0,-0.013717427399406179,0.0,MINING_COAL_FIRE
331.32148140723075,297.6444681882012,33.67701321902956,17.498455359001525,2.9176872344904266,677.4250312103499,0.11122003776865588,1.0,0.85,8,0.8867501826994361,0.8200568760861698,0.6540406659364011,1.0,2.421988512177777,1.0,-0.30347679223297686,0.0,MINING_COAL_FIRE
348.55268197753657,296.3826960031561,52.16998597438044,78.2667785747715,4.372819107380319,938.1316908372253,0.1938999532479348,1.0,1.0,3,0.1324739974797167,0.10969146036557138,0.24183963909955447,0.0,48.95546646159253,0.0,0.0,0.0,WILDFIRE_FOREST
341.53726811588234,292.5357540916864,49.001514024195956,50.28297549243757,3.9373588353525726,1058.3119782906215,0.10300302804839191,0.0,0.75,26,0.7958835569092672,1.6375661268390642,0.8975904687028143,1.0,1.754640573506746,1.0,0.3253082393426183,0.0,INDUSTRIAL_PERSISTENT_SOURCE
370.4632141646475,304.7868971401048,65.6763170245427,161.3978879521189,5.090049422422067,1252.0406244342978,0.207646620070122,1.0,0.95,1,0.4208171073304334,1.2515379174385306,0.24759637709364862,0.0,0.9468008977933629,1.0,4.01207212153605,1.0,INDUSTRIAL_ACCIDENTAL_FIRE
328.06642897697697,286.42892257539165,41.63750640158531,100.59862189811285,4.621029971057437,864.433315712485,0.15879168800528437,1.0,0.85,3,0.1170612076945163,0.3391956463027982,0.38180302212414297,0.0,78.34889735398517,0.0,0.0,0.0,WILDFIRE_FOREST
333.43705033082034,293.9722424028436,39.46480792797672,28.389642188851113,3.3806423057684576,1028.383632708593,0.08392961585595345,1.0,0.75,35,0.870281947159352,0.9215779026388785,0.7439076064104744,1.0,1.2843298480428516,1.0,-0.14858532982600203,0.0,INDUSTRIAL_PERSISTENT_SOURCE
332.8279799216279,297.523160199333,35.304819722294894,5.69671443566898,1.9016170233840106,658.0429425214148,0.09626204930573723,0.0,0.65,2,0.147551628310875,0.0,0.10238625438356219,0.0,29.974187937178797,0.0,0.0,0.0,AGRICULTURAL_BURNING
335.95617976345255,289.2658192184248,46.69036054502777,45.08484781904294,3.830484215260354,1045.0982415063659,0.09838072109005555,1.0,0.75,8,0.9626963230997987,1.2697281009087127,0.6555114963614314,1.0,0.5850894276229306,1.0,-0.49250137579416386,0.0,INDUSTRIAL_PERSISTENT_SOURCE
339.6084443874747,294.27523060110883,45.33321378636589,14.46198831285332,2.7383846450354516,710.5673047489416,0.14452346796104537,1.0,0.85,5,0.8953506457846894,1.165858807896415,0.7242087459250596,1.0,0.561166485170143,1.0,-0.19068261185557556,0.0,MINING_COAL_FIRE
390.52452553508436,299.230426743562,91.29409879152234,163.48885060843998,5.102842790452139,1400.0,0.28084028226149244,1.0,1.0,1,0.1901168728308211,1.4276271840818144,0.301599446231981,0.0,1.460263551797001,1.0,4.728865086851409,1.0,INDUSTRIAL_ACCIDENTAL_FIRE
375.823175573318,310.68247546702867,65.14070010628933,132.48632551351196,4.893999041983534,1241.6560344618135,0.2061162860179695,1.0,1.0,1,0.268435279487241,1.3958219825969396,0.33499863433571503,0.0,1.3974032254404383,1.0,4.091588367076239,1.0,INDUSTRIAL_ACCIDENTAL_FIRE
332.35995933696523,293.61472129026436,38.74523804670088,22.519061492469273,3.157811219703231,837.1884579139489,0.14915079348900293,0.0,1.0,3,0.09788712977788773,0.22139995382511135,0.21097094370888747,0.0,35.03685149713818,0.0,0.0,0.0,WILDFIRE_FOREST
342.2292136622759,290.01500139654166,52.21421226573426,42.91649650662082,3.7822900241338058,904.4697628603832,0.1940473742191142,0.0,1.0,3,0.24161640785989563,0.28588829789045445,0.32246654677646963,0.0,78.54657271890001,0.0,0.0,0.0,WILDFIRE_FOREST
341.8292825480982,288.90213774121554,52.927144806882666,86.97730242794725,4.4770788542541835,845.1044316545469,0.1964238160229422,1.0,0.85,1,0.23919372048930182,0.3948602046987756,0.3397831852789954,0.0,77.11819842491401,0.0,0.0,0.0,WILDFIRE_FOREST
336.73016352828904,288.5232045873004,48.20695894098861,52.10579962258602,3.9722861430480716,1095.2723157736953,0.10141391788197723,0.0,0.75,41,0.8059208184684579,0.9470210253307452,0.6786631623694299,1.0,0.9143867215631428,1.0,0.5912815068908162,0.0,INDUSTRIAL_PERSISTENT_SOURCE
328.4103557946673,297.683477594311,30.726878200356282,5.527918694539765,1.8760881627036925,638.8491030702797,0.0848171955008907,0.0,0.65,1,0.15166705548589307,0.0,0.3795767307056761,0.0,55.024621345236376,0.0,0.0,0.0,AGRICULTURAL_BURNING
334.55246343505735,290.1647432369402,44.387720198117165,19.326385454825846,3.0119198181698246,704.1193994713169,0.1418220577089062,0.0,1.0,8,0.6957831889356393,0.7191013554553959,0.6190543836613773,1.0,1.589251599277476,1.0,-0.06333224884789074,0.0,MINING_COAL_FIRE
329.9406796766913,306.05399698026525,23.88668269642602,10.291863422877935,2.4240824152842624,605.8784368073392,0.06771670674106506,0.0,0.65,2,0.06060423648887163,0.0,0.1570377693067244,0.0,26.295283702762234,0.0,0.0,0.0,AGRICULTURAL_BURNING
351.19786972231884,290.33244144879416,60.865428273524685,47.89644723899198,3.8897047402420797,994.2530001538037,0.22288476091174894,0.0,0.85,2,0.023470246948459835,0.1257663915367886,0.2569089094550385,0.0,41.857564781747946,0.0,0.0,0.0,WILDFIRE_FOREST
361.328881065761,297.7516983512882,63.57718271447277,34.99156269416195,3.583284541380649,1146.5605018086794,0.13215436542894554,1.0,0.9,6,0.7352655252109366,1.5927582764671921,0.8932805578017832,1.0,1.6376089450978775,1.0,0.9980479652989678,0.0,INDUSTRIAL_PERSISTENT_SOURCE
331.93424825021765,293.2373748084167,38.69687344180096,19.794592051911472,3.0346929553978055,705.5590467973243,0.12556249554800275,0.0,0.85,6,0.7538453662255372,1.2249421954502036,0.6876438784724302,1.0,2.9938516485301965,1.0,-0.286786313629268,0.0,MINING_COAL_FIRE
365.0403881286969,303.2934107770243,61.746977351672626,120.35227290270954,4.798697662139021,1196.9210467625082,0.1964199352904932,1.0,0.85,5,0.38203334470225236,1.2565647471927086,0.18787803628280872,1.0,0.3009418975190619,1.0,4.321952002041428,1.0,INDUSTRIAL_ACCIDENTAL_FIRE
373.8724268778506,301.5804118216762,72.29201505617442,181.47953916648316,5.206638052581027,1294.203328754553,0.22654861444621263,0.0,0.95,1,0.28439880751509905,1.2127574466060833,0.12358190503267401,0.0,0.622986677783534,1.0,3.9602280296999446,1.0,INDUSTRIAL_ACCIDENTAL_FIRE
323.14613211725987,300.3713078138113,22.774824303448554,128.70728514984654,4.865280258980483,787.1794455687166,0.09591608101149518,0.0,0.85,2,0.14501510036937168,0.1688765467571298,0.3927739747413622,0.0,27.823762364759205,0.0,0.0,0.0,WILDFIRE_FOREST
327.4258056096342,293.497947291582,33.92785831805219,22.211700778503534,3.1446564954346394,676.6294058016504,0.09281964579513047,0.0,0.8,2,0.029165338993438365,0.0,0.2937802554402815,0.0,59.8219421742525,0.0,0.0,0.0,AGRICULTURAL_BURNING
347.4435694386389,301.41454339977975,46.02902603885917,28.788811313492864,3.394132863730113,1052.7878786756066,0.09705805207771835,0.0,1.0,21,0.8532765595033235,1.3129262588421322,0.9450927593098435,1.0,1.0559310284161498,1.0,0.5750041856088319,0.0,INDUSTRIAL_PERSISTENT_SOURCE
333.52728033455827,302.93274672885485,30.59453360570342,47.80478291765771,3.887828318664116,956.0262388499731,0.06618906721140684,0.0,1.0,18,0.9581054813331418,1.6085252724024266,0.7726223110274367,1.0,0.27909862107819716,1.0,0.6593992548934418,0.0,INDUSTRIAL_PERSISTENT_SOURCE
324.4059093359253,292.2130589691971,32.19285036672818,15.965462772151959,2.831179675916141,670.4234342853226,0.10697957247636623,1.0,0.7,28,0.7816434387331475,1.05099309619353,0.598364589627908,1.0,3.427973155587561,0.0,0.4687962450803945,0.0,MINING_COAL_FIRE
351.78416475892783,292.6039660947185,59.18019866420934,44.30820285639727,3.8134880946039202,1118.6605704902154,0.12336039732841869,1.0,0.75,10,0.7363228570179002,1.0257231353426448,0.8647207779232385,1.0,0.1444656566393173,1.0,-0.720405745328695,0.0,INDUSTRIAL_PERSISTENT_SOURCE
326.3602275848855,296.8851437276368,29.475083857248705,18.96570391810988,2.9940159974999547,649.859471486203,0.09921452530642487,0.0,0.7,14,0.6363782169061241,0.7621188165675798,0.62165561061046,1.0,2.363738565566627,1.0,0.6159863765134124,0.0,MINING_COAL_FIRE
335.9056069246751,305.8641685298834,30.041438394791726,23.885065793599367,3.2142678562129645,622.2463592438608,0.0831035959869793,0.0,0.4,1,0.06548141899818488,0.0,0.34026603114375387,0.0,8.510704561436244,0.0,0.0,0.0,AGRICULTURAL_BURNING
332.35011837880404,299.137930538013,33.212187840791046,22.880954530029612,3.173081259669833,693.0054656743878,0.109891965259403,0.0,0.85,12,0.8077586472318773,1.1771392488518437,0.7597716983306668,1.0,2.1729862293152493,1.0,0.3945155999633023,0.0,MINING_COAL_FIRE
332.79828802217696,288.0118426663983,44.78644535577865,56.11005235682498,4.044980149447932,1071.013813550831,0.0945728907115573,1.0,1.0,21,0.9536356804059181,1.4987455526132196,0.6736095730122529,1.0,1.7861053978251056,1.0,0.23288868380564298,0.0,INDUSTRIAL_PERSISTENT_SOURCE
393.9018330264065,305.8423545684658,88.05947845794071,190.85119475412483,5.256720044216572,1386.5237740355399,0.27159850987983064,1.0,0.85,2,0.5639341876610864,1.2579222210318521,0.16933417146590904,0.0,1.6894393085579107,1.0,5.734799598417122,1.0,INDUSTRIAL_ACCIDENTAL_FIRE
335.36910963940164,300.0829505413718,35.28615909802983,2.876154270952636,1.354843494823825,684.7477801928651,0.09621539774507457,0.0,0.65,2,0.0144684112973932,0.0,0.39560728293242176,0.0,26.647774240047898,0.0,0.0,0.0,AGRICULTURAL_BURNING
343.486852983483,292.5443403894054,50.942512594077584,57.81557060597887,4.074406626073732,888.7590495339387,0.18980837531359193,0.0,0.85,1,0.1190648229698424,0.25647154443928827,0.48021794602534584,0.0,51.41622058716106,0.0,0.0,0.0,WILDFIRE_FOREST
387.60134555776824,303.2676341974328,84.33371136033543,397.470306074129,5.987632981210856,1341.5155922550705,0.2609534610295298,1.0,0.85,5,0.33899379506112726,0.8079475513371934,0.26403122469794416,1.0,0.19612625422267033,1.0,3.9690035258223535,1.0,INDUSTRIAL_ACCIDENTAL_FIRE
326.9294282227706,294.204846585343,32.724581637427605,5.593113470347142,1.8860256907137047,648.5153411785907,0.089811454093569,0.0,0.8,1,0.010341197792625587,0.0,0.20641749038425827,0.0,43.20422580922621,0.0,0.0,0.0,AGRICULTURAL_BURNING
338.0276586173314,288.22897259469045,49.798686022640936,47.506732231685,3.881702597211095,1018.3400094870153,0.10459737204528188,0.0,1.0,23,0.7161673835563951,1.5344200194582025,0.6755601432678986,1.0,0.49988175235060817,1.0,1.0156317155548087,0.0,INDUSTRIAL_PERSISTENT_SOURCE
376.51891669759175,311.05625873195356,65.46265796563819,133.33459343482232,4.900333653642684,1294.7300406585168,0.2070361656161091,0.0,1.0,4,0.1763419179886143,1.0788011687829449,0.13209476728900055,1.0,0.1725519850580743,1.0,2.9767048340694258,1.0,INDUSTRIAL_ACCIDENTAL_FIRE
387.9976557191493,308.27062162059235,79.72703409855694,225.05923702518757,5.4207970756581885,1323.832522614345,0.24779152599587698,1.0,0.95,1,0.36062402664703597,1.3230537114194263,0.35899523533996414,0.0,0.5740261433608017,1.0,6.49256260497709,1.0,INDUSTRIAL_ACCIDENTAL_FIRE
351.67784727907053,289.64954314516905,62.028304133901486,105.20556104686246,4.665376471343323,969.948628665556,0.22676101377967162,0.0,0.85,1,0.068501903339691,0.10801575651271932,0.4876902038471739,0.0,81.26216001678215,0.0,0.0,0.0,WILDFIRE_FOREST
336.0688019429323,292.3299945401319,43.738807402800376,44.852384334546386,3.8254272002848584,1037.064923168602,0.09247761480560075,0.0,1.0,41,0.8606136847463335,1.3826685292174679,0.7324208753888903,1.0,2.0648135467017035,1.0,-0.4854529318472136,0.0,INDUSTRIAL_PERSISTENT_SOURCE
319.6942537699276,301.57813574706427,18.11611802286336,3.4526609416240137,1.4935018818785597,577.6320610583523,0.053290295057158404,0.0,0.4,2,0.07206442917616791,0.0,0.2558343213437022,0.0,44.68082458293179,0.0,0.0,0.0,AGRICULTURAL_BURNING
335.09695007009185,291.10327799403353,43.99367207605832,25.93052226076795,3.293260299905715,688.679901370849,0.1406962059315952,1.0,1.0,19,0.8958972937012781,1.0166988205266938,0.5972581976660549,1.0,2.9422148271967554,1.0,0.3454633225816196,0.0,MINING_COAL_FIRE
324.5515427200621,300.85941187085865,23.692130849203465,21.388085205729354,3.108528906887931,645.8928595650431,0.08269180242629562,1.0,1.0,21,0.8123827421108517,1.1837946316880221,0.7523432148952476,1.0,3.1603573122573394,0.0,0.2516686648874239,0.0,MINING_COAL_FIRE
337.95504445307165,295.1992502026285,42.75579425044316,51.91698369401197,3.9687243401546874,864.6411707151063,0.16251931416814386,1.0,0.65,3,0.16435498162741122,0.15655562561532388,0.4468941875942871,0.0,67.6022680937754,0.0,0.0,0.0,WILDFIRE_FOREST
351.17298195918534,299.4335721862461,51.73940977293921,59.45351459368034,4.101874715878241,948.5331993400938,0.1924646992431307,1.0,0.65,1,0.16657435632831014,0.1492841517325498,0.47519094363921516,0.0,37.881727057295954,0.0,0.0,0.0,WILDFIRE_FOREST
356.5098498426451,294.03262583446747,62.47722400817764,21.243960562843643,3.102070536389186,944.2946677622701,0.22825741336059213,1.0,1.0,1,0.08510758102758668,0.18415594728656826,0.3219614941661039,0.0,74.61946842162911,0.0,0.0,0.0,WILDFIRE_FOREST
330.39715685452757,296.4055744382263,33.99158241630124,13.598713048059594,2.6809333774359025,690.5158396104845,0.11211880690371784,0.0,0.85,25,0.6322358319996457,0.7702078768495224,0.6393821376187118,1.0,3.1720482146197266,0.0,0.5311277686894817,0.0,MINING_COAL_FIRE
324.91724240957507,306.789158167741,18.128084241834074,9.60461811096476,2.361289577086766,560.0949054137607,0.05332021060458519,0.0,0.8,1,0.04241491094831455,0.0,0.2379382039824584,0.0,34.717977698313035,0.0,0.0,0.0,AGRICULTURAL_BURNING
328.0213355653675,302.446411963467,25.57492360190048,28.287052541490286,3.3771455255777325,917.3826461705934,0.05614984720380096,1.0,1.0,29,0.7229320460832279,0.991049057651793,0.8369413561243476,1.0,2.020247870220032,1.0,-0.5962164920568944,0.0,INDUSTRIAL_PERSISTENT_SOURCE
330.77711200545605,291.26587348198353,39.511238523472514,46.73682345978277,3.8657030803597254,1027.4608065681286,0.08402247704694503,1.0,1.0,19,0.7972679759139406,1.473377299969244,0.919600310465799,1.0,0.5657417828914216,1.0,0.26611058018942235,0.0,INDUSTRIAL_PERSISTENT_SOURCE
326.1532902938535,292.17458642975583,33.97870386409767,13.803161298686891,2.6948407592231955,674.9391949110242,0.11208201104027905,1.0,0.85,15,0.7589934494279457,1.1627259228597844,0.641436699902074,1.0,3.3938045345318573,0.0,0.6112615339398533,0.0,MINING_COAL_FIRE
340.8190659086199,291.42096607754473,49.39809983107517,12.801460218322621,2.6247743994872956,717.948878306649,0.15613742808878622,1.0,1.0,26,0.8161027329615241,0.8735616006278568,0.6400506396015022,1.0,2.388804755146143,1.0,-0.22261652043867908,0.0,MINING_COAL_FIRE
313.708802363388,306.30806471386836,7.400737649519613,3.5541717968621445,1.5160436913178237,552.1472026988431,0.02650184412379903,0.0,0.8,1,0.14983923446744346,0.0,0.14885748749134833,0.0,47.1204050829344,0.0,0.0,0.0,AGRICULTURAL_BURNING
394.21401240071447,305.61878127505184,88.59523112566262,152.95329326357648,5.036649265915509,1353.5530001917932,0.2731292317876075,1.0,0.85,3,0.4330358232240825,1.3826544777626966,0.3819770818771696,1.0,0.5316685668147645,1.0,3.42023700223262,1.0,INDUSTRIAL_ACCIDENTAL_FIRE
322.6404843014767,300.07922143151325,22.561262869963457,20.98565146382616,3.0903900343896167,638.188750552932,0.07946075105703845,1.0,1.0,18,0.6336720095819081,0.7335816502540452,0.8399673080282949,1.0,1.03407887282149,1.0,-0.351371006938314,0.0,MINING_COAL_FIRE
325.6406035199017,293.42413812852953,32.21646539137214,20.78137212052422,3.0810551146262495,803.1929489658119,0.12738821797124047,0.0,0.85,1,0.13078693416469417,0.3655673127456571,0.2572151759014236,0.0,71.80678505448267,0.0,0.0,0.0,WILDFIRE_FOREST
367.8247096480568,302.3597863314781,65.46492331657868,126.25882606086142,4.846223013032108,1216.8906904098747,0.20704263804736764,0.0,0.95,5,0.3870869145436626,1.2548415778499344,0.11682062346896181,1.0,1.76414342508764,1.0,5.110594613049112,1.0,INDUSTRIAL_ACCIDENTAL_FIRE
334.4077810897985,304.20629314092236,30.20148794887615,21.021130310193485,3.0920024610485966,634.5096525714845,0.08350371987219038,0.0,0.8,2,0.11731628362899704,0.0,0.32591728297447287,0.0,17.723057176882705,0.0,0.0,0.0,AGRICULTURAL_BURNING
334.332972429235,297.9805686076396,36.352403821595374,134.49030570359918,4.908900093137433,867.7154995207587,0.14117467940531792,0.0,0.65,1,0.06136507413411581,0.1000842344100158,0.44164212040394746,0.0,27.37712862739418,0.0,0.0,0.0,WILDFIRE_FOREST
330.2309713782824,296.59062858497794,33.640342793304455,21.19405662204892,3.099824533307384,675.8925706937986,0.11111526512372702,1.0,0.85,11,0.9215252459249961,1.0314208466938382,0.76903403137051,1.0,0.1820786422159344,1.0,-0.038119546152818595,0.0,MINING_COAL_FIRE
359.43853140191425,293.3136900478387,66.12484135407556,37.030947402712,3.6384002336128307,1141.2812439106324,0.1372496827081511,1.0,0.9,22,0.776290217011727,1.0338053073265638,0.786892373497452,1.0,1.4624039770186072,1.0,0.5928755854044263,0.0,INDUSTRIAL_PERSISTENT_SOURCE
345.6572345262225,288.8300843684205,56.82715015780201,20.272880251199194,3.057433033829162,901.5672172683861,0.20942383385934002,0.0,1.0,1,0.09523104638037688,0.27935163139926034,0.3862895288831577,0.0,53.54018644968364,0.0,0.0,0.0,WILDFIRE_FOREST
333.16156447137513,288.68872431293374,44.472840158441386,22.85928187336365,3.1721733187048295,701.4027669516978,0.14206525759554683,0.0,0.7,6,0.931381855381965,1.124097077868727,0.6366483340093234,1.0,0.36652065169887893,1.0,-0.1029914772169142,0.0,MINING_COAL_FIRE
392.2817057602519,308.9229828880214,83.35872287223049,272.26280452592147,5.610433986071909,1292.70709296775,0.25816777963494425,1.0,1.0,1,0.22945408383467678,1.4458361406614526,0.26522115196894935,0.0,0.062301106673833526,1.0,3.436164186705122,1.0,INDUSTRIAL_ACCIDENTAL_FIRE
323.349983303483,295.8872115165563,27.46277178692668,20.176114910763022,3.052873891372252,648.7390638577469,0.0766569294673167,0.0,0.65,1,0.031033774991813548,0.0,0.295251507651072,0.0,10.484798003633781,0.0,0.0,0.0,AGRICULTURAL_BURNING
332.7496707386051,293.64269905436254,39.10697168424258,26.276984568565936,3.3060432905227786,857.0488044405527,0.1503565722808086,0.0,0.85,3,0.09122652980083486,0.4096810783360685,0.4171385690524356,0.0,49.288756763960976,0.0,0.0,0.0,WILDFIRE_FOREST
329.29980547398725,296.7645922321978,32.53521324178945,14.441988002477766,2.737090292945367,636.6237521991297,0.08933803310447364,0.0,0.4,2,0.102433544921128,0.0,0.16684205272008557,0.0,13.639600619590034,0.0,0.0,0.0,AGRICULTURAL_BURNING
324.338620582576,298.7848476216327,25.55377296094332,33.83505952248675,3.5506243371783905,757.4217624233745,0.10517924320314441,0.0,0.65,1,0.2159329726677645,0.3047849644907451,0.26446135215474037,0.0,84.49036358249879,0.0,0.0,0.0,WILDFIRE_FOREST
332.0512473866051,294.3733359090643,37.67791147754082,4.03569440475812,1.6165514322038756,660.1297142041025,0.10219477869385205,0.0,0.4,1,0.1478884474382802,0.0,0.31398451671467087,0.0,8.087533922539865,0.0,0.0,0.0,AGRICULTURAL_BURNING
342.90147215794696,287.4574702294895,55.44400192845745,43.88615134281038,3.804129313827881,929.5345800484033,0.20481333976152483,1.0,0.65,3,0.22449125159726083,0.4000647382367435,0.23134189574478087,0.0,21.66013059676667,0.0,0.0,0.0,WILDFIRE_FOREST
351.0821694644187,291.5519637818427,59.530205682576025,36.31827468812968,3.6194831446888878,1098.3104168851337,0.12406041136515206,0.0,0.75,39,0.9305819819327501,0.9555861476611798,0.8703050106005887,1.0,0.2030383883138642,1.0,1.1548763684080245,0.0,INDUSTRIAL_PERSISTENT_SOURCE
354.93796672970916,292.5441348345935,62.39383189511568,27.875198469383022,3.3629830422168823,949.2747974616394,0.22797943965038558,0.0,0.85,3,0.19607612144284262,0.18585867429509298,0.48973745903209026,0.0,15.227384307306142,0.0,0.0,0.0,WILDFIRE_FOREST
350.2804235667537,297.47602861565554,52.804394951098175,40.442394326070385,3.7243043744208992,912.075147252982,0.1960146498369939,0.0,0.85,3,0.07452777613792937,0.2655199155869485,0.42510593672250285,0.0,23.574585685291332,0.0,0.0,0.0,WILDFIRE_FOREST
359.8331310375482,287.14929720894474,72.68383382860344,78.02949022673808,4.36982107681949,997.8024447135998,0.2622794460953448,1.0,0.65,3,0.11764908478750814,0.30823892506951456,0.49218217507197715,0.0,46.53156413111012,0.0,0.0,0.0,WILDFIRE_FOREST
328.6841385430045,299.29090706738964,29.39323147561487,42.54278622077552,3.7737440459678875,948.4504844367442,0.06378646295122974,1.0,0.9,13,0.7270010753874331,1.3866890681704886,0.8531902059006978,1.0,1.052825777681442,1.0,0.9750838154528274,0.0,INDUSTRIAL_PERSISTENT_SOURCE
339.5099055807124,288.30767404535084,51.20223153536159,27.939525615671016,3.3652083290742056,1059.2314497088353,0.10740446307072318,1.0,0.9,19,0.8850209382127119,1.2853110310365372,0.7087123254916363,1.0,0.8125567786592891,1.0,0.30745646279672245,0.0,INDUSTRIAL_PERSISTENT_SOURCE
335.456893641187,294.43331147025316,41.02358217093382,52.60376996765836,3.9816194008208576,1046.460386789186,0.08704716434186764,1.0,1.0,40,0.7425993075347505,1.1371261011244633,0.6613460409656106,1.0,1.4419355329574193,1.0,0.5618344252345029,0.0,INDUSTRIAL_PERSISTENT_SOURCE
390.4158331710075,302.41205854785574,88.00377462315174,267.1656465218938,5.591604873612507,1354.6222947269323,0.27143935606614783,1.0,0.85,5,0.5555618849667354,1.4631766747105128,0.21806904935595822,1.0,0.5334153187065179,1.0,4.624378818796879,1.0,INDUSTRIAL_ACCIDENTAL_FIRE
342.16413574466276,297.72790540236304,44.43623034229972,55.635543162848165,4.036636759192865,1017.4906241727219,0.09387246068459945,1.0,0.9,44,0.7545369842789319,0.9108629417705562,0.805681209279427,1.0,0.6945627867134735,1.0,0.5165675668523146,0.0,INDUSTRIAL_PERSISTENT_SOURCE
324.9008492811729,300.59884106064817,24.302008220524726,18.5861184716842,2.9748210740745598,634.9933131065649,0.08443430920149922,0.0,1.0,16,0.8422791449445172,1.3050839370393046,0.8369443291693681,1.0,2.26278099448999,1.0,-0.17617435255528285,0.0,MINING_COAL_FIRE
323.9493234502392,300.677123938892,23.272199511347196,15.257843894885871,2.788575493536733,643.1285542445597,0.08149199860384913,0.0,1.0,21,0.9100658321888973,1.3444086033623606,0.6503016341245708,1.0,0.8254585343280009,1.0,0.39420784055479985,0.0,MINING_COAL_FIRE
324.9513027475774,300.39590257058444,24.555400176992976,39.53015623739325,3.7020462954907503,767.3365441625727,0.10185133392330992,0.0,1.0,3,0.09181393969579593,0.40441573734869096,0.43907346972278893,0.0,76.16643846638146,0.0,0.0,0.0,WILDFIRE_FOREST
322.8285018212653,300.80375523875387,22.024746582511455,19.165720852200273,3.003984175377956,652.0027672570545,0.07792784737860416,1.0,0.7,24,0.776065440727597,0.9000382301539313,0.5867232420059701,1.0,2.1674117700373783,1.0,0.10742610258722696,0.0,MINING_COAL_FIRE
323.3506047250012,293.74718449704807,29.60342022795311,16.390510574336353,2.855924688161546,649.5186822501596,0.08200855056988277,0.0,0.4,1,0.16731033420685004,0.0,0.38448059493645115,0.0,45.79623927265014,0.0,0.0,0.0,AGRICULTURAL_BURNING
333.60288779027604,288.9103567004982,44.692531089777844,18.74135199100694,2.982715521579306,690.0669985117408,0.14269294597079385,0.0,0.85,24,0.8896695827767506,0.9069300521475921,0.7824580806089956,1.0,2.3578677086630493,1.0,-0.24646491947156107,0.0,MINING_COAL_FIRE
326.99028349104407,298.2874675014435,28.702815989600595,29.19959301436289,3.4078284479444174,783.2974032679748,0.11567605329866865,0.0,0.65,1,0.12162506004998713,0.4167253309436353,0.3680011967686755,0.0,84.71860267506601,0.0,0.0,0.0,WILDFIRE_FOREST
331.82323758161687,290.27046953331336,41.552768048303506,82.74027174951243,4.427720005743511,869.7208772862627,0.15850922682767835,1.0,0.85,1,0.17699389906380097,0.3309048491417095,0.37254021632109724,0.0,82.07536974131855,0.0,0.0,0.0,WILDFIRE_FOREST
342.95056088830745,295.08100557930015,47.869555309007296,23.144556140905795,3.184058936091958,910.7991160607457,0.17956518436335764,1.0,0.65,3,0.06644577724662915,0.33853008740481827,0.3048342922350885,0.0,63.50169422840902,0.0,0.0,0.0,WILDFIRE_FOREST
382.7079181665687,304.0654544856032,78.64246368096548,145.63694812743944,4.987959791308872,1371.3003713312462,0.24469275337418706,0.0,1.0,1,0.1558102699540503,1.2864873202885798,0.4010428390162216,0.0,1.772614962955082,1.0,4.644719715111418,1.0,INDUSTRIAL_ACCIDENTAL_FIRE
329.65159583283554,300.76846874440224,28.883127088433298,17.115115066064448,2.8967466763039273,672.1612110717774,0.09752322025266656,0.0,0.85,12,0.708685349269702,1.1236520988203291,0.8265397687039999,1.0,3.0308479634995766,0.0,0.1151145627042931,0.0,MINING_COAL_FIRE
354.2570969324752,289.1329062903883,65.12419064208689,29.651322312063208,3.422675803770156,1123.9646787942052,0.13524838128417377,1.0,0.75,42,0.7101955276940654,1.3947161522909206,0.9073292437358088,1.0,1.8241270541079309,1.0,0.7731669416630129,0.0,INDUSTRIAL_PERSISTENT_SOURCE
331.566856688727,291.62278409195204,39.94407259677496,39.60956183149344,3.704003551969804,863.4123723251508,0.1531469086559165,0.0,0.85,2,0.08042045533628739,0.4058369216980183,0.21580199954890916,0.0,70.39613454669637,0.0,0.0,0.0,WILDFIRE_FOREST
330.67990135961355,292.3452166936264,38.33468466598714,58.290641741551354,4.082451481434546,818.2757248508908,0.14778228221995712,1.0,1.0,1,0.19162381116298,0.2690336771258329,0.2894591894452788,0.0,52.68618972430208,0.0,0.0,0.0,WILDFIRE_FOREST
317.7731723571501,297.1103704105773,20.662801946572813,22.589077112269045,3.160783770664856,625.9310822495999,0.05965700486643203,0.0,0.8,2,0.04106122250575824,0.0,0.3082695636469412,0.0,55.64058646311809,0.0,0.0,0.0,AGRICULTURAL_BURNING
324.43993888823593,302.71332166480136,21.726617223434573,18.77618917091221,2.98447864691077,608.0557859190008,0.062316543058586436,0.0,0.8,2,0.02058143344699276,0.0,0.34523429515208603,0.0,27.36741012531622,0.0,0.0,0.0,AGRICULTURAL_BURNING
317.8504678339855,297.4563645317048,20.394103302280655,8.28080926084257,2.2279487478281625,615.4778238224509,0.05898525825570164,0.0,0.65,1,0.0727912120039786,0.0,0.17045760789958017,0.0,36.74612298692766,0.0,0.0,0.0,AGRICULTURAL_BURNING
347.14520544766475,296.9053142900553,50.23989115760946,37.44313491075151,3.649180134126213,1077.075605993154,0.10547978231521893,1.0,0.9,14,0.9493213472156474,0.951034186233042,0.8191410173334932,1.0,1.4143653316331364,1.0,0.2954798189382737,0.0,INDUSTRIAL_PERSISTENT_SOURCE
353.72475288652305,290.40835124798974,63.31640163853331,29.25805545188076,3.4097624449563253,957.7460697518413,0.23105467212844435,1.0,1.0,1,0.11830724454497038,0.12296979836750914,0.32043306477800115,0.0,16.153808076326374,0.0,0.0,0.0,WILDFIRE_FOREST
347.5224310152879,291.8374692477022,55.68496176758572,50.199134227234374,3.9357226222781643,964.6736490520757,0.20561653922528572,0.0,0.85,3,0.18758773445488705,0.12848661082154403,0.20342980300166122,0.0,47.61038417195473,0.0,0.0,0.0,WILDFIRE_FOREST
331.18937705278046,296.413430454798,34.775946597982454,16.86822180196053,2.8830238167752924,645.0799251703471,0.09493986649495614,0.0,0.4,1,0.11430931142549901,0.0,0.1280756023212279,0.0,14.182470313744503,0.0,0.0,0.0,AGRICULTURAL_BURNING
320.99874521372794,294.996299587592,26.002445626135966,10.543273352304869,2.4461028735708554,620.5542502453471,0.07300611406533991,0.0,0.4,2,0.03782734826364653,0.0,0.2524221190954633,0.0,56.74106976927163,0.0,0.0,0.0,AGRICULTURAL_BURNING
338.75165162095806,298.7108576569362,40.04079396402187,14.955136022957511,2.769780785106433,677.9084015242156,0.12940226846863392,1.0,0.7,13,0.698064680445976,0.945501702244516,0.6794786231793009,1.0,3.13255342562859,0.0,0.055272924956842995,0.0,MINING_COAL_FIRE
351.08270270923003,301.1033940340892,49.97930867514083,41.36744307905495,3.746380215379559,1087.5512912484617,0.10495861735028165,1.0,0.75,35,0.9216312300471903,1.6808015587009848,0.6629383364656486,1.0,0.9623514073782076,1.0,-0.6579864395548229,0.0,INDUSTRIAL_PERSISTENT_SOURCE
385.84853266707387,302.845396171529,83.00313649554488,132.38802651883273,4.893262373222552,1360.0107012388992,0.2571518185586997,0.0,1.0,2,0.5612402818171804,1.1409433431732552,0.3121885282128421,0.0,1.757317851504851,1.0,6.851468066681326,1.0,INDUSTRIAL_ACCIDENTAL_FIRE
336.7642186905085,294.70503973975843,42.059178950750095,22.881337555618153,3.1730972984976122,703.0753993471533,0.13516908271642886,1.0,0.7,15,0.9195943011649621,0.7325780276954817,0.7323333137160692,1.0,3.2564642686515732,0.0,0.276910223124073,0.0,MINING_COAL_FIRE
335.2330630966875,300.67632256044516,34.55674053624233,15.243666040214972,2.7877030506503253,683.6182425546649,0.1137335443892638,1.0,0.85,15,0.948523138063847,0.7874327612390171,0.8430584406389692,1.0,2.1805072321495538,1.0,0.5920767237591213,0.0,MINING_COAL_FIRE
339.4837035624958,298.545475499612,40.93822806288381,40.01820430582724,3.714015975621365,1013.5508227728149,0.08687645612576762,0.0,0.75,28,0.8484516151681909,1.4004471818519648,0.7354568392882279,1.0,0.5052759276598983,1.0,-0.4647568723188311,0.0,INDUSTRIAL_PERSISTENT_SOURCE
313.30528718403775,296.9866048522615,16.318682331776245,22.32060244008733,3.149337194771565,573.763576904219,0.04879670582944061,0.0,0.8,1,0.10979074130058782,0.0,0.24383386862110176,0.0,33.324332010030815,0.0,0.0,0.0,AGRICULTURAL_BURNING
312.8248369416323,299.04051929347946,13.784317648152864,10.823314205354118,2.470073362299996,563.1880820481917,0.04246079412038216,0.0,0.65,2,0.08940762769342588,0.0,0.1532859458365607,0.0,55.57389037355297,0.0,0.0,0.0,AGRICULTURAL_BURNING
330.30507745815584,298.8537105065997,31.45136695155611,38.245731632504686,3.66984269009846,988.9503151492968,0.06790273390311223,1.0,1.0,39,0.8925964643921716,1.372888798478678,0.8574516637440783,1.0,1.7770148805026795,1.0,0.9782387114548856,0.0,INDUSTRIAL_PERSISTENT_SOURCE
329.645459986156,290.22776136385676,39.41769862229927,50.476723279612656,3.9411297303449815,1002.6899263350047,0.08383539724459854,1.0,1.0,26,0.9677568573982795,1.3402206285443166,0.8881529878603583,1.0,0.922449582695238,1.0,0.8923877323087468,0.0,INDUSTRIAL_PERSISTENT_SOURCE
352.9274528566512,302.93132269388184,49.99613016276936,58.4231218021815,4.084683406557146,1052.7533872799986,0.10499226032553872,1.0,0.9,12,0.8546638288792854,1.0163014200924745,0.6673223238401108,1.0,0.6467744146565947,1.0,-0.46167621231515965,0.0,INDUSTRIAL_PERSISTENT_SOURCE
390.1940481999328,300.6395684804895,89.5544797194433,153.0992422130313,5.03759682481256,1394.3337139012276,0.27586994205555226,1.0,0.85,1,0.39902019652843446,1.1589084759832433,0.25343474301076646,0.0,1.2268058715438006,1.0,4.337109827513544,1.0,INDUSTRIAL_ACCIDENTAL_FIRE
394.36794306847884,309.757044032392,84.61089903608683,224.8575979387503,5.419904703061206,1368.2206894351543,0.26174542581739096,0.0,1.0,1,0.42586129762966984,0.8137973764280549,0.13643800369460085,0.0,1.567239080020166,1.0,3.7217315685592283,1.0,INDUSTRIAL_ACCIDENTAL_FIRE
330.3234577423982,287.0784912798624,43.244966462535785,66.00141662819554,4.204713762871852,907.2160487017585,0.1641498882084526,1.0,1.0,1,0.1757474615886688,0.21574597593975886,0.20448739837803065,0.0,64.24418571043978,0.0,0.0,0.0,WILDFIRE_FOREST
388.86980691984326,299.0847616330934,89.78504528674983,146.90466320700622,4.9965678986788475,1383.0742241067644,0.27652870081928527,0.0,1.0,4,0.4023186439887174,1.3252315430739692,0.2087503649090066,1.0,0.5440492098687604,1.0,6.051084536433038,1.0,INDUSTRIAL_ACCIDENTAL_FIRE
370.31381432594765,298.07195478619786,72.24185953974978,124.27719970263446,4.830528879682926,1283.6277200038464,0.22640531297071365,0.0,1.0,5,0.4913263025220995,1.462024791558151,0.20952184181008793,1.0,0.829466661935127,1.0,7.234798476965333,1.0,INDUSTRIAL_ACCIDENTAL_FIRE
316.32119759920283,301.3490884727044,14.972109126498424,8.433635223930603,2.244281518005825,599.0514733233746,0.04543027281624606,0.0,0.65,1,0.1440874114302161,0.0,0.17404352354621086,0.0,51.35209898826656,0.0,0.0,0.0,AGRICULTURAL_BURNING
388.588345981521,300.8190929499036,87.76925303161738,123.4680732780492,4.824049243484781,1357.1347937273467,0.2707692943760497,1.0,0.95,4,0.4224238795422578,0.9671573479670775,0.25793377046334587,1.0,0.5025864610540679,1.0,6.344306097485971,1.0,INDUSTRIAL_ACCIDENTAL_FIRE
340.6633568271172,296.23718599355294,44.42617083356424,38.47351535339705,3.675629949640825,856.5250824643078,0.1680872361118808,0.0,1.0,1,0.09612146800244312,0.23272416718247202,0.3396856084513886,0.0,19.41494172918284,0.0,0.0,0.0,WILDFIRE_FOREST
325.4253488009652,297.6123675621735,27.81298123879168,20.714657059949243,3.077987473089766,662.8228438228983,0.09446566068226193,0.0,0.7,18,0.7003990518628337,1.214936905152256,0.5628660279518233,1.0,2.7555043947353246,1.0,-0.26776548980601145,0.0,MINING_COAL_FIRE
327.9081024069775,307.92546837509053,19.98263403188696,9.570503599409559,2.35806744296759,609.2958438751222,0.0579565850797174,0.0,0.65,1,0.16497259803613595,0.0,0.20926836434386334,0.0,6.40324518756233,0.0,0.0,0.0,AGRICULTURAL_BURNING
338.8647262589222,298.40333683095787,40.46138942796432,17.254295922396313,2.9044004453359307,707.1362655846614,0.13060396979418376,0.0,1.0,26,0.8837076063069533,0.9210372914576193,0.807294136426656,1.0,0.8992074170341405,1.0,0.43836565837370745,0.0,MINING_COAL_FIRE
322.0875618552635,293.05002343525473,29.037538420008786,12.327896176242087,2.5898592954963426,648.8942897723359,0.09796439548573939,0.0,0.85,26,0.9429790890976815,1.2508758443772194,0.6434392998044238,1.0,2.0982663351503765,1.0,-0.11547749475842428,0.0,MINING_COAL_FIRE
352.8037283471989,288.3051162282327,64.49861211896621,36.101079522800816,3.613646066839679,1144.972940116829,0.13399722423793242,1.0,1.0,30,0.8297952856473119,1.3354172069245167,0.797134729020785,1.0,0.4673079715324793,1.0,-0.1946415792424907,0.0,INDUSTRIAL_PERSISTENT_SOURCE
389.91858223363187,311.51037674933116,78.40820548430071,292.41614313435076,5.681591885103094,1299.9728625160233,0.24402344424085914,0.0,0.95,3,0.6191702284105189,0.8336662507748615,0.3735300686129952,1.0,0.2675201410997033,1.0,3.112532456623854,1.0,INDUSTRIAL_ACCIDENTAL_FIRE
336.900858489498,287.7748610950471,49.125997394450906,50.51070425168709,3.941789635619288,940.2963287314167,0.18375332464816968,0.0,1.0,1,0.13710659971822153,0.2872873730002112,0.35345250942969164,0.0,68.99644614676482,0.0,0.0,0.0,WILDFIRE_FOREST
361.91546735250444,295.4025054610893,66.51296189141516,8.0,2.1972245773362196,1150.3248021924821,0.13802592378283032,1.0,1.0,34,0.7704705550973479,1.5372214055981206,0.7262653487200065,1.0,0.4089081892043067,1.0,-0.700750744512949,0.0,INDUSTRIAL_PERSISTENT_SOURCE
330.85571741237646,288.8186937219066,42.03702369046988,14.40317170891683,2.734573443338208,692.7458715665548,0.13510578197277107,1.0,1.0,7,0.6565395109787443,1.070807462766067,0.844740653736008,1.0,3.3179575216078683,0.0,0.7023364192615524,0.0,MINING_COAL_FIRE
387.21428395860556,299.99990402221175,87.21437993639381,236.78153087207104,5.4713523145965315,1360.901550318774,0.2691839426754109,1.0,1.0,5,0.5609633179699648,1.1413394667670476,0.12717726713506178,1.0,1.368498863949696,1.0,6.956794094859292,1.0,INDUSTRIAL_ACCIDENTAL_FIRE
390.71926707082525,307.42545015096346,83.2938169198618,181.42770473327346,5.206353956091167,1374.652863039592,0.257982334056748,1.0,0.85,5,0.4642132283072935,1.4119194775099182,0.17120276629763193,1.0,0.7642083494453654,1.0,3.9903802025567607,1.0,INDUSTRIAL_ACCIDENTAL_FIRE
333.5585439478213,307.56476086815303,25.993783079668276,22.17666479562818,3.1431459447134094,627.7606726783183,0.0729844576991707,0.0,0.65,2,0.0706161787474249,0.0,0.17151773265670295,0.0,41.708540330384416,0.0,0.0,0.0,AGRICULTURAL_BURNING
323.1019964795867,302.0636144614565,21.03838201813022,7.169037093063508,2.1003510430598538,617.9424444477403,0.060595955045325556,0.0,0.4,1,0.110164154149855,0.0,0.25915183002686293,0.0,23.654107507327847,0.0,0.0,0.0,AGRICULTURAL_BURNING
381.48586646971205,304.18142701922727,77.30443945048478,123.85331091916795,4.8271395355505105,1315.6280884425419,0.24086982700138507,1.0,0.95,3,0.5029157419393473,0.8588747642804982,0.34533919601069196,1.0,1.6034823198270247,1.0,6.033741047822684,1.0,INDUSTRIAL_ACCIDENTAL_FIRE
320.3147647754732,289.53611430094134,30.778650474531844,12.564370946993684,2.607446571795202,681.8321253364744,0.10293900135580526,0.0,0.85,17,0.9245912865051862,1.3564162289267954,0.7837411770392799,1.0,3.0828410470609957,0.0,-0.30254767737742905,0.0,MINING_COAL_FIRE
338.0555963770912,295.4348088132487,42.6207875638425,48.79522391502537,3.9079190741106222,1031.6693381997843,0.090241575127685,1.0,1.0,18,0.8918198668177993,1.0783176676412194,0.6527602692876139,1.0,0.938039211666298,1.0,0.018778262366836884,0.0,INDUSTRIAL_PERSISTENT_SOURCE
325.85887094315547,295.46403666361016,30.394834279545307,10.73268281441991,2.4623783504461314,681.858348545903,0.10184238365584374,1.0,0.85,7,0.9281729396108032,1.3196158725791554,0.5740774359957409,1.0,3.429499633312942,0.0,-0.1701086039515068,0.0,MINING_COAL_FIRE
329.8712490131963,289.42624519518085,40.44500381801544,18.311119346675348,2.9606810619626347,709.7858228019439,0.13055715376575838,0.0,0.7,25,0.7814916008654044,1.2504220012894833,0.5979787115729018,1.0,1.8548187348776357,1.0,0.23906873740815593,0.0,MINING_COAL_FIRE
316.947956271149,307.87934556204726,9.068610709101733,5.9136901551761385,1.9335035263755131,549.7371094172285,0.030671526772754334,0.0,0.4,2,0.13936790161054355,0.0,0.24840048466820305,0.0,46.41975169427311,0.0,0.0,0.0,AGRICULTURAL_BURNING
352.55286600172695,296.68813013699497,55.86473586473198,42.77048271160163,3.7789596795084903,912.8095172073215,0.20621578621577327,1.0,1.0,2,0.045433213025791674,0.43734499805785076,0.2600200212852698,0.0,38.856913545898124,0.0,0.0,0.0,WILDFIRE_FOREST
318.71831091975463,296.417154360142,22.30115655961265,10.95330617913341,2.4810079078219753,589.4363370738067,0.06375289139903162,0.0,0.65,1,0.017276448131578127,0.0,0.1677858132559762,0.0,49.294671858897665,0.0,0.0,0.0,AGRICULTURAL_BURNING
329.6082069114821,299.8704142299541,29.737792681527992,13.729156048673845,2.689828934106307,666.7551134656752,0.09996512194722283,0.0,0.7,15,0.8114036852395677,1.3958391697376795,0.8110067581567515,1.0,2.7903684183463633,1.0,0.5876307226290565,0.0,MINING_COAL_FIRE
340.28305720580363,291.20044602049455,49.08261118530908,44.42366897532618,3.816033312264078,1062.5437081691878,0.10316522237061816,1.0,0.9,30,0.8211153117019238,1.3708423348358776,0.919591678490331,1.0,0.8594104806638845,1.0,-0.5728709180449247,0.0,INDUSTRIAL_PERSISTENT_SOURCE
388.67482539766195,306.02689083889305,82.6479345587689,140.25853202230354,4.9505917719000445,1342.5111728888132,0.25613695588219687,1.0,0.85,4,0.2601126506886575,1.4367387736056147,0.3342200920283275,1.0,1.2029438727451234,1.0,6.2665590207362865,1.0,INDUSTRIAL_ACCIDENTAL_FIRE
330.16063930135317,298.5171061519394,31.64353314941377,66.54134834717522,4.212739978441526,821.5138436594929,0.12547844383137924,0.0,1.0,2,0.07291975893660044,0.20385110805266432,0.3753866026740061,0.0,42.681188983960624,0.0,0.0,0.0,WILDFIRE_FOREST
355.0859255465147,293.06972325704754,62.016202289467174,39.951170880059145,3.712380402809946,1090.9861534219435,0.12903240457893433,1.0,1.0,26,0.7650710641419407,1.0668679653366488,0.7046189386645566,1.0,1.5579682537873947,1.0,-0.2783015080758222,0.0,INDUSTRIAL_PERSISTENT_SOURCE
325.4243806043587,302.4295923494535,22.99478825490519,11.864029233512081,2.5544349849396317,629.1159110817715,0.06548697063726297,0.0,0.65,1,0.02579295146400029,0.0,0.19741606846694276,0.0,56.41591411963795,0.0,0.0,0.0,AGRICULTURAL_BURNING
341.6524190921796,292.5073313794896,49.14508771269004,43.89733097452536,3.8043783492068663,1018.7814101898551,0.10329017542538009,0.0,0.9,15,0.9096535930729396,1.269454339213521,0.7190253475572426,1.0,1.7711142133671396,1.0,-0.3002924078433409,0.0,INDUSTRIAL_PERSISTENT_SOURCE
332.2526597117551,288.62248956578566,43.63017014596943,32.51880516353505,3.5121066294993026,1044.3264280831465,0.09226034029193886,1.0,0.75,31,0.8055308278836464,1.2525945678108028,0.8231366809743326,1.0,0.6336909732837787,1.0,0.10854144872085048,0.0,INDUSTRIAL_PERSISTENT_SOURCE
326.950136214024,295.5340114654184,31.41612474860557,10.355195231226244,2.4296753688246215,659.9734286149893,0.10476035642458734,0.0,0.7,6,0.6940021809214014,0.7011567416993798,0.7980393219290638,1.0,1.340264965458843,1.0,-0.26286194280244424,0.0,MINING_COAL_FIRE
328.6612669747452,289.5439763682281,39.117290606517145,19.410135653092723,3.0160316232030335,682.0648134540187,0.12676368744719185,0.0,0.7,11,0.6383378117420799,1.1343868610164167,0.74978968549211,1.0,2.695766300214519,1.0,0.6471475710330354,0.0,MINING_COAL_FIRE
348.5448235435555,300.40737222641434,48.13745131714114,62.74381342615919,4.154872135033891,1036.7005438506376,0.1012749026342823,1.0,0.75,42,0.8585214373235414,1.734485818311748,0.8265758292047762,1.0,0.9465052627885706,1.0,0.19279784335416839,0.0,INDUSTRIAL_PERSISTENT_SOURCE
323.8040376657915,296.32527951995576,27.47875814583574,11.48326451345209,2.524388908338835,646.1891266733066,0.09351073755953068,0.0,1.0,7,0.8500753823987475,1.3800444395312494,0.6547466204403556,1.0,3.225942460109507,0.0,-0.3357995995939793,0.0,MINING_COAL_FIRE
320.8741293427224,302.38696759431843,18.48716174840399,23.609070014244043,3.203115074751279,591.0100884288213,0.05421790437100998,0.0,0.4,1,0.0322060743677796,0.0,0.2877308245245877,0.0,31.957087373512813,0.0,0.0,0.0,AGRICULTURAL_BURNING
394.0884781671301,308.28591998371036,85.80255818341976,139.65256720154815,4.946292787179873,1391.1109456124489,0.2651501662383422,0.0,0.95,3,0.6238898489846149,1.3375789846432822,0.3199982402265491,1.0,1.2742939327911744,1.0,6.3885244652405975,1.0,INDUSTRIAL_ACCIDENTAL_FIRE
325.8222549506717,291.9490918802646,33.873163070407145,51.09039314353644,3.9529805391184527,830.3923794868754,0.13291054356802381,1.0,1.0,3,0.04326474332123858,0.2449381787433986,0.38419853721044517,0.0,49.02848336983107,0.0,0.0,0.0,WILDFIRE_FOREST
331.1172869544317,305.7729620793124,25.344324875119298,9.838693917871193,2.3831225014710693,613.3289402433093,0.07136081218779824,0.0,0.4,1,0.12970080021951388,0.0,0.28577806413631646,0.0,39.2745283667266,0.0,0.0,0.0,AGRICULTURAL_BURNING
319.3136688129859,294.44165496563585,24.872013847350047,21.776445249722133,3.125726898859214,635.3903641105865,0.07018003461837512,0.0,0.8,2,0.1727081139855255,0.0,0.3022874516701712,0.0,18.61895694835194,0.0,0.0,0.0,AGRICULTURAL_BURNING
323.3093599416898,295.4412366167357,27.868123324954126,23.531808874499553,3.1999705968683774,660.3301007303011,0.0776703083123853,0.0,0.8,2,0.023468511439756368,0.0,0.3219793754411225,0.0,16.114637323759137,0.0,0.0,0.0,AGRICULTURAL_BURNING
332.61830256605106,291.5538888109717,41.06441375507933,35.87889644592798,3.607639475407941,1020.8102023988149,0.08712882751015866,1.0,0.9,29,0.7379442847911577,1.1743318301806192,0.7269462569621463,1.0,1.7120538526476878,1.0,0.3197663311539676,0.0,INDUSTRIAL_PERSISTENT_SOURCE
324.2700798643713,296.9633590322504,27.306720832120902,31.811543408794567,3.4907803866710934,660.6524291592614,0.09301920237748829,1.0,0.7,25,0.9398219259844078,1.3441283821093353,0.6587099745614322,1.0,3.1701208602993525,0.0,-0.15124725285796542,0.0,MINING_COAL_FIRE
340.700370074686,298.04954886144986,42.650821213236156,22.26472479173781,3.1469382559439376,1035.298208822586,0.09030164242647232,1.0,0.75,8,0.9070312706850134,1.7701789952640543,0.8079784827769367,1.0,0.17691818425004135,1.0,0.004787129628860187,0.0,INDUSTRIAL_PERSISTENT_SOURCE
384.7612332650263,304.9747400303439,79.78649323468238,221.3488513436326,5.404247550960148,1311.8514963173066,0.24796140924194965,0.0,1.0,2,0.4766315096186651,1.2761597697019038,0.12526944314271155,0.0,1.0218862141408547,1.0,5.349649587881027,1.0,INDUSTRIAL_ACCIDENTAL_FIRE
382.11228474210924,306.1418988621318,75.97038587997741,127.68344032556926,4.857355437524546,1301.5101237085041,0.23705824537136402,1.0,0.85,5,0.4233386324486559,1.413629678911124,0.3551044315709194,1.0,1.300717431662535,1.0,5.403768300864716,1.0,INDUSTRIAL_ACCIDENTAL_FIRE
324.573980051955,296.7208537064515,27.853126345503483,12.956839644811197,2.635969685230098,629.3929237867525,0.0945803609871528,0.0,0.85,12,0.9350636969845214,0.7348028047415783,0.7464710596855421,1.0,1.4471573164507567,1.0,-0.3113585377371123,0.0,MINING_COAL_FIRE
332.3696878222362,296.44804386803384,35.92164395420235,15.987747874144375,2.8324923709319174,649.6786853038784,0.09780410988550589,0.0,0.65,1,0.1225416259843879,0.0,0.18220621522072233,0.0,49.95404778605342,0.0,0.0,0.0,AGRICULTURAL_BURNING
325.7571750972995,287.75660847257916,38.00056662472036,98.84543818403054,4.6036233721284265,884.6760809209665,0.14666855541573454,0.0,1.0,3,0.12210084055070415,0.4136099278637476,0.32438601871894335,0.0,33.852314683381444,0.0,0.0,0.0,WILDFIRE_FOREST
355.9738482630993,295.77485884559735,60.198989417501934,34.48560922370064,3.569127240314863,1121.177845192565,0.12539797883500386,1.0,0.75,14,0.8684808901231618,1.5293816290397735,0.8633365451045858,1.0,1.0267381298052007,1.0,0.021865809925516455,0.0,INDUSTRIAL_PERSISTENT_SOURCE
321.37285104609117,296.1927334111907,25.180117634900455,15.783708203017836,2.820408666077279,634.9249410216527,0.08694319324257273,0.0,0.85,11,0.6074627257182494,1.2926424373051475,0.5895711816492403,1.0,0.3676038046529557,1.0,0.31168874213956854,0.0,MINING_COAL_FIRE
388.7216949451689,302.46253504104897,86.25915990411994,170.40252843600322,5.144014757723505,1393.5185135814133,0.26645474258319984,0.0,0.95,5,0.45793159409115225,1.4932389193392441,0.10008313325155961,1.0,1.145309908764766,1.0,2.9146836733157286,1.0,INDUSTRIAL_ACCIDENTAL_FIRE
361.2688117988409,296.8265033462464,64.44230845259449,30.691794793544343,3.4560578080581887,1133.7991702163688,0.133884616905189,1.0,0.9,20,0.9085078178654377,1.5445564892607875,0.775024718187216,1.0,1.2341555598279021,1.0,0.03223708886371979,0.0,INDUSTRIAL_PERSISTENT_SOURCE
328.11250471912365,290.80033916840785,37.312165550715804,22.819285371686167,3.170495562288451,702.0569681488118,0.12160618728775945,0.0,1.0,16,0.8666456830743072,0.9514938410351916,0.5510812719664862,1.0,1.9279443004520531,1.0,0.15398083822888053,0.0,MINING_COAL_FIRE
334.3237374664836,297.5186590800515,36.80507838643206,19.951925044464904,3.0422305297107,701.4064920333711,0.12015736681837731,1.0,1.0,14,0.7720981743025848,1.052012834361398,0.8402279296249041,1.0,0.3990836554443963,1.0,0.1715872319457593,0.0,MINING_COAL_FIRE
355.5442645424411,291.99237579076765,63.55188875167346,34.231106083437815,3.5619293879272265,1119.7971569494732,0.13210377750334693,0.0,0.9,10,0.9699342249799809,1.6416850414359367,0.6515972571713193,1.0,0.48896290156036926,1.0,0.35391830024195814,0.0,INDUSTRIAL_PERSISTENT_SOURCE
343.2349065676246,295.31850292918955,47.91640363843504,42.25020919232867,3.7670020701830387,1061.731762243061,0.10083280727687009,1.0,0.75,35,0.9644010760190735,1.017605367371936,0.7372998168693989,1.0,0.4652791001013442,1.0,0.21477953017031415,0.0,INDUSTRIAL_PERSISTENT_SOURCE
342.66065394650684,293.07479201992584,49.585861926581,42.68306963415583,3.7769606044746724,907.48257372858,0.18528620642193666,0.0,0.85,3,0.24229004468017268,0.2867608405338997,0.24028908931855603,0.0,31.63001423298814,0.0,0.0,0.0,WILDFIRE_FOREST
357.6775659726816,300.8908692939044,56.78669667877716,88.30566056475283,4.49206487405663,911.9035514001886,0.2092889889292572,1.0,1.0,2,0.10023828225716283,0.24806833800220518,0.3575263536415938,0.0,82.02112451147207,0.0,0.0,0.0,WILDFIRE_FOREST
334.6014736788114,302.57084687423924,32.03062680457214,4.437453596114274,1.6933108623304376,644.5828057352844,0.08807656701143035,0.0,0.8,1,0.03585015372226549,0.0,0.22230132685514126,0.0,51.98192079425224,0.0,0.0,0.0,AGRICULTURAL_BURNING
368.59596102001046,302.7266123996508,65.86934862035969,136.32587698792858,4.922356765430237,1224.8346360147966,0.20819813891531339,0.0,0.95,1,0.3519180855290204,1.2874129909878518,0.3492947064735547,0.0,1.7000919818469085,1.0,3.99340244549142,1.0,INDUSTRIAL_ACCIDENTAL_FIRE
368.9506071030862,307.8705726889503,61.08003441413592,247.10757657939783,5.513862428640971,1215.2491397261115,0.19451438404038834,1.0,1.0,4,0.46248987418801757,0.917795011955399,0.39275476736445436,1.0,1.3484610266494754,1.0,4.243584546089794,1.0,INDUSTRIAL_ACCIDENTAL_FIRE
376.72265456988913,300.2215042316556,76.50115033823351,147.69786296538567,5.001916481912843,1340.7901904143596,0.23857471525209575,1.0,0.95,3,0.3665815556575832,1.0904798507800548,0.34947218667589086,1.0,0.50190428441578,1.0,6.807149288210211,1.0,INDUSTRIAL_ACCIDENTAL_FIRE
338.5770452767386,288.9466011045195,49.630444172219086,16.063372869107994,2.836934228800534,734.6874769092911,0.15680126906348313,0.0,0.7,29,0.6470962977355021,1.1258862096160482,0.8196818343752345,1.0,1.28421801911304,1.0,0.07000720473426436,0.0,MINING_COAL_FIRE
336.22477384047613,290.0812623636697,46.14351147680645,26.366692312356516,3.309326664903957,886.918004617395,0.17381170492268816,0.0,1.0,2,0.10923689042192414,0.1740350190521948,0.3180306468310581,0.0,18.446828648956178,0.0,0.0,0.0,WILDFIRE_FOREST
359.7601893168874,287.879013911987,71.88117540490043,115.36273731087927,4.756712357850813,994.8267207866147,0.25960391801633476,0.0,0.85,1,0.24192308865768622,0.4421837011946711,0.37845665043890686,0.0,56.768948660837026,0.0,0.0,0.0,WILDFIRE_FOREST
326.3568454990526,298.848421463195,27.508424035857615,9.325534988099939,2.3346199523328357,624.2075275285988,0.07677106008964404,0.0,0.8,1,0.05010314733870902,0.0,0.3246505857690152,0.0,27.127944121726365,0.0,0.0,0.0,AGRICULTURAL_BURNING
328.94127883747103,295.19755010758126,33.74372872988977,6.138141852999063,1.965452497803968,654.2736731110185,0.09235932182472442,0.0,0.8,1,0.07657231975666441,0.0,0.23331550799141684,0.0,48.180390492306394,0.0,0.0,0.0,AGRICULTURAL_BURNING
335.7056011876287,288.39183713039284,47.31376405723586,22.2840956520508,3.147770537460268,694.4407793108131,0.15018218302067388,0.0,0.7,22,0.882242609002285,0.8640810176066149,0.5937786938777,1.0,1.0877320034458426,1.0,-0.3574365120593622,0.0,MINING_COAL_FIRE
322.1631206760232,300.6339471891983,21.529173486824902,18.51639821548394,2.971255046310082,619.5408040064491,0.07651192424807116,1.0,1.0,22,0.6338565326233961,1.2945881115645235,0.6084381350912805,1.0,3.0525471121704624,0.0,0.20176782412319139,0.0,MINING_COAL_FIRE
314.44871747139575,302.017438065666,12.431279405729754,22.412741947499708,3.1532804018331886,536.5110948346507,0.03907819851432438,0.0,0.65,2,0.06948785074113929,0.0,0.10344939171918933,0.0,21.619720227696167,0.0,0.0,0.0,AGRICULTURAL_BURNING
332.088533543405,291.4610141490918,40.6275193943132,42.5161296954551,3.7731316669628674,999.7532937218938,0.08625503878862639,0.0,1.0,13,0.8964181481964608,1.5152331826996823,0.6508526460991918,1.0,0.7846073105213932,1.0,0.35439949284512284,0.0,INDUSTRIAL_PERSISTENT_SOURCE
329.841150904456,300.3555529451918,29.485597959264226,8.888009513353119,2.291322862825827,659.6983705135651,0.0992445655978978,0.0,0.7,16,0.6851086507340052,1.1017171135356802,0.6230447429817463,1.0,0.8166779554449046,1.0,0.5356558860047889,0.0,MINING_COAL_FIRE
329.59276274270155,302.1538768278535,27.438885914848072,8.298915587774585,2.2298977898953996,643.1192345504483,0.07659721478712017,0.0,0.4,2,0.04696190509281624,0.0,0.1790450131428709,0.0,14.349796321140067,0.0,0.0,0.0,AGRICULTURAL_BURNING
336.59952088439235,290.4592342268222,46.14028665757013,22.428933012830026,3.1539717121242425,772.1405119309046,0.14682939045020038,0.0,1.0,17,0.705574646257513,0.9649302353695572,0.7740540924681931,1.0,3.3180076196113193,0.0,-0.45109467918297946,0.0,MINING_COAL_FIRE
341.73495210054443,294.6340635843565,47.10088851618792,19.141221662416704,3.0027685439620195,740.0253892251567,0.14957396718910837,0.0,0.85,25,0.8253887181498218,1.384530033100332,0.8479921582923393,1.0,1.552394284888232,1.0,0.318558410966185,0.0,MINING_COAL_FIRE
328.06160915155453,291.3572712908464,36.70433786070811,33.57794922027408,3.5432161731256056,1001.6809550319133,0.07840867572141622,0.0,0.9,17,0.7432877236740817,1.1972769188011907,0.6559177239389526,1.0,0.7621615546167322,1.0,1.0722511430802693,0.0,INDUSTRIAL_PERSISTENT_SOURCE
314.86755428095387,293.4541565199669,21.41339776098698,22.51236455783915,3.157526434178411,598.6539654667795,0.061533494402467456,0.0,0.8,1,0.17258813250368082,0.0,0.23086262926678697,0.0,21.531013681158434,0.0,0.0,0.0,AGRICULTURAL_BURNING
336.58733101068134,298.0343056510241,38.55302535965723,38.714040658022306,3.6817047941348333,996.7703616565614,0.08210605071931446,0.0,1.0,37,0.9778556106890878,1.4791717443367705,0.6545639285586067,1.0,1.6484785291213715,1.0,1.1807484187092747,0.0,INDUSTRIAL_PERSISTENT_SOURCE
316.40182712681644,304.6683521358826,11.733474990933814,7.4321134739752335,2.132047449248212,580.6582299588886,0.03733368747733454,0.0,0.8,1,0.10139618212705027,0.0,0.1278933977538478,0.0,16.036526417864334,0.0,0.0,0.0,AGRICULTURAL_BURNING
389.5335598957083,300.9891591283494,88.54440076735892,204.14600051392515,5.323721923274931,1346.9164899213386,0.27298400219245406,1.0,1.0,4,0.5164007723831253,1.0082839159231745,0.2977576975006556,1.0,0.9352422126657007,1.0,5.5746341451562325,1.0,INDUSTRIAL_ACCIDENTAL_FIRE
338.83254862361025,301.421238314637,37.41131030897327,20.22213308296638,3.055044650422518,975.603997326921,0.07982262061794655,1.0,0.9,20,0.8562576165024041,1.54332962291815,0.8690732498810771,1.0,1.1028579408940287,1.0,0.32963662792039417,0.0,INDUSTRIAL_PERSISTENT_SOURCE
335.7255693701281,296.1265792887838,39.59899008134431,10.166952836809429,2.412958777011504,704.1282596790662,0.12813997166098373,0.0,0.7,5,0.862252519082553,1.157744958948026,0.7782008914502667,1.0,2.8137219516019054,1.0,0.35741109362043144,0.0,MINING_COAL_FIRE
370.60743321825385,298.27713921686154,72.3302940013923,131.55116721034395,4.886968738507987,1289.206774633031,0.22665798286112085,1.0,0.85,5,0.3264792517261783,1.4145891478893844,0.31192666831555677,1.0,0.7336936942253937,1.0,4.370034838643215,1.0,INDUSTRIAL_ACCIDENTAL_FIRE
368.9150379235155,305.9158795465084,62.99915837700712,217.3314448139593,5.386014297222677,1239.4427564855562,0.19999759536287748,0.0,1.0,2,0.5989823234238942,1.3634746112794782,0.11833695345820143,0.0,0.8239414839092285,1.0,4.6475883655291845,1.0,INDUSTRIAL_ACCIDENTAL_FIRE
325.80962882050653,290.9293677800159,34.88026104049061,11.933168498587577,2.559795212925332,693.887890408523,0.11465788868711603,1.0,1.0,20,0.7471537127478378,0.8133127196133225,0.568802880470441,1.0,2.4391305639948957,1.0,-0.39620938924447974,0.0,MINING_COAL_FIRE
348.7083312890492,295.21065410458846,53.49767718446077,61.826596780885524,4.140378499435923,950.8977299232242,0.19832559061486923,0.0,0.85,3,0.22840570283273123,0.42944067246217665,0.37663835875406887,0.0,49.24917317410739,0.0,0.0,0.0,WILDFIRE_FOREST
337.8723041024671,289.2301611181228,48.64214298434433,46.080961402000696,3.8518687027868217,1058.4759983336508,0.10228428596868867,0.0,0.75,26,0.9800001962880822,1.3477647841869902,0.7327846484471563,1.0,0.6707149538034199,1.0,-0.2835463734800341,0.0,INDUSTRIAL_PERSISTENT_SOURCE
345.93558073950555,297.11226486898175,48.8233158705238,97.98640065815287,4.594982473609503,900.0900384562972,0.18274438623507933,0.0,0.85,1,0.19849126053995747,0.4087885931699091,0.302974578469623,0.0,73.06055042695174,0.0,0.0,0.0,WILDFIRE_FOREST
341.6804721043309,296.5657911777606,45.11468092657026,69.69294059328236,4.25834571775143,886.04904497598,0.17038226975523418,0.0,0.65,2,0.040892781644125256,0.19145057611789323,0.42541153116065084,0.0,76.99911160288029,0.0,0.0,0.0,WILDFIRE_FOREST
358.43226857983126,293.8942614748703,64.53800710496097,60.965205844626595,4.126573031461237,1129.2027347227731,0.13407601420992193,1.0,0.75,15,0.8696478927456883,1.1201546466470396,0.8738392934715926,1.0,2.116642202793122,1.0,1.078218441465378,0.0,INDUSTRIAL_PERSISTENT_SOURCE
322.5400494265933,294.9698450613603,27.570204365233053,12.696391889324257,2.617132432404477,659.5313714417741,0.09377201247209443,0.0,0.85,25,0.8894957980671898,0.7465091422725302,0.812796199512223,1.0,1.8392052112184476,1.0,-0.03114053856185811,0.0,MINING_COAL_FIRE
387.1563816019089,298.8931237875504,88.2632578143585,223.9660605743975,5.415949548935071,1358.9404420442625,0.27218073661245284,1.0,0.85,3,0.2517439972776563,1.0836039875748846,0.18365508713308018,1.0,0.7276404971178623,1.0,7.117051533021434,1.0,INDUSTRIAL_ACCIDENTAL_FIRE
329.58011746536124,288.0515038455217,41.52861361983952,11.61715792070667,2.5350576273693477,685.3486944122421,0.13365318177097005,1.0,0.85,25,0.6196526589085812,0.7171019165153816,0.8465509209784619,1.0,1.7730807523510328,1.0,-0.08085564594698841,0.0,MINING_COAL_FIRE
361.4779085586945,290.07398015815306,71.40392840054142,48.32633406752733,3.8984580980209294,1192.556850066853,0.14780785680108283,1.0,0.9,23,0.7744811566244469,1.3656893038316669,0.7797067976440294,1.0,0.9568266794669172,1.0,-0.7399595485653274,0.0,INDUSTRIAL_PERSISTENT_SOURCE
323.3539322248253,300.0348269411432,23.31910528368212,30.71337281580884,3.456738447315559,803.0109402275301,0.09773035094560707,0.0,0.65,3,0.06753477569148744,0.32577894218837516,0.3098046162775628,0.0,54.78678546280128,0.0,0.0,0.0,WILDFIRE_FOREST
336.4067086067984,300.0121962256917,36.39451238110672,32.260855467947955,3.504381194057823,848.6543568935257,0.14131504127035574,0.0,0.85,2,0.03099654465157035,0.31912705186964613,0.32473863181087076,0.0,27.54995513437805,0.0,0.0,0.0,WILDFIRE_FOREST
329.096808412861,292.7002214463134,36.3965869665476,17.409055377368464,2.9128426836281043,697.4018287900657,0.1189902484758503,1.0,0.7,12,0.8161971774881355,1.0863159594830474,0.7871477068744992,1.0,2.6090232281632892,1.0,0.48964558692798954,0.0,MINING_COAL_FIRE
345.7651099354557,298.25452675712313,47.51058317833258,123.23802598941003,4.822199290026263,850.4761332289879,0.17836861059444192,0.0,0.85,2,0.07829434959018387,0.15938137843985162,0.345197225099762,0.0,59.70993296479908,0.0,0.0,0.0,WILDFIRE_FOREST
333.89546625100803,298.8718046243758,35.02366162663225,43.709684459654184,3.8001901327317027,967.4609209044066,0.07504732325326449,1.0,1.0,16,0.7094165237906069,1.499085450563364,0.7980439994218633,1.0,1.121670996758461,1.0,0.6466606079879262,0.0,INDUSTRIAL_PERSISTENT_SOURCE
369.2025204570957,305.25661513309234,63.94590532400338,419.68703361001064,6.041889169132696,1197.6376725638888,0.20270258664000965,0.0,0.95,1,0.5743348974623372,1.3670793762754265,0.4034753115030363,0.0,1.585402875873922,1.0,6.131881685477557,1.0,INDUSTRIAL_ACCIDENTAL_FIRE
374.5491228407704,304.84650085430667,69.70262198646373,162.06437761288527,5.09414507751297,1252.4328993509303,0.2191503485327535,0.0,0.85,5,0.4973268864050877,0.9797204474168306,0.3814334843717575,1.0,1.5542236946063894,1.0,6.270977628999438,1.0,INDUSTRIAL_ACCIDENTAL_FIRE
324.6324003717766,297.60496562030886,27.02743475146775,24.31876839064082,3.2315459543330856,652.1263723919659,0.09222124214705071,1.0,0.7,10,0.8391324407983587,1.1346227932195458,0.673044915966592,1.0,1.963501298116337,1.0,0.22214154540448983,0.0,MINING_COAL_FIRE
355.99180725489754,288.8499476380343,67.14185961686326,112.41442344128328,4.731048574045823,1019.4901468759701,0.2438061987228775,0.0,0.85,3,0.24595086233323682,0.18788930038665214,0.474655018615009,0.0,37.07143268046272,0.0,0.0,0.0,WILDFIRE_FOREST
357.2500813402808,289.17236115412527,68.07772018615555,40.490165567420206,3.72545642487478,945.6307976142265,0.2469257339538518,0.0,0.85,2,0.12286066559654381,0.2599508082819292,0.32004364018536774,0.0,52.49249795785104,0.0,0.0,0.0,WILDFIRE_FOREST
333.1705861725181,294.3227009186128,38.847885253905304,17.900621614746328,2.939194811193861,680.5959454688884,0.10511971313476326,0.0,0.65,1,0.07712296996005358,0.0,0.38680237735486045,0.0,23.52726601968478,0.0,0.0,0.0,AGRICULTURAL_BURNING
345.2882872004729,291.49352757974225,53.794759620730645,42.31897527216065,3.768590767009073,1086.5365328804376,0.1125895192414613,1.0,1.0,7,0.7607311245383377,1.3245288902020886,0.9379351359313144,1.0,1.8628193470014243,1.0,0.6744384471426095,0.0,INDUSTRIAL_PERSISTENT_SOURCE
391.1190164445047,308.62721705577894,82.49179938872578,190.6594202414987,5.255719943978863,1331.5707038747582,0.2556908553963594,1.0,1.0,4,0.4969027784837059,0.9077299332856417,0.15223731440951588,1.0,1.3231761528939163,1.0,3.8163774824766854,1.0,INDUSTRIAL_ACCIDENTAL_FIRE
366.89319107346637,302.54452835914225,64.34866271432412,183.4977340556105,5.217637181863757,1229.686020195212,0.20385332204092604,1.0,0.85,5,0.40900521568804893,1.1004046443708253,0.12621354470069432,1.0,1.2273229759321171,1.0,3.912065978725284,1.0,INDUSTRIAL_ACCIDENTAL_FIRE
346.3324967034635,291.8264014924857,54.50609521097783,38.432804267019364,3.6745980654980612,1099.1674391998997,0.11401219042195566,0.0,0.9,43,0.8706260498731204,1.5313491913186494,0.7878030966781869,1.0,1.6939704727214908,1.0,-0.6059635635258211,0.0,INDUSTRIAL_PERSISTENT_SOURCE
377.21319467376884,298.92413781796336,78.28905685580548,154.0260072636468,5.043592891642002,1325.996717729778,0.24368301958801566,1.0,0.85,3,0.46604491475312115,1.468580645104191,0.28290180976786083,1.0,0.6604359344465889,1.0,6.079454497545118,1.0,INDUSTRIAL_ACCIDENTAL_FIRE
342.8601661715974,297.94985102486714,44.910315146730284,132.15033671571769,4.891478841101788,911.5675042609273,0.16970105048910095,0.0,0.85,3,0.22468414285472252,0.24059169899656502,0.43972202584585884,0.0,15.194906845477254,0.0,0.0,0.0,WILDFIRE_FOREST
325.5804503924053,290.72780935230946,34.85264104009582,28.43807988248805,3.3822890703507897,827.6242543765287,0.13617547013365272,1.0,1.0,2,0.12534547872272553,0.1815615686725841,0.47894032589231683,0.0,75.88866658248722,0.0,0.0,0.0,WILDFIRE_FOREST
336.07301152812556,289.22621325647305,46.84679827165252,17.112415298319846,2.896597631214602,750.5032601447315,0.14884799506186436,1.0,0.7,25,0.9404168121280405,0.9427903131958315,0.8202639696964544,1.0,1.8974298294013114,1.0,0.45325840458417,0.0,MINING_COAL_FIRE
324.54706700342587,299.43578762122,25.11127938220585,30.274914688095038,3.4428163285505344,796.9294018124897,0.10370426460735284,0.0,0.65,2,0.17913264062226242,0.33841039265382666,0.3252368213281225,0.0,62.5027567871287,0.0,0.0,0.0,WILDFIRE_FOREST
347.24472408956655,287.9597324754497,59.28499161411685,63.98436798660292,4.174146748458874,972.8979094982412,0.2176166387137228,0.0,0.65,2,0.21793840246786683,0.10668417946112155,0.4120618536630316,0.0,58.7149401838883,0.0,0.0,0.0,WILDFIRE_FOREST
321.85279023494104,294.7729521577248,27.079838077216266,6.557906682517907,2.022594258002425,628.4021532325185,0.07569959519304068,0.0,0.8,2,0.1260372264521499,0.0,0.2402974372564123,0.0,14.170328629293879,0.0,0.0,0.0,AGRICULTURAL_BURNING
370.01101838276224,311.8763607659177,58.13465761684455,181.77562121746837,5.208259286983443,1182.296248840718,0.186099021762413,0.0,0.95,4,0.5689128676416227,0.961468868202431,0.1617848112019279,1.0,0.45542547742102596,1.0,6.704019833427935,1.0,INDUSTRIAL_ACCIDENTAL_FIRE
357.6615580187374,297.83950673662224,59.82205128211518,75.96078397271091,4.343295993061165,939.8874402097658,0.2194068376070506,1.0,0.65,3,0.1871190958068624,0.21616719971412385,0.38732747815531776,0.0,21.50419557053677,0.0,0.0,0.0,WILDFIRE_FOREST
355.1517007064947,295.49954989598007,59.65215081051463,20.592747389244657,3.0723574892906305,942.7205438691607,0.2188405027017154,0.0,0.85,1,0.2137083184483598,0.3899748992504942,0.494167382272788,0.0,77.01334448889936,0.0,0.0,0.0,WILDFIRE_FOREST
352.85061247057155,298.4412024587248,54.409410011846774,22.10644638410087,3.1401116428433546,947.7865499981889,0.20136470003948923,1.0,0.85,1,0.1710311000232544,0.21388664824643383,0.24522109790935054,0.0,70.5420813632901,0.0,0.0,0.0,WILDFIRE_FOREST
331.1090127630306,289.846286573575,41.26272618945558,22.52537642826037,3.1580796865447165,724.1357230125095,0.13289350339844452,1.0,0.85,23,0.9405002053196595,1.0839405122671404,0.5771646430874704,1.0,2.6559614168304173,1.0,0.1480372951447385,0.0,MINING_COAL_FIRE
322.33868579852646,288.8294726517398,33.509213146786635,59.390403330098714,4.100830207053902,829.1264334849905,0.13169737715595545,0.0,1.0,1,0.052961308343390454,0.32059941382372004,0.3618726888686184,0.0,62.31702991969785,0.0,0.0,0.0,WILDFIRE_FOREST
351.66506783762986,293.13712828779455,58.52793954983531,52.35942668891683,3.977050657338945,1080.6527044028346,0.12205587909967062,1.0,0.9,12,0.7387906015723306,1.3587619590035436,0.7767337370092637,1.0,0.2553581368816215,1.0,0.4984575590819269,0.0,INDUSTRIAL_PERSISTENT_SOURCE
353.0642755334253,294.0058099202812,59.05846561314411,39.058328070425695,3.6903365937308124,945.1633325162387,0.2168615520438137,0.0,0.85,2,0.1043429890152161,0.28556774407516566,0.47043937284341214,0.0,36.70907725686237,0.0,0.0,0.0,WILDFIRE_FOREST
354.8570463278159,293.4016641892411,61.455382138574805,22.517200626446904,3.1577320949624665,962.6701997260855,0.22485127379524933,0.0,0.65,2,0.24400514337728482,0.13635582659758366,0.413043511278951,0.0,53.76672207840722,0.0,0.0,0.0,WILDFIRE_FOREST
320.11414851912934,297.5396856828771,22.574462836252223,2.712490687172421,1.3117029956199264,610.0301551981065,0.06443615709063055,0.0,0.65,1,0.050577109843320596,0.0,0.1455019421630094,0.0,52.74539518562255,0.0,0.0,0.0,AGRICULTURAL_BURNING
330.5491532890014,296.28619003501296,34.26296325398846,13.517431501492355,2.6753500999124755,646.4290605955601,0.09365740813497114,0.0,0.8,1,0.03533717555978527,0.0,0.17330964738781512,0.0,8.353444575774251,0.0,0.0,0.0,AGRICULTURAL_BURNING
387.38621772445515,307.2264974788515,80.15972024560364,122.51963008959225,4.816400091530986,1317.4040140785796,0.2490277721302961,1.0,0.95,3,0.15605423761744372,1.123362855669669,0.44705594310459584,1.0,1.453728476723278,1.0,6.266289289457333,1.0,INDUSTRIAL_ACCIDENTAL_FIRE
333.07468516548084,298.81819752602934,34.25648763945151,26.40557350367947,3.3107464052515447,847.0231448820339,0.13418829213150502,0.0,0.85,2,0.19584965515313346,0.3101594905463008,0.23012034301268036,0.0,84.92769070182736,0.0,0.0,0.0,WILDFIRE_FOREST
390.6509060485981,300.899061328952,89.7518447196461,146.1830185222397,4.991676836339916,1375.4519084927203,0.27643384205613175,1.0,1.0,4,0.2976209012448211,1.1609615840995176,0.26215277864547887,1.0,0.17452699905350744,1.0,4.9620112592297545,1.0,INDUSTRIAL_ACCIDENTAL_FIRE
338.6996597809826,289.21522597204614,49.484433808936444,14.676756262362105,2.752179122498675,743.5822622269408,0.1563840965969613,0.0,0.7,22,0.7008612194723023,0.8690381253452313,0.7617927325374709,1.0,0.24237397650893006,1.0,0.0002789673642183965,0.0,MINING_COAL_FIRE
343.06812255491843,297.4904406210527,45.57768193386573,44.914719889930566,3.8267857604246522,1016.1621434099599,0.09615536386773148,1.0,1.0,18,0.9256154835366517,1.2685031438645782,0.9128941909746526,1.0,1.9010768393363109,1.0,0.32825388752399287,0.0,INDUSTRIAL_PERSISTENT_SOURCE
338.3143855952818,293.89258614722104,44.42179944806077,38.68485841962266,3.680969714932157,1018.8063793746852,0.09384359889612154,0.0,1.0,21,0.74416417164962,1.4580012001296676,0.7520668983353771,1.0,0.4116396551426454,1.0,0.05501511518529911,0.0,INDUSTRIAL_PERSISTENT_SOURCE
313.50841627818807,306.5831249172629,6.925291360925144,12.405028236541114,2.5956298781042877,542.5815977237996,0.02531322840231286,0.0,0.4,1,0.06962804650739034,0.0,0.2727216797478042,0.0,34.96487380985839,0.0,0.0,0.0,AGRICULTURAL_BURNING
356.3607144578019,295.3455604778678,61.0151539799341,43.72418456574226,3.800514397048413,1116.203288768045,0.1270303079598682,1.0,1.0,11,0.8009278193247286,1.0426825426499313,0.8938079130127347,1.0,1.6824050258855854,1.0,0.1409466393543135,0.0,INDUSTRIAL_PERSISTENT_SOURCE
348.37150865313413,291.0527499540307,57.318758699103455,64.7344940318651,4.185623811030105,923.6362004910047,0.2110625289970115,0.0,0.65,3,0.2371812167207767,0.3072225077142208,0.36203501280884604,0.0,19.593259381042454,0.0,0.0,0.0,WILDFIRE_FOREST
352.73923767427607,292.7880046604395,59.95123301383654,61.993824694465566,4.143036700864419,945.6666008205002,0.21983744337945513,0.0,0.85,2,0.14672891516940845,0.29036444724960164,0.42186534462049785,0.0,48.97842855934349,0.0,0.0,0.0,WILDFIRE_FOREST
342.37135580727744,297.7723373029442,44.59901850433323,58.31624997545133,4.082883298404491,1033.5441725084193,0.09419803700866647,1.0,0.75,14,0.8199072465953708,0.9661954310786514,0.7168244973137565,1.0,0.584705478062722,1.0,-0.2871856836226201,0.0,INDUSTRIAL_PERSISTENT_SOURCE
345.23820059536143,289.591971693017,55.64622890234443,23.736040601936487,3.2082613138144214,924.9719316760505,0.20548742967448144,0.0,1.0,1,0.23149853844705556,0.24582114754179402,0.3060913589420331,0.0,75.32050026539343,0.0,0.0,0.0,WILDFIRE_FOREST
350.92598150580085,302.69933171037417,48.22664979542668,43.50914750104633,3.795694729868524,1037.6014719160878,0.10145329959085336,1.0,0.75,44,0.738223980670037,1.602629373754466,0.9230588372434089,1.0,2.168609600017105,1.0,-0.2499504550244045,0.0,INDUSTRIAL_PERSISTENT_SOURCE
328.96792712713005,297.26630485855685,31.701622268573203,6.978401046320872,2.076738021249711,621.0292886817341,0.08725405567143302,0.0,0.4,2,0.16437264843003047,0.0,0.24147840168303816,0.0,19.698583628907876,0.0,0.0,0.0,AGRICULTURAL_BURNING
345.05777164421846,298.88202252675245,46.17574911746601,32.34709310686272,3.5069706053501872,1022.1296244409151,0.09735149823493203,1.0,0.9,11,0.8406711436513816,1.6270483066439603,0.8578635283089957,1.0,0.26684406670489336,1.0,0.8367212827904333,0.0,INDUSTRIAL_PERSISTENT_SOURCE
350.37727689553833,290.88203483014934,59.49524206538899,25.220620890592123,3.2665461580930244,926.5863565080874,0.21831747355129663,0.0,1.0,1,0.08619851107651465,0.10750395331808965,0.42159579517644263,0.0,60.7813022393461,0.0,0.0,0.0,WILDFIRE_FOREST
330.17427120820923,300.3738866604185,29.800384547790713,26.0307982257535,3.29697689095678,666.0841710738849,0.10014395585083061,1.0,0.7,27,0.6264074774178823,1.3620538903591926,0.7112137563741123,1.0,1.2329232585114573,1.0,0.037372414727128045,0.0,MINING_COAL_FIRE
331.8949345172188,297.29189381793157,34.60304069928725,31.665625076673074,3.4863233040861448,808.9651193619147,0.13534346899762417,1.0,1.0,2,0.16592118646872103,0.29015061649972057,0.49275562380307664,0.0,38.697257574070434,0.0,0.0,0.0,WILDFIRE_FOREST
336.2609275874554,297.63463433686525,38.62629325059015,32.29538183135469,3.5054187036258164,1009.7768587805938,0.08225258650118031,1.0,0.75,18,0.8770142213267755,1.227035887648288,0.7893536751512232,1.0,0.6218676729065918,1.0,0.5434896809549667,0.0,INDUSTRIAL_PERSISTENT_SOURCE
327.4674726235172,307.0578432331378,20.409629390379393,11.727198596819834,2.5437413252583867,586.6381479561749,0.059024073475948485,0.0,0.8,1,0.13260755587352094,0.0,0.16462657108218443,0.0,10.932538614433337,0.0,0.0,0.0,AGRICULTURAL_BURNING
343.4110936656707,300.797637183867,42.61345648180372,26.903837500637746,3.3287642241946234,1019.6654887882814,0.09022691296360745,1.0,0.75,38,0.9362412662475159,1.222854317591489,0.808780234443077,1.0,1.2872798230006164,1.0,0.22703573348354,0.0,INDUSTRIAL_PERSISTENT_SOURCE
351.16964392445925,291.80423441457845,59.365409509880806,30.932484783031747,3.4636238233992316,1118.9560661346889,0.12373081901976161,1.0,1.0,38,0.969830094158059,1.765441823017391,0.8808926491650964,1.0,1.9465387876524236,1.0,1.1909672214664397,0.0,INDUSTRIAL_PERSISTENT_SOURCE
325.9960866913562,293.2095583164779,32.78652837487829,13.81038439140368,2.6953285827979623,673.2439527314009,0.1086757953567951,1.0,0.85,15,0.8311946156104242,1.2811402314595348,0.7136923379780695,1.0,1.7257622351407513,1.0,0.601827339165147,0.0,MINING_COAL_FIRE
324.9578607776401,303.6538037576107,21.304057020029404,15.857127752399311,2.8247735793658415,612.6027881674302,0.06126014255007351,0.0,0.8,2,0.12222030552473215,0.0,0.19157996140368,0.0,22.552273382438333,0.0,0.0,0.0,AGRICULTURAL_BURNING
350.74060788624604,297.6994330358317,53.041174850414336,60.341587810505,4.116458043752209,929.7179172149538,0.19680391616804777,0.0,0.65,1,0.04343484858078106,0.4218611967975028,0.4744795705310889,0.0,46.885043312673204,0.0,0.0,0.0,WILDFIRE_FOREST
324.7623589923717,296.23994424311445,28.522414749257223,21.625651675510536,3.119084292508664,634.6869043137117,0.09649261356930636,1.0,0.85,17,0.9443748705955662,1.0775866228959905,0.7085478669067354,1.0,0.195938278508511,1.0,-0.26284530886415225,0.0,MINING_COAL_FIRE
325.89122340659014,287.97287835828564,37.9183450483045,85.39806484796871,4.458965277966225,824.6482625690958,0.14639448349434833,1.0,0.65,1,0.24939765916717702,0.24212670232846167,0.4619478077568214,0.0,61.365460526908095,0.0,0.0,0.0,WILDFIRE_FOREST
340.78190476371196,296.02309133638136,44.75881342733061,45.3891673041106,3.8370659687019386,1007.0190305016986,0.09451762685466122,1.0,0.75,13,0.9356994874561763,1.7542012111994225,0.9495851957493153,1.0,1.930983899060341,1.0,-0.12173836903059465,0.0,INDUSTRIAL_PERSISTENT_SOURCE
382.3602622571718,304.14061586865427,78.21964638851756,251.14679446412302,5.530011435628612,1332.3643358993738,0.24348470396719302,1.0,0.95,4,0.5867116190408302,1.051405720766362,0.23434650315372868,1.0,1.3192009057264888,1.0,4.78208835630524,1.0,INDUSTRIAL_ACCIDENTAL_FIRE
324.132987594559,298.6599166145333,25.473070980025682,19.689518835184973,3.0296272355752345,630.724763193232,0.07168267745006421,0.0,0.8,2,0.05340334619911605,0.0,0.23822444049831157,0.0,43.32075501153079,0.0,0.0,0.0,AGRICULTURAL_BURNING
339.52497748987594,290.14622093125973,49.3787565586162,46.066830559579415,3.851568518529008,1045.91091126749,0.10375751311723241,1.0,1.0,31,0.7474309611400072,1.3462375253836854,0.8696713742276863,1.0,1.8901984238368033,1.0,0.10454902457827786,0.0,INDUSTRIAL_PERSISTENT_SOURCE
326.7058889615176,293.82837243895636,32.87751652256122,13.274273875081324,2.6584588873538313,683.143917026877,0.10893576149303207,0.0,0.85,21,0.8922292811247994,1.2299932342028606,0.619179830455055,1.0,1.34045960821013,1.0,0.6430492139124084,0.0,MINING_COAL_FIRE
328.61001646095934,298.64042416334144,29.969592297617908,24.305320039153052,3.2310146518555003,785.4281530724658,0.1198986409920597,0.0,0.85,1,0.19167642355414413,0.19548793410807078,0.24751190615876006,0.0,32.755337149415276,0.0,0.0,0.0,WILDFIRE_FOREST
317.612825847297,293.80478246014536,23.808043387151656,11.715879740276428,2.54285158564904,606.8072651947252,0.06752010846787915,0.0,0.65,1,0.04502373994587333,0.0,0.21731268765684075,0.0,28.60907310277103,0.0,0.0,0.0,AGRICULTURAL_BURNING
334.28717782015025,291.15678407451344,43.13039374563681,9.294953680307728,2.331653841228031,716.5504854373371,0.13822969641610516,0.0,0.85,7,0.695030802206575,1.306748644556842,0.6287607086487772,1.0,1.6667635131162037,1.0,-0.12066695925915716,0.0,MINING_COAL_FIRE
339.4229904509374,290.3173985430906,49.105591907846815,37.454440026997545,3.649474164629428,1071.8141595060074,0.10321118381569364,1.0,1.0,38,0.8622767041672033,0.9045229530287807,0.778347036991475,1.0,0.8927008318222703,1.0,1.1566509528900948,0.0,INDUSTRIAL_PERSISTENT_SOURCE
368.9262098215505,311.5774946310996,57.34871519045089,216.5179598959657,5.382281421354,1161.5679368509304,0.18385347197271681,0.0,0.85,3,0.5918548348303763,1.0359022235019004,0.3901091780589133,1.0,0.8441316974213687,1.0,4.355180006049108,1.0,INDUSTRIAL_ACCIDENTAL_FIRE
358.50814885549113,295.7732747345389,62.73487412095221,49.988954549999136,3.9316090318170454,1117.6535858176887,0.13046974824190444,1.0,1.0,13,0.7836057833207343,1.3402946238192817,0.752580348072418,1.0,1.0129936955779002,1.0,-0.22636850558593768,0.0,INDUSTRIAL_PERSISTENT_SOURCE
335.5999069913247,298.20847829311555,37.391428698209154,17.693340006359794,2.928167311031759,687.8842562136205,0.12183265342345473,1.0,0.7,24,0.769419180880485,1.3574114627885834,0.5630016199907439,1.0,0.38911034190658655,1.0,0.3005963626296909,0.0,MINING_COAL_FIRE
331.9944161733784,293.4745636957895,38.51985247758887,19.017970590450165,2.996630399640496,688.9592582747723,0.12505672136453963,1.0,0.85,27,0.9035493600611891,1.093566734986899,0.8273221362150964,1.0,1.9165579337762795,1.0,-0.40200046896311825,0.0,MINING_COAL_FIRE
324.9328870775672,298.41613776266274,26.516749314904473,10.96184049116471,2.4817216239041913,670.23906663557,0.09076214089972706,0.0,0.85,7,0.667194493646227,1.204327821976769,0.7598109641804429,1.0,0.4033521180398303,1.0,0.01025261595128335,0.0,MINING_COAL_FIRE
342.53519392625446,292.08360813759066,50.451585788663806,46.0421938411382,3.8510449402821627,1055.1856718898052,0.10590317157732762,1.0,0.75,30,0.7651288909696312,1.6101365437818425,0.7552926871778274,1.0,0.8574704523385484,1.0,0.8808855010920402,0.0,INDUSTRIAL_PERSISTENT_SOURCE
368.96538973261613,304.1579789559937,64.80741077662242,141.3829920971284,4.9585205543244815,1261.9033556961917,0.20516403079034976,0.0,0.95,5,0.20822946524085625,1.068250756163076,0.17571647217078945,1.0,1.1769240140333237,1.0,3.689633135805244,1.0,INDUSTRIAL_ACCIDENTAL_FIRE
371.1865221525242,309.19606269550803,61.990459457016186,156.2527714869118,5.057854520143277,1217.3254292652018,0.19711559844861767,1.0,0.85,4,0.3342244599582894,1.4116060441275575,0.32328399193965857,1.0,0.6338118808008256,1.0,5.932376323376127,1.0,INDUSTRIAL_ACCIDENTAL_FIRE
354.78965190688405,300.6060049723401,54.18364693454396,38.232909455656646,3.6695159215208104,1087.2614918471875,0.11336729386908792,1.0,0.75,28,0.8461277510694694,1.2007938035341033,0.6577227229241649,1.0,1.4327090129812787,1.0,-0.3021129504062545,0.0,INDUSTRIAL_PERSISTENT_SOURCE
329.23901933125126,292.9961292609588,36.24289007029245,12.21224979401535,2.581144413951038,701.5001126744228,0.11855111448654984,1.0,1.0,18,0.735037101105909,1.1573206573384025,0.8411429939325348,1.0,2.9971230613599547,1.0,-0.3825144006357709,0.0,MINING_COAL_FIRE
346.5735646200764,300.29205772373757,46.28150689633884,38.94912687724641,3.6876068165853764,836.9402497944242,0.1742716896544628,0.0,1.0,1,0.12823611763441026,0.21008115027318686,0.410056268249137,0.0,70.0023174927845,0.0,0.0,0.0,WILDFIRE_FOREST
355.89687911836705,288.6706039712829,67.22627514708415,28.97365788855515,3.4003189255510478,1169.3515790839244,0.1394525502941683,1.0,0.75,44,0.7523229084035974,1.066686760479504,0.8543939556043653,1.0,1.6668397993560202,1.0,-0.12239766014577413,0.0,INDUSTRIAL_PERSISTENT_SOURCE
358.87318579541454,291.53530671496065,67.33787908045389,47.66915570012708,3.8850454762555495,1135.959609278534,0.13967575816090777,0.0,0.75,31,0.8210422670331585,1.2504312093432606,0.9320935402783255,1.0,2.000003649196004,1.0,1.0254020207142207,0.0,INDUSTRIAL_PERSISTENT_SOURCE
371.1513598551957,301.52019415316516,69.63116570203056,137.93124296491558,4.933979155819918,1251.229132633869,0.2189461877200873,1.0,0.95,4,0.2643214027517313,1.1487156306521251,0.26667374387615495,1.0,0.5307806447953404,1.0,5.70520273015211,1.0,INDUSTRIAL_ACCIDENTAL_FIRE
334.3206441093159,294.76859467730424,39.55204943201164,19.463009538824316,3.01861884349043,682.8554843116106,0.1068801235800291,0.0,0.4,1,0.10342407345868758,0.0,0.3046687802729752,0.0,17.75917417410286,0.0,0.0,0.0,AGRICULTURAL_BURNING
337.29909743821,289.8238102430029,47.4752871952071,58.26200164487874,4.08196831891009,1048.5423562176513,0.0999505743904142,0.0,0.75,14,0.9262752059669386,1.389780001902265,0.8719389115808297,1.0,1.2322049907173862,1.0,-0.15540505319418307,0.0,INDUSTRIAL_PERSISTENT_SOURCE
350.42952022591936,300.88372868733364,49.54579153858572,93.44022399548783,4.547967084043044,909.6823792490284,0.18515263846195237,0.0,0.65,2,0.07055416375124246,0.3025513037065833,0.30928550038844976,0.0,40.96588034699268,0.0,0.0,0.0,WILDFIRE_FOREST
334.9792369347224,292.39358620052593,42.58565073419646,56.43549988249409,4.050662577006765,1019.3759699790868,0.09017130146839293,1.0,0.75,44,0.7300372041698743,1.7994284389734108,0.8511060918985397,1.0,0.774521951865171,1.0,-0.49449913666476686,0.0,INDUSTRIAL_PERSISTENT_SOURCE
342.5969740339426,294.1182739027554,48.478700131187225,36.7057957523762,3.629813816122964,1052.31465693648,0.10195740026237446,1.0,0.75,22,0.8948637268961085,0.9000475442390672,0.9361762411540167,1.0,0.26840068738910494,1.0,1.1835577566693862,0.0,INDUSTRIAL_PERSISTENT_SOURCE
323.56970939301567,298.13857107512024,25.43113831789543,24.868885607894892,3.2530409186522125,760.9521743414035,0.10477046105965145,0.0,1.0,3,0.24284739493622873,0.2838414713512786,0.41058455029415164,0.0,52.274446939452154,0.0,0.0,0.0,WILDFIRE_FOREST
343.49129115140556,298.53392745411594,44.95736369728962,34.44968714337398,3.5681144276464987,885.8359990554432,0.1698578789909654,0.0,1.0,3,0.2429924845530546,0.1307193473186861,0.3437828240881665,0.0,13.328570227026848,0.0,0.0,0.0,WILDFIRE_FOREST
387.6608423095296,303.9521822428774,83.70866006665216,133.07680399446167,4.898412799892858,1367.0212919998212,0.2591676001904347,1.0,0.95,4,0.24242722776276351,0.9371880036934017,0.11582955111868833,1.0,0.41389791001933046,1.0,6.443124269797238,1.0,INDUSTRIAL_ACCIDENTAL_FIRE
324.7950068025226,300.03375542107955,24.76125138144306,16.898061069720303,2.8846923868523033,648.5364865842321,0.08574643251840874,1.0,0.85,22,0.8549899095316804,0.9557425725009592,0.564203159364832,1.0,0.8898343413981458,1.0,-0.3944637829907992,0.0,MINING_COAL_FIRE
349.5868136144772,286.77618219503654,62.810631419440654,22.26741595315356,3.147053924871938,938.5618587674331,0.2293687713981355,1.0,1.0,2,0.24206170111182482,0.25192284141917015,0.3675418374848405,0.0,14.20401711961477,0.0,0.0,0.0,WILDFIRE_FOREST
328.57734946149526,307.4028264501489,21.174523011346366,5.810161373245164,1.9184158163924345,604.25802796609,0.060936307528365916,0.0,0.65,1,0.1561251205510891,0.0,0.12653672220566098,0.0,40.252372091649654,0.0,0.0,0.0,AGRICULTURAL_BURNING
335.74012586684444,294.8822515236375,40.85787434320696,13.774207784966203,2.692882943239824,704.4329832847151,0.13173678383773418,1.0,0.7,26,0.6773510123136267,1.0617031277614966,0.6047228194795367,1.0,2.5649328363960398,1.0,-0.4641612869134007,0.0,MINING_COAL_FIRE
382.62757613328205,307.81595432184463,74.81162181143742,134.71858508574948,4.910583514616692,1279.318488359171,0.2337474908898212,0.0,0.85,4,0.46374328589213965,1.1151779723000232,0.4351533552793361,1.0,1.2401957995322022,1.0,7.20045555524213,1.0,INDUSTRIAL_ACCIDENTAL_FIRE
333.63230990370295,299.3064943564125,34.32581554729046,17.326705572058685,2.9083593169509863,666.3485342644113,0.11307375870654417,1.0,0.7,15,0.7932651381271576,1.029289433231367,0.633618413000614,1.0,2.0470239584473067,1.0,-0.08423362715889954,0.0,MINING_COAL_FIRE
357.015454940256,301.71510663999726,55.30034830025875,42.34037984032641,3.7690847602674635,1081.1754770915716,0.1156006966005175,0.0,1.0,27,0.8822426203861251,1.7847179982687225,0.9274930844705104,1.0,0.5983214942075943,1.0,-0.2919379644020281,0.0,INDUSTRIAL_PERSISTENT_SOURCE
373.6773170845901,303.17095782125205,70.50635926333803,137.02135625554072,4.927408428658744,1315.3730920096211,0.22144674075239434,0.0,0.95,1,0.34999150914678423,1.2718265071974697,0.1058311649354756,0.0,1.2115497925944274,1.0,5.541544066465761,1.0,INDUSTRIAL_ACCIDENTAL_FIRE
359.69588634256434,288.743406584938,70.95247975762635,18.198384845049237,2.9548261528415414,973.7345664941355,0.2565082658587545,0.0,0.85,3,0.03562293730425014,0.44760977635941646,0.49844390879113165,0.0,46.32817595317826,0.0,0.0,0.0,WILDFIRE_FOREST
336.7310762212344,292.3864242239546,44.34465199727981,53.63154474826475,4.000611458564044,861.4922488723835,0.16781550665759937,0.0,1.0,1,0.08329002618759414,0.3805802169828223,0.3948578386248107,0.0,17.498464548220554,0.0,0.0,0.0,WILDFIRE_FOREST
328.085870950348,288.9042953853234,39.181575565024616,13.741389235876019,2.6906591317010022,686.9217473677656,0.1269473587572132,0.0,1.0,12,0.6519981419425693,0.9336736979868208,0.7173219220993335,1.0,2.0867479626758145,1.0,0.11967662750334207,0.0,MINING_COAL_FIRE
359.0647663130525,295.05425904394855,64.01050726910393,26.284548956081252,3.306320569663416,1129.6791439517547,0.13302101453820786,0.0,1.0,35,0.8950869473351265,1.567625827721555,0.8770114730334408,1.0,1.260749137826966,1.0,-0.29738462571568647,0.0,INDUSTRIAL_PERSISTENT_SOURCE
350.46473136571115,302.2590955736981,48.20563579201303,41.458959045197226,3.7485379398463987,1040.505419671791,0.10141127158402606,0.0,0.9,15,0.7666136714550189,1.4049061527734288,0.6903470319486507,1.0,1.610698941750986,1.0,-0.05478979284584051,0.0,INDUSTRIAL_PERSISTENT_SOURCE
324.0493835256556,301.8097575820205,22.239625943635133,8.47472955357612,2.248628207402933,602.9756578178772,0.06359906485908784,0.0,0.4,1,0.06351614044278624,0.0,0.35457301221874016,0.0,39.673899095040376,0.0,0.0,0.0,AGRICULTURAL_BURNING
394.7531864293775,307.298823983005,87.4543624463725,171.50519521200928,5.15042735318897,1373.748231008753,0.2698696069896357,1.0,0.85,5,0.6447255654825282,1.1447983495273084,0.26911330215978396,1.0,0.3986804202145496,1.0,4.545896134334571,1.0,INDUSTRIAL_ACCIDENTAL_FIRE
325.1114297131032,303.53959196010027,21.57183775300291,9.140601821761392,2.316547347660341,634.5362745150128,0.06192959438250727,0.0,0.65,1,0.10033771218937476,0.0,0.34165093337795904,0.0,59.99586547582471,0.0,0.0,0.0,AGRICULTURAL_BURNING
335.1707351468723,293.51487198538564,41.65586316148665,9.635302934728506,2.3641789329412544,691.4950623112834,0.13401675188996187,1.0,0.85,18,0.8665694404762532,1.3736375961120157,0.5544495527363743,1.0,0.8797443444772473,1.0,0.6467503933524021,0.0,MINING_COAL_FIRE
368.7645889039745,308.81879987531113,59.9457890286634,210.30955092847717,5.3533241243978225,1219.3840246649152,0.19127368293903826,1.0,0.95,5,0.5782467013812868,0.8463156321841083,0.10670441994293853,1.0,0.4646333185866351,1.0,7.158569348755597,1.0,INDUSTRIAL_ACCIDENTAL_FIRE
381.05930394357773,301.01282620824134,80.0464777353364,129.5854016267028,4.872027431319698,1309.34930755953,0.24870422210096113,0.0,0.85,2,0.46464940300536806,0.8768153390742525,0.29178582114079255,0.0,0.07121135562681323,1.0,3.103698395267205,1.0,INDUSTRIAL_ACCIDENTAL_FIRE
333.8273195979867,293.6483886359631,40.17893096202357,25.0609947667094,3.260439743136595,834.1484300444286,0.1539297698734119,1.0,0.65,1,0.22551190041816987,0.1155214016837604,0.292526326648604,0.0,75.00096721492253,0.0,0.0,0.0,WILDFIRE_FOREST
341.51007147864203,288.45981957938307,53.05025189925897,41.83614954568125,3.7573823616540505,939.1092377168907,0.1968341729975299,0.0,1.0,1,0.13257331569767405,0.4108622686324339,0.2734432220182702,0.0,45.833874379838754,0.0,0.0,0.0,WILDFIRE_FOREST
339.3205248886282,289.87434849126026,49.446176397367935,16.019353234510074,2.83435112210064,1078.5989798754244,0.10389235279473588,0.0,0.75,10,0.8355423272798983,0.9882400842998459,0.808045149815124,1.0,0.25228171893112633,1.0,1.1232228845088936,0.0,INDUSTRIAL_PERSISTENT_SOURCE
315.8874068378244,305.56081723912826,10.32658959869616,12.948347420471894,2.635361036767602,582.0879251196304,0.0338164739967404,0.0,0.8,1,0.17584802785404502,0.0,0.1301288669892664,0.0,48.82466652741398,0.0,0.0,0.0,AGRICULTURAL_BURNING
313.42254688243145,298.0625836767121,15.359963205719339,8.009452705178212,2.1982743267318297,581.6320673913748,0.04639990801429835,0.0,0.65,1,0.1167187031344714,0.0,0.20090203686374092,0.0,30.30108722651123,0.0,0.0,0.0,AGRICULTURAL_BURNING
384.00202562950176,301.3620386628947,82.63998696660707,145.91004208653248,4.9898204408606315,1327.6788409282337,0.2561142484760202,1.0,0.85,1,0.38005957949178604,1.4277518869342083,0.26588657409200533,0.0,0.18276082419016187,1.0,4.681412297878323,1.0,INDUSTRIAL_ACCIDENTAL_FIRE
340.5457773686873,292.78107073800544,47.76470663068187,20.08786407588773,3.0486977127325434,737.8380835850145,0.1514705903733768,1.0,0.85,9,0.783822124309981,1.2695590740203415,0.5877456549814938,1.0,2.4324569023318467,1.0,-0.4958824916200796,0.0,MINING_COAL_FIRE
353.8069536337409,295.67221570182573,58.13473793191514,40.63020221508902,3.7288259186317676,1101.5140626479658,0.12126947586383029,1.0,0.9,6,0.9449112440809599,0.9183614496193857,0.8313466946775379,1.0,1.4239776329040381,1.0,1.1721349604192035,0.0,INDUSTRIAL_PERSISTENT_SOURCE
339.5979332419549,298.8036012158906,40.794332026064296,23.22214356695936,3.1872672382119744,681.1222700996404,0.1315552343601837,0.0,0.85,23,0.9121894694714618,1.378838799251386,0.8085444714469266,1.0,1.7300342359833492,1.0,0.441671518532184,0.0,MINING_COAL_FIRE
360.9433777064372,296.59915033129806,64.34422737513916,46.600033320620014,3.8628334612501547,1144.4914142586792,0.13368845475027832,1.0,0.75,18,0.9153919115416861,1.7369479442061038,0.7530594834494883,1.0,0.500131652738236,1.0,0.14713899714929268,0.0,INDUSTRIAL_PERSISTENT_SOURCE
334.3487203249127,303.2859042661352,31.062816058777457,6.189902065518143,1.9726775507108631,682.2834555153989,0.08565704014694364,0.0,0.4,1,0.1404761382172119,0.0,0.2613197712349603,0.0,43.88686384186101,0.0,0.0,0.0,AGRICULTURAL_BURNING
356.98105851242946,300.02367691772815,56.9573815947013,22.141480045608105,3.1416266802045065,935.486355047345,0.20985793864900434,0.0,0.65,2,0.21955233922350045,0.4410111730215449,0.20515189719871088,0.0,23.33785047070956,0.0,0.0,0.0,WILDFIRE_FOREST
347.49567841898283,296.5184522861275,50.97722613285532,117.91583733615458,4.778415993616763,908.8180749782274,0.18992408710951772,0.0,0.65,3,0.033717104464617446,0.23778666436115747,0.290826611185386,0.0,20.924464610761678,0.0,0.0,0.0,WILDFIRE_FOREST
331.62820184948004,297.7433401013544,33.884861748125616,11.911747030552185,2.558137519525896,1006.8323258841715,0.07276972349625123,0.0,1.0,25,0.8815558656044323,1.0978757607320793,0.7834518078021588,1.0,1.9122391103312961,1.0,-0.5752059456479741,0.0,INDUSTRIAL_PERSISTENT_SOURCE
343.1553077778603,290.78885057871844,52.36645719914185,23.384777566025658,3.193959067366287,950.8526882614813,0.1945548573304728,0.0,0.65,2,0.23422437539240376,0.34023028147042517,0.2637111965907493,0.0,40.64898759540108,0.0,0.0,0.0,WILDFIRE_FOREST
353.02242105751606,292.5184694219086,60.50395163560745,25.53236879878115,3.278365451716754,1119.8694042338996,0.1260079032712149,1.0,0.75,7,0.7496692890932094,1.0157616543952728,0.7837336242678411,1.0,1.0301923991941289,1.0,-0.19471931872637094,0.0,INDUSTRIAL_PERSISTENT_SOURCE
388.26515890157,303.5037051748991,84.76145372667088,143.02365401281952,4.969977550064064,1387.621057269749,0.2621755820762025,1.0,0.95,4,0.4221286685076254,1.0408641324946095,0.28219034305670043,1.0,0.293694623873232,1.0,4.5349401109032605,1.0,INDUSTRIAL_ACCIDENTAL_FIRE
335.9454752600624,297.5880274408494,38.35744781921301,51.02678757634613,3.9517587316383973,990.6090632986184,0.08171489563842602,0.0,0.9,15,0.9533666300226171,0.9400581353485542,0.7367410155256283,1.0,0.5337879253754293,1.0,0.933191377191007,0.0,INDUSTRIAL_PERSISTENT_SOURCE
321.05375647228334,298.39829185887106,22.655464613412278,20.840177086892485,3.0837512592180296,644.0084658791236,0.07972989889546366,0.0,0.7,20,0.7785367292287481,1.3067479509809599,0.7132733862950844,1.0,1.4412232993392036,1.0,0.30807450222810706,0.0,MINING_COAL_FIRE
387.04777542184684,305.4403687986503,81.60740662319654,128.30112541373893,4.862143989635826,1357.8716941826738,0.25316401892341867,1.0,1.0,2,0.2999710348885113,0.8106238176007788,0.30349598695370716,0.0,0.5539043496829869,1.0,4.839066437419648,1.0,INDUSTRIAL_ACCIDENTAL_FIRE
392.1829636315566,304.081521117146,88.10144251441062,163.35350072789973,5.102019600326941,1363.1730400965987,0.27171840718403034,1.0,0.85,1,0.4384519423131795,1.1494353659193266,0.30020146972321404,0.0,0.6626372134656825,1.0,3.7176420426508088,1.0,INDUSTRIAL_ACCIDENTAL_FIRE
349.3827749274029,289.7690801231135,59.61369480428942,17.83079364614201,2.9354934897437928,1113.8982892183683,0.12422738960857885,0.0,0.75,30,0.7980605966603044,1.6806191752038222,0.7200827096108711,1.0,1.447771607956761,1.0,-0.27539013723112094,0.0,INDUSTRIAL_PERSISTENT_SOURCE
378.4533656593496,302.1049508037729,76.34841485557666,184.9499552253841,5.225477579582581,1305.5999841815863,0.23813832815879046,1.0,1.0,3,0.25636394751211444,0.8638442721340833,0.2730471066459035,1.0,0.6251629543973529,1.0,6.472091437214652,1.0,INDUSTRIAL_ACCIDENTAL_FIRE
326.01302503905714,298.3484830132263,27.664542025830826,16.227119741575578,2.846484871248433,645.7880934517225,0.09404154864523093,1.0,1.0,6,0.8108268900525851,1.353493618121913,0.6127213855901048,1.0,0.12737891352595607,1.0,-0.34710877497689974,0.0,MINING_COAL_FIRE
352.3445547807193,298.8485229473485,53.49603183337081,23.49584010250207,3.1985033113998234,960.0438805387413,0.19832010611123602,0.0,0.65,3,0.053375469160769184,0.1801455148551091,0.35799267905755927,0.0,47.192826872014145,0.0,0.0,0.0,WILDFIRE_FOREST
338.49641540310995,293.1374861760632,45.35892922704676,10.086925013889054,2.4057664873407214,721.8276261170139,0.14459694064870504,0.0,1.0,22,0.8468524179430873,1.1572021916661304,0.7304400285075058,1.0,3.157355316714073,0.0,0.1244785387843842,0.0,MINING_COAL_FIRE
353.54328597588335,298.1777560422662,55.365529933617154,52.30273838677246,3.9759877067145757,1066.8778079508215,0.11573105986723431,1.0,0.75,24,0.9841959711132617,1.59402244335374,0.8483795918795274,1.0,0.4525340206019668,1.0,0.34973899031614164,0.0,INDUSTRIAL_PERSISTENT_SOURCE
331.43201526891755,290.98516941622785,40.446845852689705,33.67988900932695,3.5461599514841216,1006.8080465860635,0.08589369170537942,0.0,0.75,20,0.9006589353473117,1.759556868413613,0.8332779162450433,1.0,2.199671352980353,1.0,-0.3131147664691787,0.0,INDUSTRIAL_PERSISTENT_SOURCE
377.52184346987445,303.27613632486066,74.2457071450138,142.38659492858173,4.965544443521083,1273.1461472710823,0.23213059184289656,1.0,0.85,4,0.5539328228419906,1.4673820155674666,0.12107943071510412,1.0,1.5828336187498155,1.0,5.324094179287279,1.0,INDUSTRIAL_ACCIDENTAL_FIRE
358.83170762134785,286.8412025389551,71.99050508239276,37.11638230618115,3.6406441715065077,984.5345496484581,0.25996835027464255,0.0,1.0,2,0.1305704098542362,0.21200384623647217,0.30184817451798285,0.0,55.17440159962778,0.0,0.0,0.0,WILDFIRE_FOREST
328.56960738419616,294.74073572392626,33.8288716602699,16.807854856918578,2.8796396440573964,706.1351300893725,0.11165391902934256,0.0,0.85,14,0.8126732981394461,0.7123443803366424,0.7158117298488633,1.0,1.203724061526711,1.0,0.24395015804431075,0.0,MINING_COAL_FIRE
325.95533798028725,295.82352751514077,30.131810465146486,11.911910481147505,2.558150178506929,645.7127897347045,0.10109088704327568,0.0,0.85,14,0.9059596125865974,0.8766149985310465,0.8450245345799283,1.0,3.2618761576537336,0.0,0.2819371763619566,0.0,MINING_COAL_FIRE
343.19064500127917,294.71250371715644,48.47814128412273,42.56781411204521,3.7743186693056385,1044.1568923034354,0.10195628256824546,1.0,0.75,39,0.9740549573320633,1.3874372305186382,0.8388271133351302,1.0,2.1019499647534374,1.0,-0.6702014409231811,0.0,INDUSTRIAL_PERSISTENT_SOURCE
342.825642131068,297.45051866313656,45.37512346793142,57.462710557406865,4.068389124626137,1038.9432519298268,0.09575024693586284,0.0,0.9,25,0.7468634072278261,1.3124548947476458,0.8478336976146914,1.0,0.7624555435780388,1.0,0.721359522441932,0.0,INDUSTRIAL_PERSISTENT_SOURCE
318.2963556016026,296.0495895650441,22.24676603655854,16.823194615017343,2.8805006773008075,631.6621653590156,0.06361691509139636,0.0,0.65,1,0.17822575791095374,0.0,0.29987047120173627,0.0,33.927640459742236,0.0,0.0,0.0,AGRICULTURAL_BURNING
341.42589648222344,295.414612648966,46.01128383325744,10.604782687451678,2.4514173137821507,731.4591251886308,0.14646081095216412,0.0,0.7,11,0.8147812825932644,1.1963542991820528,0.7264126013630283,1.0,3.18338511635026,0.0,-0.08155645384804322,0.0,MINING_COAL_FIRE
324.3946375972641,292.3654568302202,32.0291807670439,25.32163115167775,3.2703910783847556,810.051070100632,0.1267639358901463,0.0,0.85,3,0.13117148970354675,0.14528332587363943,0.35330265070478384,0.0,13.139575424814234,0.0,0.0,0.0,WILDFIRE_FOREST
335.146954536667,296.08338070820764,39.06357382845937,43.402138391606,3.7932876302515366,861.9867001452055,0.15021191276153123,0.0,1.0,3,0.1272237529357728,0.37510017222707837,0.41343627255926874,0.0,81.42540350664825,0.0,0.0,0.0,WILDFIRE_FOREST
393.3936953945122,310.4958151848106,82.89788020970155,265.93840477973384,5.5870179380775005,1332.1543631354486,0.256851086313433,1.0,0.85,4,0.5615804153544296,1.2137912122809615,0.16514756421367177,1.0,0.7840339894252988,1.0,5.359177114531372,1.0,INDUSTRIAL_ACCIDENTAL_FIRE
341.5971235588237,300.2786940027467,41.31842955607698,17.99868409369479,2.9443697185413886,721.408406784704,0.13305265587450565,1.0,1.0,9,0.743200897655913,1.180961930472593,0.6265606372046795,1.0,0.6778044696549446,1.0,-0.23516079949032986,0.0,MINING_COAL_FIRE
330.3463886968846,304.3637574907859,25.982631206098745,14.68943522623442,2.752987570318519,617.3050142384308,0.07295657801524685,0.0,0.65,2,0.1631006231068044,0.0,0.3896318680380323,0.0,33.90975530297272,0.0,0.0,0.0,AGRICULTURAL_BURNING
343.54217093120906,288.9464786360911,54.59569229511794,63.65993057041624,4.169141698532656,887.5559918244293,0.20198564098372646,0.0,0.85,3,0.0673840029870165,0.34231765771840317,0.47342816565594426,0.0,59.80122490221611,0.0,0.0,0.0,WILDFIRE_FOREST
339.8183936915941,298.6915769027536,41.12681678884053,21.41068749874431,3.1095379655548663,1003.8094071204458,0.08725363357768107,1.0,1.0,29,0.7289802443457788,1.2202613201204735,0.7249628630496433,1.0,1.2299123656891797,1.0,-0.06022274870375033,0.0,INDUSTRIAL_PERSISTENT_SOURCE
324.76756319772,302.1276851378802,22.639878059839816,18.500001305479252,2.9704145325173528,619.7882107819925,0.06459969514959954,0.0,0.65,2,0.14986648527671392,0.0,0.13200471924452056,0.0,26.64143028237444,0.0,0.0,0.0,AGRICULTURAL_BURNING
337.1119070740688,301.6831235517229,35.42878352234595,36.89476707371124,3.6348130306218334,983.3688137711758,0.0758575670446919,0.0,1.0,19,0.8013616123391254,1.2377892111957125,0.8380260045626994,1.0,1.4003295112727836,1.0,0.7827258382457718,0.0,INDUSTRIAL_PERSISTENT_SOURCE
393.2694616901958,308.9737974747474,84.29566421544837,349.57182677966836,5.859565612098223,1375.6949390088066,0.26084475490128106,1.0,0.85,2,0.19919782485669865,1.4831935947191548,0.3335726393162499,0.0,0.6709723804495582,1.0,6.392551512442159,1.0,INDUSTRIAL_ACCIDENTAL_FIRE
326.06141629727347,304.8205256870315,21.24089061024199,19.928327125006216,3.041103606125782,624.9725970392872,0.06110222652560498,0.0,0.65,2,0.09578619609838858,0.0,0.1189206865792393,0.0,45.21093783949918,0.0,0.0,0.0,AGRICULTURAL_BURNING
344.41162482956696,297.53780184993894,46.87382297962802,66.68144451864973,4.214812058430866,864.2488978337063,0.17624607659876004,1.0,1.0,3,0.0642458112203679,0.355154697452539,0.3259016876471805,0.0,43.30636837538461,0.0,0.0,0.0,WILDFIRE_FOREST
330.6983505550361,300.5139410662476,30.184409488788503,17.09557791533854,2.895667594352542,645.2502663398961,0.08346102372197126,0.0,0.8,2,0.07944135029635824,0.0,0.2030771265199915,0.0,25.010799064761194,0.0,0.0,0.0,AGRICULTURAL_BURNING
359.437175806646,293.9638780396597,65.47329776698632,37.636722099084835,3.6542031739416734,1132.9063944826949,0.13594659553397265,1.0,0.75,19,0.9592911221633726,1.6998238933063186,0.7220681499186636,1.0,1.382330984138835,1.0,0.90949226406145,0.0,INDUSTRIAL_PERSISTENT_SOURCE
330.5408335616702,290.1749060574796,40.36592750419061,33.15867179074064,3.531016486160365,824.8549401719835,0.15455309168063536,0.0,1.0,2,0.03767537622808387,0.3002851885889579,0.4602352866166581,0.0,25.161482825893902,0.0,0.0,0.0,WILDFIRE_FOREST
356.0545857724882,295.2788340622086,60.77575171027962,20.18063655169284,3.053087394098069,1110.7648283367944,0.12655150342055924,0.0,1.0,8,0.7527244550434153,1.521067818769918,0.7671129338140862,1.0,1.2046247577922158,1.0,0.6282382818498318,0.0,INDUSTRIAL_PERSISTENT_SOURCE
335.5911769231497,299.5642164885261,36.02696043462362,21.31091218000565,3.1050758942067986,686.2473546638378,0.1179341726703532,0.0,1.0,17,0.7418730647689324,0.7226055550472438,0.6837663866265871,1.0,1.0574527469503676,1.0,0.7681376478303725,0.0,MINING_COAL_FIRE
361.0107601892956,293.6040848930109,67.40667529628467,43.73594338965482,3.8007772811790086,1170.5692476440197,0.13981335059256936,1.0,1.0,10,0.7900673345097283,1.1590915530013601,0.6860812889385821,1.0,1.5055841352874335,1.0,0.5819027325359116,0.0,INDUSTRIAL_PERSISTENT_SOURCE
322.3983243797591,291.09513336657943,31.303191013179685,16.700883585240764,2.8736145584039177,668.0604738795739,0.10443768860908481,1.0,1.0,19,0.7898443374902768,1.1705915578173156,0.6588201454650833,1.0,0.8985705836975013,1.0,-0.24688521302795002,0.0,MINING_COAL_FIRE
341.45731346234476,300.8477516616008,40.60956180074396,12.869595474459118,2.6296990683973895,688.0194270129606,0.13102731943069704,0.0,0.7,5,0.8309335401804886,1.361311089828221,0.6449652398432872,1.0,2.8026387490020914,1.0,0.3547851451062385,0.0,MINING_COAL_FIRE
328.37445418341065,294.24954056120623,34.12491362220442,36.17708628459233,3.6156926114061436,977.3197310266554,0.07324982724440884,1.0,1.0,42,0.8633176726516469,1.2977170604810333,0.6928537722775772,1.0,0.35791889496852497,1.0,-0.7923394189993549,0.0,INDUSTRIAL_PERSISTENT_SOURCE
338.1113732901076,298.22587275618514,39.88550053392248,11.537159828360569,2.5286970205858132,1018.1710839132693,0.08477100106784496,0.0,0.9,15,0.9291380983805714,1.155490363431642,0.794687397198863,1.0,0.47298321305636337,1.0,0.5540756297640204,0.0,INDUSTRIAL_PERSISTENT_SOURCE
329.01540350254413,296.2830273849432,32.73237611760095,13.240589689515062,2.656096315906979,663.0839625570535,0.08983094029400238,0.0,0.4,2,0.13965102518866873,0.0,0.1170517183239459,0.0,46.853546049240926,0.0,0.0,0.0,AGRICULTURAL_BURNING
336.02921055992607,300.5406148493384,35.488595710587674,22.27832668951618,3.1475227426818164,687.2645222261027,0.11639598774453622,0.0,1.0,15,0.7188047720080846,0.8339278518833197,0.5966540932026068,1.0,2.761121385891985,1.0,0.3394020288990933,0.0,MINING_COAL_FIRE
382.4205986430936,303.2119587318644,79.20863991122923,191.8640922991928,5.26198575587191,1320.717390356388,0.2463103997463692,0.0,0.95,1,0.15253079192310934,1.1138969000903731,0.44806011191378725,0.0,1.6952335243011123,1.0,5.3790488100229545,1.0,INDUSTRIAL_ACCIDENTAL_FIRE
368.6062716611182,305.6228473714519,62.983424289666345,230.68447691508112,5.445376432711796,1225.1232939941046,0.19995264082761813,0.0,0.85,1,0.3332307674356989,1.1140855358357715,0.18314044580601463,0.0,0.06007765587171275,1.0,6.068695871442352,1.0,INDUSTRIAL_ACCIDENTAL_FIRE
339.7769432548769,290.6712363082174,49.10570694665955,32.58355204660809,3.514036424691563,969.945112455244,0.1836856898221985,1.0,0.65,2,0.06633122988214424,0.16795672709507836,0.3431200248701818,0.0,43.98293133690301,0.0,0.0,0.0,WILDFIRE_FOREST
355.7470545258346,299.0330619330908,56.71399259274381,20.23925506862375,3.055851123660004,947.513772574274,0.20904664197581269,0.0,0.85,1,0.09760538299787987,0.249600874906075,0.23401949820347262,0.0,38.080777305711294,0.0,0.0,0.0,WILDFIRE_FOREST
338.87957889801186,294.06273354482397,44.81684535318789,11.335135968798198,2.512451772928123,728.1130763635597,0.1430481295805368,0.0,1.0,13,0.6096611121505552,1.3876089054242935,0.834065633312385,1.0,1.9041609800663513,1.0,0.42739544451207934,0.0,MINING_COAL_FIRE
355.04822764786275,296.1383783306244,58.909849317238354,23.302610509003514,3.1905837729305446,918.8990764681167,0.2163661643907945,0.0,0.85,3,0.13791825663562662,0.23833893491912117,0.3398908969945693,0.0,84.53538773998476,0.0,0.0,0.0,WILDFIRE_FOREST
339.62570503210196,297.41590575951216,42.209799272589805,82.57443291758248,4.425737646971536,831.8647851223079,0.16069933090863267,1.0,0.85,1,0.21801401099310008,0.12962491252428798,0.21394881190739132,0.0,50.294747272367275,0.0,0.0,0.0,WILDFIRE_FOREST
367.94704976567243,309.24925351808906,58.69779624758337,132.914829965024,4.897204000597392,1191.4675945773145,0.1877079892788096,1.0,0.85,2,0.5144905308279082,0.9493753435829827,0.33280116798344184,0.0,0.2635533650632351,1.0,4.088136469908298,1.0,INDUSTRIAL_ACCIDENTAL_FIRE
366.93473813747505,310.2813524002708,56.653385737204246,179.36553363195853,5.194985534119924,1187.8313300524762,0.18186681639201213,1.0,0.85,5,0.4466107850536921,0.9997032368501215,0.25021390768872487,1.0,1.585208084945814,1.0,3.6710518437849577,1.0,INDUSTRIAL_ACCIDENTAL_FIRE
357.64061623012503,293.9386758543921,63.70194037573293,64.3687533499605,4.180044366767565,971.5915669980549,0.2323398012524431,1.0,1.0,2,0.1814682037508927,0.25269410139044696,0.3897998761455199,0.0,12.72788092363346,0.0,0.0,0.0,WILDFIRE_FOREST
355.7055086418861,288.97534702373997,66.73016161814616,20.930397164327836,3.087873672814268,982.008380609682,0.24243387206048717,0.0,1.0,1,0.2379485753697761,0.25642052574993013,0.4202013051798814,0.0,66.6466573312579,0.0,0.0,0.0,WILDFIRE_FOREST
335.30505661844995,288.6049524157727,46.70010420267727,47.66298930298284,3.884918767917779,1027.6249175141927,0.09840020840535454,1.0,1.0,43,0.9880146900411466,1.3290784879574953,0.7312023817895869,1.0,0.4584776628470225,1.0,0.7872648285111619,0.0,INDUSTRIAL_PERSISTENT_SOURCE
335.74252245469074,295.0206431716474,40.721879283043336,145.65143604078148,4.9880585876754235,868.7894910687717,0.15573959761014444,0.0,0.65,3,0.1077624613820018,0.16337201469058754,0.3632710272831252,0.0,56.52864897545643,0.0,0.0,0.0,WILDFIRE_FOREST
335.94324196405125,294.14341390893765,41.79982805511361,38.08098949565924,3.665636146599673,995.1809018316088,0.08859965611022722,1.0,0.9,34,0.8407943156819724,1.241931861865813,0.8005806742342582,1.0,1.7205831717422233,1.0,0.14273296881568687,0.0,INDUSTRIAL_PERSISTENT_SOURCE
366.00150805359146,303.09170374658595,62.909804307005516,179.25292114160422,5.1943609820897985,1210.2720201680468,0.19974229802001575,1.0,0.85,3,0.3065809974086412,1.0924326854925699,0.4444386116627742,1.0,1.3321116607264574,1.0,7.348452622385928,1.0,INDUSTRIAL_ACCIDENTAL_FIRE
368.8903693467271,301.5904828542347,67.29988649249236,137.20059945423148,4.92870624890905,1244.543005228164,0.2122853899785496,1.0,1.0,5,0.30123951458396325,1.3437623324979215,0.1267679844247596,1.0,0.6718095598293035,1.0,3.599542461353623,1.0,INDUSTRIAL_ACCIDENTAL_FIRE
332.89178928325254,288.12928503887673,44.762504244375805,53.86139506382079,4.0048099147125775,1025.0794084606039,0.09452500848875162,1.0,0.75,31,0.8262348900144139,1.2804179576916832,0.8654204483602582,1.0,0.06354099302010131,1.0,-0.400742384680165,0.0,INDUSTRIAL_PERSISTENT_SOURCE
331.51408713873167,297.57663785318124,33.93744928555043,22.088330328842044,3.1393273093114438,638.4059986750548,0.09284362321387607,0.0,0.65,2,0.15695269684875757,0.0,0.32843427463813635,0.0,37.265365684509895,0.0,0.0,0.0,AGRICULTURAL_BURNING
373.5652634035553,305.4420835548499,68.12317984870543,128.8570593243573,4.866434301855183,1261.379497544584,0.21463765671058693,1.0,0.85,3,0.5774870097807372,1.0868174655100573,0.32672098153261975,1.0,0.9434831419663418,1.0,4.991655853858799,1.0,INDUSTRIAL_ACCIDENTAL_FIRE
343.9094306100591,296.2820887756801,47.62734183437897,25.240345137548008,3.2672981170971616,929.9982608221819,0.17875780611459655,0.0,0.65,3,0.2224245334574731,0.2912767983396619,0.41029089637343613,0.0,20.78919756773402,0.0,0.0,0.0,WILDFIRE_FOREST
327.8853663323633,299.7721276608509,28.113238671512363,12.369346208432638,2.5929644900253663,664.7422869671631,0.09532353906146389,1.0,0.7,20,0.7600678380055329,0.9340901159482285,0.7391248085257356,1.0,2.028388540629685,1.0,-0.20009503951675128,0.0,MINING_COAL_FIRE
336.8388976635929,289.05964346844127,47.77925419515162,15.19800824949848,2.784888287117845,714.4409539368924,0.15151215484329034,1.0,0.7,26,0.85547396275006,0.9620679493002331,0.6124803463802707,1.0,0.23735891294168723,1.0,0.042102431792593986,0.0,MINING_COAL_FIRE
330.4682950900284,299.0151046354817,31.4531904545467,18.535791981348748,2.9722482693463,663.1820319661889,0.104866258441562,1.0,1.0,21,0.9299065749969191,1.3080587705144553,0.667121045109158,1.0,1.711707380054329,1.0,0.1783262346178056,0.0,MINING_COAL_FIRE
334.2411798833757,300.313788204195,33.92739167918069,44.09738042053369,3.8088241610197895,990.8586828559858,0.07285478335836137,0.0,0.9,36,0.7817212316149827,1.0763821662315858,0.9331299146636043,1.0,0.9549679688804683,1.0,0.23841394920692016,0.0,INDUSTRIAL_PERSISTENT_SOURCE
333.783142880033,295.5181835162427,38.2649593637903,12.375946983537839,2.593458092783193,676.0699427247982,0.10366239840947575,0.0,0.8,1,0.1168738875387098,0.0,0.19422713657007343,0.0,5.531644667960029,0.0,0.0,0.0,AGRICULTURAL_BURNING
325.04350211344934,292.0484579192123,32.99504419423704,28.09284282313004,3.3704921928313283,865.9596134744883,0.1299834806474568,0.0,1.0,1,0.05626839457682388,0.44609317147303273,0.434887329790184,0.0,39.30789455203884,0.0,0.0,0.0,WILDFIRE_FOREST
353.05209949555115,295.51560355476903,57.53649594078212,50.102877635540665,3.9338408094311537,1098.9207466834398,0.12007299188156424,1.0,0.75,43,0.9432634076619284,1.504494207898109,0.7501707414579661,1.0,1.2686179618420892,1.0,-0.31364003947154817,0.0,INDUSTRIAL_PERSISTENT_SOURCE
373.2137392254232,310.9964454598801,62.217293765543104,131.61865311719208,4.887477739933729,1227.3377737915896,0.19776369647298028,1.0,0.95,3,0.5934624501046347,1.4029589974544052,0.39628001854159733,1.0,1.232968982276122,1.0,4.143761909424052,1.0,INDUSTRIAL_ACCIDENTAL_FIRE
335.82745495782154,287.9364452478945,47.89100970992706,25.217163555649478,3.266414293828195,917.9294807598043,0.1796366990330902,0.0,0.65,2,0.041176110513047585,0.19078440736338617,0.3745909422535443,0.0,45.32535824069069,0.0,0.0,0.0,WILDFIRE_FOREST
338.3949097077044,287.73417832288624,50.66073138481818,56.99120690783501,4.060291394015887,889.6172925393906,0.18886910461606057,0.0,1.0,3,0.07083808295147553,0.44313703177624264,0.31344240120313394,0.0,19.505876337752138,0.0,0.0,0.0,WILDFIRE_FOREST
392.0125417148999,306.86342040182575,85.14912131307415,267.883009637644,5.594276376591502,1379.3080621927063,0.26328320375164044,1.0,1.0,3,0.5001789149863857,1.4549444959546634,0.3748692278898802,1.0,0.6433021343352262,1.0,6.824724171827034,1.0,INDUSTRIAL_ACCIDENTAL_FIRE
316.8910520471981,293.46662876281124,23.424423284386876,4.463544353854646,1.6980977282083298,599.009223335201,0.0665610582109672,0.0,0.4,2,0.10632222898153246,0.0,0.37988351059724323,0.0,33.23114703527241,0.0,0.0,0.0,AGRICULTURAL_BURNING
354.27736168875384,286.74227520330805,67.53508648544579,44.95700119117221,3.8277062026179456,966.208565509346,0.24511695495148594,1.0,0.65,3,0.11801485614366648,0.3797515020664751,0.2919143110808869,0.0,76.91354133742978,0.0,0.0,0.0,WILDFIRE_FOREST
337.6670147843172,300.29085715153127,37.37615763278592,19.2272648857598,3.0070314411375474,682.3511453444902,0.12178902180795977,1.0,0.85,20,0.8809238936271391,1.2012640533185022,0.6085626599206508,1.0,3.491662389499025,0.0,0.7751497990335021,0.0,MINING_COAL_FIRE
356.9669546208986,293.3491336931158,63.617820927782816,58.85641244669333,4.091948568231163,1128.9502807124684,0.13223564185556563,0.0,0.9,41,0.9106280151069572,1.7720499574568622,0.8641873843594314,1.0,0.5898461501016609,1.0,0.09816678535222678,0.0,INDUSTRIAL_PERSISTENT_SOURCE
324.6089107148363,305.325653429383,19.283257285453317,2.871111188190662,1.3535415945595624,610.2896810205928,0.056208143213633294,0.0,0.8,1,0.12611848266502576,0.0,0.19017313241620665,0.0,7.448536827637997,0.0,0.0,0.0,AGRICULTURAL_BURNING
331.6377028799372,298.7918995150496,32.845803364887615,30.108686199746252,3.437487079215687,965.6293794613961,0.07069160672977523,0.0,0.9,32,0.7060637585772181,1.2883573078628783,0.7189755112584898,1.0,1.8829596875911572,1.0,-0.6869686184064854,0.0,INDUSTRIAL_PERSISTENT_SOURCE
324.83968089303846,288.1461067746499,36.69357411838854,12.211105619220543,2.5810578106580326,681.7649980939042,0.11983878319539583,1.0,0.85,14,0.6110486237434585,1.208419360343418,0.6928915806084587,1.0,0.8724644099381909,1.0,0.23944045354888543,0.0,MINING_COAL_FIRE
324.7771714724782,289.3853174886337,35.3918539838445,14.900200740081203,2.766331734308829,692.2093658332168,0.11611958281098428,1.0,0.7,13,0.8813245324840756,0.8345838592139568,0.6042595165627596,1.0,0.5435720288270688,1.0,0.014200539269481172,0.0,MINING_COAL_FIRE
332.4515298397479,288.12743243031514,44.32409740943274,40.08035537004287,3.715530035705581,908.9143717029123,0.16774699136477578,0.0,1.0,3,0.044646040293192385,0.1964900639159451,0.2525672877098346,0.0,12.273391913923792,0.0,0.0,0.0,WILDFIRE_FOREST
325.2296820455606,297.75732028165015,27.472361763910442,21.982085908332163,3.1347150388987783,658.5511024602645,0.09349246218260127,1.0,0.85,28,0.7146961720957916,1.3533880006862258,0.8294750968930789,1.0,3.0873047893969296,0.0,0.6485761217764194,0.0,MINING_COAL_FIRE
333.07719144658085,307.33206485742744,25.745126589153415,15.68181331304518,2.8143191028351597,609.5830131966663,0.07236281647288353,0.0,0.65,2,0.02279216300524859,0.0,0.14414731028911704,0.0,37.09867188775773,0.0,0.0,0.0,AGRICULTURAL_BURNING
344.43185639864896,297.1450287778142,47.28682762083474,24.002982669249143,3.2189951245216797,906.7864355144578,0.1776227587361158,0.0,1.0,2,0.05907393520552261,0.22709504867137256,0.4854810687499364,0.0,78.93186251143881,0.0,0.0,0.0,WILDFIRE_FOREST
332.723070770135,291.20062136483,41.522449405305,13.547555072035449,2.6774229432115995,708.6617893480691,0.13363556972944285,1.0,0.85,7,0.8536456345204619,1.255586628686166,0.5682430784441432,1.0,2.3892134074669213,1.0,-0.2685149301778483,0.0,MINING_COAL_FIRE
381.4409706999272,305.29502466711745,76.14594603280977,156.0912204061027,5.056826658315478,1311.8542581031918,0.23755984580802791,0.0,0.85,2,0.5292509404581953,1.070634120843684,0.33186938142956285,0.0,0.662855234408778,1.0,3.774038808913728,1.0,INDUSTRIAL_ACCIDENTAL_FIRE
312.5038577004349,295.33904958731347,17.16480811312141,12.316982121293906,2.589040071971529,620.8109047306403,0.050912020282803526,0.0,0.8,2,0.14727697137187531,0.0,0.1489419628683649,0.0,47.97945321364412,0.0,0.0,0.0,AGRICULTURAL_BURNING
343.8112010408429,298.3484400497004,45.46276099114249,13.29855512678321,2.6601584920758783,1039.3374054731908,0.09592552198228498,1.0,0.75,43,0.8722233926236798,1.151943596722716,0.6817867734032144,1.0,1.9471151535791873,1.0,-0.00728765606505033,0.0,INDUSTRIAL_PERSISTENT_SOURCE
337.2760178253079,292.0352039251311,45.24081390017682,20.216754104175745,3.0547911574977054,724.8725592533197,0.1442594682862195,1.0,0.7,23,0.7831354837581699,1.313212368755543,0.565442705220141,1.0,1.7018348089896451,1.0,0.4737722958709304,0.0,MINING_COAL_FIRE
368.1609476675257,308.94553408682907,59.215413580696634,143.00325618521222,4.969835911717651,1188.6873777034361,0.18918689594484753,1.0,0.85,2,0.20240403249878605,1.1331774117081592,0.13884213360480183,0.0,1.177261137582853,1.0,4.61006456354175,1.0,INDUSTRIAL_ACCIDENTAL_FIRE
378.1691426211691,299.0983893387917,79.07075328237738,140.5303452533489,4.952514148178573,1293.4479460977825,0.24591643794964965,0.0,0.95,5,0.19043648330859883,1.3002171458900436,0.3310690818512059,1.0,0.09436380097705065,1.0,6.035949533597222,1.0,INDUSTRIAL_ACCIDENTAL_FIRE
333.3607923442681,296.00299642205425,37.357795922213825,22.519698180042642,3.157838290466909,698.496574188859,0.12173655977775379,0.0,0.85,9,0.6329107618469794,0.9511627163982068,0.6736147677668158,1.0,2.783346610853821,1.0,0.3224917576622598,0.0,MINING_COAL_FIRE
313.08266389248945,299.1179444513849,13.964719441104535,14.540093827661066,2.7434233827373014,568.5372545973459,0.042911798602761335,0.0,0.4,2,0.037490248843010554,0.0,0.29069532134768167,0.0,27.906972680298846,0.0,0.0,0.0,AGRICULTURAL_BURNING
368.9386391601447,302.33568395547263,66.60295520467207,183.49533701812146,5.217624189546681,1257.8466977798043,0.2102941577276345,0.0,0.85,4,0.488199184455003,1.061099884896804,0.17316296308507279,1.0,0.40314115944179957,1.0,3.6650104286360037,1.0,INDUSTRIAL_ACCIDENTAL_FIRE
334.72368794577045,299.67687339598626,35.04681454978419,16.09217642273004,2.8386208396762047,661.3309361069873,0.11513375585652624,0.0,0.7,5,0.7971316580602275,0.9651018771245774,0.5587103988026838,1.0,2.3183183846144573,1.0,0.05880757177680729,0.0,MINING_COAL_FIRE
325.98891772868524,303.9859256878588,22.002992040826427,9.19294511560869,2.3216958256538445,630.1896763419088,0.06300748010206607,0.0,0.65,2,0.13161004612503494,0.0,0.2145911975249848,0.0,23.94042647224939,0.0,0.0,0.0,AGRICULTURAL_BURNING
387.08601275182286,302.6233989107097,84.46261384111318,122.07519508209835,4.812795510709824,1334.0993711449416,0.26132175383175194,1.0,0.95,4,0.1549619105639178,1.274279587221267,0.20915235027090912,1.0,1.6356152999511393,1.0,7.328446432171665,1.0,INDUSTRIAL_ACCIDENTAL_FIRE
389.65580177871067,307.88739118019095,81.76841059851972,124.91049581917682,4.835571303891463,1342.2650723071279,0.25362403028148495,1.0,0.95,5,0.26661403621226387,1.3689596970802518,0.43153700208435053,1.0,0.19236036612332458,1.0,6.856751053348318,1.0,INDUSTRIAL_ACCIDENTAL_FIRE
328.7081643565445,294.2521415704566,34.456022786087885,14.036405882343834,2.710474319374832,671.5516734051308,0.09414005696521971,0.0,0.65,2,0.07382669040972611,0.0,0.2707391508137324,0.0,7.2184793143013675,0.0,0.0,0.0,AGRICULTURAL_BURNING
334.28027292537604,293.9322004204748,40.34807250490121,16.742525024519384,2.8759643018440397,989.3202814212349,0.08569614500980242,1.0,0.9,37,0.7864765145839236,1.7480103475420496,0.808167793475145,1.0,0.4007371426927025,1.0,0.20568612399817354,0.0,INDUSTRIAL_PERSISTENT_SOURCE
329.95795303841066,300.55114928365003,29.40680375476063,21.863352593772074,3.129535305258806,822.1263671507427,0.11802267918253544,0.0,0.85,1,0.06890369235360667,0.37912114219955595,0.37874225971699094,0.0,60.75379622349667,0.0,0.0,0.0,WILDFIRE_FOREST
324.0063481794591,305.8163444049143,18.190003774544834,3.3030601485399758,1.4593264320390311,577.5110981699382,0.05347500943636209,0.0,0.4,1,0.13533229408864522,0.0,0.141376896929111,0.0,37.33858366036917,0.0,0.0,0.0,AGRICULTURAL_BURNING
330.76920523829943,294.5252189151033,36.24398632319611,39.063437332542556,3.6904641311633215,983.6097413663365,0.07748797264639223,1.0,1.0,15,0.7768828426203931,1.0470190047688408,0.6812939262055646,1.0,0.6579881129149491,1.0,1.1980989962072899,0.0,INDUSTRIAL_PERSISTENT_SOURCE
328.0528955496674,288.01848173640286,40.034413813264564,17.116807995793096,2.896840125924417,672.6572904495931,0.1293840394664702,0.0,0.85,15,0.612753820136188,1.0929732612080607,0.6946249596661438,1.0,2.0700681972477537,1.0,0.44616392846395947,0.0,MINING_COAL_FIRE
355.4293802562882,288.9959277868361,66.4334524694521,18.289462138867897,2.9595589436293634,985.1423377297789,0.24144484156484033,0.0,0.85,2,0.030901672924167716,0.2938408205537382,0.4192120653088659,0.0,81.15175558555305,0.0,0.0,0.0,WILDFIRE_FOREST
338.48891216577965,292.9392435094344,45.54966865634526,16.28325293443897,2.849737994180154,713.7944127515071,0.14514191044670077,0.0,0.7,13,0.8897167572780718,0.8610201809153419,0.5546126872133491,1.0,0.2524574852557035,1.0,0.577255347013335,0.0,MINING_COAL_FIRE
341.08859656967695,294.0344201711448,47.05417639853215,44.29623755538693,3.8132239728671595,1031.7731704310288,0.0991083527970643,1.0,1.0,24,0.7367302031256862,0.9821264932071433,0.6558507942831561,1.0,1.7275724015167289,1.0,0.161883216168607,0.0,INDUSTRIAL_PERSISTENT_SOURCE
324.9572916562123,293.46071716613915,31.496574490073158,31.83293777965363,3.49143221211717,780.6545582089146,0.12498858163357719,0.0,0.65,1,0.10175337662351006,0.15786355189318965,0.4806187862551102,0.0,22.812097516898678,0.0,0.0,0.0,WILDFIRE_FOREST
359.7062269172756,295.3215667065207,64.38466021075493,22.52105316551048,3.15789589947312,1128.0830350601266,0.13376932042150985,0.0,0.75,38,0.8948159883739111,1.535093400486552,0.7967689700613838,1.0,1.3943768921344182,1.0,-0.7974311489463972,0.0,INDUSTRIAL_PERSISTENT_SOURCE
322.60790061346427,293.9135238379468,28.69437677551747,14.188628506269836,2.72054702327987,648.5510273141142,0.09698393364433562,1.0,0.7,17,0.7826345075616321,1.3813818262498492,0.6164821770227187,1.0,1.97681455161008,1.0,-0.030562876716206222,0.0,MINING_COAL_FIRE
334.1679033978884,291.745942182017,42.42196121587136,32.027808805983724,3.4973498976921062,866.0786732887358,0.16140653738623786,1.0,0.65,2,0.06305108006735276,0.30125890969157376,0.2327566989210544,0.0,58.00916455013789,0.0,0.0,0.0,WILDFIRE_FOREST
340.682576504236,290.4287058176938,50.2538706865422,35.18738439239921,3.5887105606448424,910.6869489041188,0.187512902288474,1.0,1.0,1,0.1069795173241742,0.23565358360289157,0.3728688235333803,0.0,68.14383814334329,0.0,0.0,0.0,WILDFIRE_FOREST
312.8512700482,305.94781022552087,6.90345982267911,21.75207424598422,3.1246563168883705,533.8084966586508,0.025258649556697776,0.0,0.8,2,0.05411296395043992,0.0,0.14551198465116955,0.0,24.79788386857355,0.0,0.0,0.0,AGRICULTURAL_BURNING
336.4586313525751,294.3977844275302,42.06084692504487,16.42733931054184,2.8580401978821333,681.7827863638137,0.13517384835727106,1.0,1.0,27,0.8458739908883691,0.8933467428656463,0.6224678521649205,1.0,1.127047862683177,1.0,-0.0030138805507489153,0.0,MINING_COAL_FIRE
330.9860573166727,298.3237676054706,32.662289711202106,16.60747883856486,2.8683237457945854,670.2736313454903,0.08965572427800528,0.0,0.4,1,0.1162538331008338,0.0,0.1022623278147996,0.0,57.47759436610951,0.0,0.0,0.0,AGRICULTURAL_BURNING
340.28240875386814,299.53730742719534,40.745101326672795,12.60649384094023,2.61054716708517,685.8540619646724,0.13141457521906513,1.0,0.7,19,0.7055894677860594,1.1089362447341933,0.7401483360831829,1.0,1.4774978904175047,1.0,0.7281219908435559,0.0,MINING_COAL_FIRE
321.1713523154077,291.1208096008364,30.050542714571293,34.66552772650229,3.5741846123821257,652.8303993592796,0.1008586934702037,0.0,1.0,19,0.7821115128853433,1.2333738205569804,0.7991446975258583,1.0,2.9291620494907957,1.0,-0.1702210029263308,0.0,MINING_COAL_FIRE
337.27038886656413,300.0828966465349,37.18749222002924,44.90953070918866,3.8266727362352126,824.3460188757841,0.14395830740009746,0.0,0.65,1,0.19850681763510514,0.1876397598529741,0.4665054131142626,0.0,56.335242637205916,0.0,0.0,0.0,WILDFIRE_FOREST
325.39796523170156,298.0216438826346,27.376321349066984,20.109762781181278,3.0497356245247684,664.3424069498741,0.09321806099733423,0.0,1.0,8,0.6146742240322942,1.208205169258637,0.6639924773375225,1.0,2.8348567250280166,1.0,-0.23915966844378722,0.0,MINING_COAL_FIRE
360.3023512792958,290.6916785637128,69.61067271558301,38.39048028146536,3.673524169888053,1167.6030019858927,0.14422134543116602,0.0,0.75,6,0.7835814708499507,1.0277398896834589,0.7414168418158936,1.0,0.07541709369136428,1.0,0.2890625858090161,0.0,INDUSTRIAL_PERSISTENT_SOURCE
316.05603231423606,299.91514773259433,16.14088458164173,12.065351071141567,2.569963769728398,568.7479102504519,0.04835221145410432,0.0,0.8,1,0.11873229724722971,0.0,0.1390642384986118,0.0,38.37222855838049,0.0,0.0,0.0,AGRICULTURAL_BURNING
391.19968747582425,306.90807895570947,84.29160852011478,195.8935860212928,5.282663410311527,1348.64341339833,0.26083316720032795,1.0,1.0,2,0.42902116257448353,1.0810460211029018,0.38002483904470585,0.0,1.3819626898255266,1.0,6.286046689110771,1.0,INDUSTRIAL_ACCIDENTAL_FIRE
325.70224928212866,297.0818608180487,28.62038846407995,10.659657338559292,2.4561347927168717,633.8721224744496,0.09677253846879987,0.0,0.7,16,0.6341960386891019,1.2532577574055612,0.8387140981681117,1.0,2.677822574918568,1.0,-0.3941095208452795,0.0,MINING_COAL_FIRE
331.05741915774564,293.4142408589341,37.64317829881156,16.669786785662957,2.871856219799436,666.7446211786519,0.10210794574702892,0.0,0.4,1,0.06197537058248603,0.0,0.39928505081216503,0.0,49.573505298565,0.0,0.0,0.0,AGRICULTURAL_BURNING
322.87806040592426,286.7669745716005,36.111085834323774,22.317554240652733,3.1492064777940567,820.1363267762781,0.14037028611441257,1.0,0.85,3,0.12889002774374952,0.14989468999722902,0.451488235100229,0.0,81.66086623061763,0.0,0.0,0.0,WILDFIRE_FOREST
318.05374125784687,294.0654148700192,23.98832638782767,23.133524211846595,3.1836019200229426,607.5454634532236,0.06797081596956916,0.0,0.65,1,0.08200824793058856,0.0,0.1377933582457505,0.0,32.084324347657585,0.0,0.0,0.0,AGRICULTURAL_BURNING
353.4590744212346,288.4546276199189,65.00444680131574,102.09407622204888,4.635641932748057,983.2256150235919,0.23668148933771913,0.0,1.0,2,0.2006056649878624,0.21159813312780384,0.49784433867666156,0.0,75.595434233151,0.0,0.0,0.0,WILDFIRE_FOREST
361.49917959543063,291.71259192854706,69.78658766688358,42.22446173243097,3.766406578800806,1184.3046014274082,0.14457317533376715,1.0,1.0,22,0.7572470827818573,1.5531939422619998,0.8471195547598835,1.0,0.19364973322933357,1.0,1.0505292833139286,0.0,INDUSTRIAL_PERSISTENT_SOURCE
324.37247798194505,299.96502310415576,24.40745487778929,17.22153455025864,2.9026041116803167,620.1090854287709,0.06901863719447324,0.0,0.8,1,0.010341914938724077,0.0,0.1778097463502485,0.0,26.87985773172423,0.0,0.0,0.0,AGRICULTURAL_BURNING
328.1918539538336,293.9203054817567,34.27154847207686,21.072599541216054,3.094336999522521,685.2575514788451,0.1129187099202196,0.0,1.0,16,0.8773920594526274,0.9385892985546476,0.7677623030485854,1.0,2.47567543310179,1.0,0.4419475750781038,0.0,MINING_COAL_FIRE
342.7208965979678,290.1620349598409,52.55886163812687,30.311253646257203,3.44397757434055,1095.2897548644405,0.11011772327625374,0.0,0.9,43,0.8807970587712924,1.5444841342409654,0.7682774706487235,1.0,1.8135950321879688,1.0,-0.4919673492512675,0.0,INDUSTRIAL_PERSISTENT_SOURCE
338.59247308756557,300.7736415501734,37.81883153739216,17.797960784570677,2.933748395046911,690.1187495996857,0.12305380439254902,1.0,0.7,13,0.6191031087063344,1.1387005560726942,0.8144844822969515,1.0,2.4535951737944304,1.0,0.6958024321128544,0.0,MINING_COAL_FIRE
332.91014621524766,287.5695671039144,45.340579111333284,38.879512291064344,3.6858627156072314,867.1911842109199,0.17113526370444426,0.0,0.65,3,0.14805680557642284,0.1406060854930511,0.401875347286093,0.0,67.73565218458674,0.0,0.0,0.0,WILDFIRE_FOREST
324.99063610102326,290.8488845870235,34.141751513999736,17.155362674677885,2.8989659812394986,690.6431292803717,0.11254786146857068,0.0,0.7,29,0.6896458818367404,1.269741274596259,0.7055194572363906,1.0,3.032901545982064,0.0,0.5849744602168123,0.0,MINING_COAL_FIRE
384.1160443042484,307.23095491088094,76.88508939336748,160.23018576455317,5.082833069146126,1320.5099792189872,0.23967168398104993,0.0,0.85,1,0.4569667923800309,1.1102911612105328,0.11674078713793692,0.0,1.6164560462364388,1.0,5.236517703142459,1.0,INDUSTRIAL_ACCIDENTAL_FIRE
385.3404845767719,305.92024749594106,79.42023708083087,147.782178706439,5.002483348468578,1317.2312839749354,0.2469149630880882,0.0,0.85,3,0.5840804020257735,1.2882300231684987,0.33804927011610514,1.0,0.5172994727964874,1.0,3.539501100601872,1.0,INDUSTRIAL_ACCIDENTAL_FIRE
338.8612901429185,300.3702910830072,38.4909990599113,18.003545633043256,2.944625574021972,689.5349899192798,0.124974283028318,0.0,0.7,16,0.8784944432008197,1.2390079729315975,0.6578414728868025,1.0,0.35836141644484143,1.0,0.19725865376757235,0.0,MINING_COAL_FIRE
337.05187105095956,288.470140032883,48.58173101807654,43.22096799415591,3.789199065604813,1074.632441338767,0.10216346203615308,1.0,0.9,25,0.845542163997106,1.502339216259292,0.8945045950028444,1.0,0.280398567042143,1.0,0.7069512108929612,0.0,INDUSTRIAL_PERSISTENT_SOURCE
327.8178951823544,297.13901982298887,30.67887535936552,136.6782209726875,4.924919230354719,799.304372078002,0.12226291786455173,0.0,0.65,1,0.1370961492724422,0.27530272958131086,0.2695101974527575,0.0,38.01672558747519,0.0,0.0,0.0,WILDFIRE_FOREST
325.7795407031832,291.7086391206716,34.070901582511624,57.0112786536946,4.060637451188072,866.5704720766036,0.1335696719417054,0.0,1.0,1,0.029232059278044342,0.22470385044314983,0.31748958678614514,0.0,68.1646776918116,0.0,0.0,0.0,WILDFIRE_FOREST
368.56623173531216,308.7060679806679,59.86016375464425,131.1264037408897,4.883759068473716,1219.961467160204,0.19102903929898354,1.0,1.0,5,0.6235453335542596,1.154670854287922,0.23553304491233357,1.0,1.2243467467548503,1.0,4.588433236388504,1.0,INDUSTRIAL_ACCIDENTAL_FIRE
339.1546185076126,288.3009012633518,50.85371724426079,11.645546072701654,2.53730506406111,733.4390986899123,0.16029633498360224,0.0,0.7,15,0.7905799156132248,1.0479687705741583,0.6202957324144079,1.0,1.1736952355417967,1.0,0.04014537919789052,0.0,MINING_COAL_FIRE
376.1550058771617,309.4629990069993,66.6920068701624,232.0105489677632,5.451083727080595,1235.3545556917065,0.21054859105760684,1.0,1.0,2,0.22946914163837825,1.1159709170307728,0.1572683374170842,0.0,0.49189031195466887,1.0,7.2382270843018,1.0,INDUSTRIAL_ACCIDENTAL_FIRE
332.27533600886403,296.87928156965717,35.396054439206864,19.980600953581124,3.0435982466752245,667.8081315438696,0.09649013609801715,0.0,0.8,2,0.05311404946763091,0.0,0.3021143391493046,0.0,22.9104627322441,0.0,0.0,0.0,AGRICULTURAL_BURNING
324.5609315393033,306.2595369417095,18.3013945975938,4.278733857401611,1.663686269227073,602.8397522404407,0.053753486493984495,0.0,0.8,2,0.05958104151709882,0.0,0.34243310398430304,0.0,35.344010628199044,0.0,0.0,0.0,AGRICULTURAL_BURNING
337.9838893184786,297.44063623930833,40.543253079170256,15.806399546660833,2.821759739272032,693.527769930595,0.13083786594048646,1.0,1.0,13,0.6421276666230804,0.9343364393153891,0.7022711862857987,1.0,1.7618602201280409,1.0,0.6003735710283535,0.0,MINING_COAL_FIRE
327.1071458442382,300.57317243033503,26.53397341390314,13.134143227856198,2.6485933757857487,627.226185531568,0.07433493353475784,0.0,0.4,2,0.045367931225265765,0.0,0.18867032154611013,0.0,34.519524507342,0.0,0.0,0.0,AGRICULTURAL_BURNING
341.0127925048042,299.35783679522956,41.654955709574665,39.01592520440415,3.689277504991277,1007.6014710503465,0.08830991141914933,1.0,0.75,14,0.9514741237903254,1.5869654207975534,0.6909509036250747,1.0,0.68631372310288,1.0,-0.7060711551846655,0.0,INDUSTRIAL_PERSISTENT_SOURCE
328.18508611251747,288.5276194729739,39.65746663954354,50.515069958241384,3.9418743854130245,1007.1863798793935,0.0843149332790871,0.0,0.9,31,0.7217914564215001,1.5948805714931567,0.9027114001454966,1.0,2.007771074128099,1.0,0.4895134531801857,0.0,INDUSTRIAL_PERSISTENT_SOURCE
335.91108532100367,295.3204528072436,40.590632513760056,11.12756868676086,2.495481264840912,698.4266385624795,0.13097323575360015,1.0,1.0,9,0.9220919092982338,0.7060754108363626,0.5528743045296771,1.0,2.5178318253183356,1.0,-0.31659740202481323,0.0,MINING_COAL_FIRE
335.10687621187367,301.5689274266393,33.53794878523439,17.740427933891908,2.930683111869293,659.6785005743812,0.09184487196308597,0.0,0.8,2,0.16042601240216758,0.0,0.27955102421550404,0.0,9.684194169080598,0.0,0.0,0.0,AGRICULTURAL_BURNING
371.9552387514418,307.87787796309567,64.07736078834614,203.3924298932401,5.320041821896352,1244.8897628303532,0.20307817368098896,0.0,0.95,5,0.3244159537293151,0.8774225192112126,0.11245658078226674,1.0,0.5884799234322268,1.0,5.720253933531824,1.0,INDUSTRIAL_ACCIDENTAL_FIRE
357.6450688398498,296.85999811179346,60.785070728056326,46.237107140245975,3.8551797519486914,923.27627350508,0.22261690242685442,0.0,1.0,1,0.13064545389491894,0.26075274641284746,0.36965021940665044,0.0,52.222214848224304,0.0,0.0,0.0,WILDFIRE_FOREST
313.96375985012924,303.02911388400247,10.934645966126766,21.930249517253138,3.1324569785050316,546.713402391716,0.035336614915316915,0.0,0.8,2,0.1367465517950097,0.0,0.20578497991784125,0.0,5.774470702768319,0.0,0.0,0.0,AGRICULTURAL_BURNING
326.5166296756008,295.2884819623327,31.22814771326813,20.5561255366475,3.0706600237993054,667.793452939676,0.10422327918076608,1.0,0.85,19,0.9056144322002213,1.2582646995226066,0.5896468591912969,1.0,2.627899538565928,1.0,-0.42428351139708737,0.0,MINING_COAL_FIRE
361.95895981773225,288.8244946025973,73.13446521513492,30.56604631863349,3.4520820593339927,1156.725547938514,0.15126893043026984,0.0,0.75,8,0.9117004991134499,1.6827131910092965,0.7916679277268612,1.0,1.2812211636836988,1.0,-0.6721981159032524,0.0,INDUSTRIAL_PERSISTENT_SOURCE
349.0790307963095,292.34173510848404,56.73729568782545,103.09164052160605,4.645271670010405,934.2763300106811,0.20912431895941816,1.0,1.0,1,0.07999114840575201,0.15316711784612885,0.2979511518411667,0.0,16.802687667199045,0.0,0.0,0.0,WILDFIRE_FOREST
325.5336905891295,291.7596115373831,33.77407905174641,18.878033188844945,2.989615262171392,703.6519300094644,0.11149736871927546,1.0,0.85,29,0.7227967384182629,0.9891189781420697,0.6191492552699239,1.0,1.3488522510695118,1.0,0.6222955723660115,0.0,MINING_COAL_FIRE
351.2099259979665,291.12541183612285,60.08451416184363,49.750681245363594,3.926925041385764,1118.2337817650757,0.12516902832368726,0.0,0.75,31,0.7854481818881252,1.1263617357087607,0.8584015188790872,1.0,1.0266593987438883,1.0,0.1744991206909019,0.0,INDUSTRIAL_PERSISTENT_SOURCE
333.59502146295154,296.8787659002507,36.71625556270084,20.454778844800487,3.065947410527415,711.3864438505718,0.11990358732200239,1.0,0.7,20,0.6568077459237612,1.207733752304246,0.6942753027725959,1.0,1.40745474298463,1.0,-0.05503360405840729,0.0,MINING_COAL_FIRE
328.83970812132776,300.1538869577593,28.68582116356845,58.47383111378582,4.085536402591701,934.9721355746054,0.06237164232713689,1.0,0.9,33,0.9142892058779769,1.517421801542302,0.7249705164910669,1.0,1.1897404542623924,1.0,-0.5428408429766618,0.0,INDUSTRIAL_PERSISTENT_SOURCE
318.52273202858873,306.5498165790388,11.97291544954993,20.322618870029476,3.059768428059205,595.6998860432814,0.03793228862387482,0.0,0.8,1,0.13800991082371564,0.0,0.34371064086213426,0.0,59.928183916674385,0.0,0.0,0.0,AGRICULTURAL_BURNING
393.95046108363414,301.51250263967546,92.43795844395868,120.98969090251792,4.803936540363829,1400.0,0.28410845269702484,1.0,1.0,1,0.4860280193761267,1.315574659834355,0.4090478386904206,0.0,1.2330460040919582,1.0,5.271054231927934,1.0,INDUSTRIAL_ACCIDENTAL_FIRE
334.60328063042346,301.58925867971504,33.01402195070841,13.919780168323891,2.702687860640519,616.1763594594916,0.09053505487677102,0.0,0.65,1,0.1582587694948146,0.0,0.2844696031081313,0.0,55.81089400328503,0.0,0.0,0.0,AGRICULTURAL_BURNING
331.83959461113744,297.37184407060056,34.46775054053688,9.676417377037582,2.3680373256673377,683.110716072347,0.0941693763513422,0.0,0.65,2,0.16846211246119783,0.0,0.3571592761673663,0.0,14.062504105153726,0.0,0.0,0.0,AGRICULTURAL_BURNING
327.9421395859886,299.47541387556794,28.46672571042069,19.13648993783104,3.002533588974785,669.9736048374895,0.0963335020297734,0.0,0.7,19,0.7180156931923865,1.2647954207971357,0.6326932690726832,1.0,0.14364104474890543,1.0,-0.06290623511027099,0.0,MINING_COAL_FIRE
339.709444415486,295.74092127520197,43.96852314028405,12.02075783637812,2.5665448406455407,706.5815168659708,0.140624351829383,1.0,1.0,25,0.8551092976852652,1.3810543687525914,0.5516899835144148,1.0,2.904775047978702,1.0,0.5184489920437372,0.0,MINING_COAL_FIRE
356.03729599523035,297.12525069797516,58.91204529725519,23.58320001393502,3.202063283375149,1098.0618927223643,0.12282409059451038,1.0,1.0,10,0.9102246965210874,1.6293929270540628,0.7622917980218974,1.0,0.9886877874925392,1.0,-0.5648855017581269,0.0,INDUSTRIAL_PERSISTENT_SOURCE
328.69073991008855,291.22478350366856,37.46595640641999,15.434710176957395,2.799395572458557,686.4178882531171,0.12204558973262855,0.0,0.7,26,0.7862025464133822,1.359227196538109,0.5624892156143504,1.0,0.23147814966395447,1.0,0.4137972974805584,0.0,MINING_COAL_FIRE
326.6356562158773,299.2785965885904,27.3570596272869,19.129310439326094,3.002176983691206,653.6291708449675,0.093163027506534,0.0,1.0,8,0.7075229353881166,1.2882128291046977,0.6263274415725087,1.0,1.8180515498026335,1.0,0.5918751409235354,0.0,MINING_COAL_FIRE
342.6248528912921,294.5664758248219,48.0583770664702,54.75877843451943,4.0210348586534606,1029.406846342234,0.1011167541329404,1.0,0.75,22,0.7285200272611617,1.6872692846909094,0.8712294324281367,1.0,0.6966085382557018,1.0,1.0809943970260214,0.0,INDUSTRIAL_PERSISTENT_SOURCE
338.97043565019266,292.45304815357156,46.5173874966211,12.519632830232428,2.6041429127188587,732.5364479038208,0.14790682141891742,1.0,0.7,29,0.8614502051485555,1.2399661321041593,0.7380687039432151,1.0,3.3181284861926006,0.0,-0.19035858272056944,0.0,MINING_COAL_FIRE
334.27622253758966,300.50093489885313,33.77528763873653,15.748339958981875,2.8182991464332043,673.5256605111073,0.09243821909684133,0.0,0.65,1,0.021665449121059853,0.0,0.25102123265333853,0.0,53.89698242732609,0.0,0.0,0.0,AGRICULTURAL_BURNING
388.4228475820532,304.4372059327705,83.98564164928268,124.11529358178454,4.829235660854432,1329.2983389803744,0.25995897614080765,1.0,0.85,3,0.5271267721719315,0.8849694575957002,0.20614630164865844,1.0,0.15178664213458265,1.0,4.1975687267131425,1.0,INDUSTRIAL_ACCIDENTAL_FIRE
324.5557455154587,296.2290316104929,28.3267139049658,13.460047980229554,2.6713895348599377,620.6147909504098,0.0788167847624145,0.0,0.65,2,0.12822318864960244,0.0,0.27182597777444883,0.0,44.52871722260851,0.0,0.0,0.0,AGRICULTURAL_BURNING
321.92165574659145,297.3304622743098,24.591193472281645,9.787430421488516,2.3783816064687935,642.5801885764535,0.08526055277794756,0.0,1.0,9,0.8965404090754654,0.7770667136833205,0.7509244353063471,1.0,3.1417089148314283,0.0,0.24441113668025594,0.0,MINING_COAL_FIRE
330.5805718011438,296.6005762814622,33.97999551968155,7.596392441751621,2.1513426317343853,663.5274684669595,0.09294998879920388,0.0,0.8,1,0.01714618837237152,0.0,0.39494868697342256,0.0,45.10068059771819,0.0,0.0,0.0,AGRICULTURAL_BURNING
326.8472551106862,294.6128832599405,32.23437185074573,12.66893795277267,2.615125955894186,665.323146347274,0.10709820528784494,0.0,1.0,25,0.6735369748002293,1.185161431138701,0.5685408610237105,1.0,0.2983331257683257,1.0,0.6024894161707468,0.0,MINING_COAL_FIRE
359.97826823750023,301.58915951889395,58.38910871860628,19.56464878990988,3.0235735234869514,1105.249552437046,0.12177821743721257,1.0,0.9,37,0.9764387818465575,1.3064750959669542,0.9070189839517692,1.0,1.255637308922816,1.0,0.6305341650184886,0.0,INDUSTRIAL_PERSISTENT_SOURCE
324.61427975588094,295.0841890391412,29.53009071673972,12.860654050235917,2.629054182420066,647.6516413860766,0.08182522679184931,0.0,0.8,1,0.1448294440372476,0.0,0.2887656916265841,0.0,55.30800085895277,0.0,0.0,0.0,AGRICULTURAL_BURNING
387.7774619918253,310.6505098208551,77.12695217097018,154.10980617913984,5.044133293065508,1318.2156688964199,0.24036272048848623,1.0,1.0,1,0.5442236716266493,0.9183567492491947,0.23641578559927223,0.0,0.4573355074272553,1.0,4.023348230560214,1.0,INDUSTRIAL_ACCIDENTAL_FIRE
343.7136329356809,292.710697339571,51.002935596109864,32.491562113313044,3.5112935298900916,883.5699407328884,0.1900097853203662,0.0,1.0,3,0.151430889840864,0.21416477144726825,0.4882752294674184,0.0,60.11648362149073,0.0,0.0,0.0,WILDFIRE_FOREST
345.6255873055242,289.6891384402383,55.93644886528591,27.53697192573248,3.351200507111158,1085.7422067957948,0.11687289773057183,1.0,0.9,35,0.8423013603188253,1.7491978310844685,0.9207601647915726,1.0,2.056092572357506,1.0,0.7206233022088477,0.0,INDUSTRIAL_PERSISTENT_SOURCE
334.85880487123023,291.66241555680426,43.19638931442597,16.904319776504515,2.8850420120280615,705.9890394931437,0.1384182551840742,1.0,0.85,8,0.9028959623536421,1.3766883317560248,0.634555287555847,1.0,0.15256663399567416,1.0,0.30463044498046243,0.0,MINING_COAL_FIRE
379.80639741020354,307.8316227244433,71.97477468576022,254.76066514942957,5.544242105426299,1266.8092614797852,0.22564221338788634,0.0,1.0,5,0.614713347236557,1.0877147526858821,0.4176638508947942,1.0,1.7874294682483731,1.0,4.632400058825257,1.0,INDUSTRIAL_ACCIDENTAL_FIRE
376.3738297512694,303.2008032112321,73.17302654003731,251.82456551482005,5.53269583126533,1279.1952889363038,0.22906579011439232,0.0,0.95,3,0.3846426136628952,1.3630898417742312,0.350285056449295,1.0,1.132422352756825,1.0,5.122494051998048,1.0,INDUSTRIAL_ACCIDENTAL_FIRE
345.7715883175143,290.37138505924275,55.40020325827152,55.106270914789306,4.027247587293906,1089.7704384625004,0.11580040651654304,0.0,0.75,28,0.7392714664471701,1.2895214051036858,0.7979230129362722,1.0,0.2919247268232605,1.0,-0.5105787277269602,0.0,INDUSTRIAL_PERSISTENT_SOURCE
391.39743880181044,305.0772910841289,86.32014771768155,157.76542201063918,5.067427779578095,1336.8523303367535,0.26662899347909014,0.0,0.85,3,0.27498644543441486,1.0874964717741664,0.38616818240657014,1.0,0.9385762168299954,1.0,5.916787370183481,1.0,INDUSTRIAL_ACCIDENTAL_FIRE
366.24718577151174,300.07680481346927,66.17038095804247,166.00196274513743,5.118005565312584,1244.3506889221505,0.20905823130869278,1.0,1.0,3,0.1524699904672048,1.1652110326453493,0.21992872084232035,1.0,1.7766027151779822,1.0,5.803863707732852,1.0,INDUSTRIAL_ACCIDENTAL_FIRE
386.8752046264834,307.13208308028715,79.74312154619628,147.32119105241875,4.999380132073994,1348.470375638037,0.24783749013198936,1.0,0.95,3,0.3649655386950741,1.068967734096167,0.2575431764136763,1.0,1.529807635232337,1.0,4.094291519000467,1.0,INDUSTRIAL_ACCIDENTAL_FIRE
346.4694832084835,288.30715625043297,58.16232695805053,34.98212193170651,3.5830222020948765,1111.0317994962456,0.12132465391610106,1.0,0.75,32,0.7266365977964683,1.598762989819893,0.7434017728788249,1.0,1.1576877406143977,1.0,1.199010379417033,0.0,INDUSTRIAL_PERSISTENT_SOURCE
327.94832239157444,304.77098619296066,23.177336198613773,3.7904686481478214,1.5666282454986726,607.5756678422532,0.06594334049653444,0.0,0.4,2,0.07631924628376863,0.0,0.35587991853916634,0.0,59.00607983925971,0.0,0.0,0.0,AGRICULTURAL_BURNING
312.7349803737063,294.41161953106337,18.323360842642956,8.688438316482504,2.2709332484645994,605.3535152778994,0.05380840210660739,0.0,0.65,2,0.010475045249465392,0.0,0.3585900268471325,0.0,17.036244932292682,0.0,0.0,0.0,AGRICULTURAL_BURNING
334.7990616210454,307.7575851281116,27.041476492933782,23.294027185425122,3.190230525295528,642.8709860250016,0.07560369123233446,0.0,0.4,1,0.01214537655515516,0.0,0.3493020366969324,0.0,52.65468293488453,0.0,0.0,0.0,AGRICULTURAL_BURNING
328.11481965973053,296.557766923209,31.55705273652154,5.89790987519203,1.9312184490758653,655.4387549054443,0.08689263184130386,0.0,0.8,1,0.16313294003203233,0.0,0.34164450799357304,0.0,32.508745345539936,0.0,0.0,0.0,AGRICULTURAL_BURNING
324.28180040307836,295.5965812341235,28.68521916895486,18.80524921648994,2.9859470145084646,648.2539203269632,0.09695776905415673,0.0,0.85,6,0.8074066216055615,0.8291312471865668,0.7067766613086223,1.0,2.1070762240965393,1.0,0.10941235976532881,0.0,MINING_COAL_FIRE
335.70222911035336,299.0868344687696,36.61539464158375,41.84823505967742,3.7576644553898455,847.9748894247225,0.14205131547194583,0.0,0.85,2,0.16419074424219599,0.22809541535098246,0.32135577402518767,0.0,75.99760486570781,0.0,0.0,0.0,WILDFIRE_FOREST
312.0205749765172,307.6987747809394,4.321800195577794,16.259976427330088,2.8483903199144933,541.3593645412848,0.018804500488944484,0.0,0.65,2,0.12673217857716002,0.0,0.2832755732551784,0.0,27.361216619539096,0.0,0.0,0.0,AGRICULTURAL_BURNING
325.94438966995847,300.5080951569819,25.436294512976588,17.933340187029163,2.940924399049907,621.9303291137211,0.07159073628244148,0.0,0.4,2,0.04199559399723872,0.0,0.3073721233409831,0.0,58.39660708167551,0.0,0.0,0.0,AGRICULTURAL_BURNING
355.0497824424376,294.25582854349057,60.79395389894705,36.75081178730503,3.6310069797632907,1115.2907775347326,0.1265879077978941,0.0,0.75,21,0.8259141116694062,1.454499720374149,0.7922976711650873,1.0,0.5194742183268499,1.0,0.11072826912300093,0.0,INDUSTRIAL_PERSISTENT_SOURCE
332.463173586517,295.1003853420483,37.362788244468675,6.21422488925729,1.9760547559983992,696.0497621529013,0.10140697061117168,0.0,0.65,2,0.05459392646466108,0.0,0.283058449494589,0.0,27.044684437366232,0.0,0.0,0.0,AGRICULTURAL_BURNING
338.35556245381133,290.6405952323246,47.714967221486745,46.40835614604734,3.858798503164773,1034.999972661365,0.10042993444297349,0.0,1.0,36,0.9621701460718222,1.4623158588468528,0.750935105545253,1.0,1.734626433885829,1.0,0.5405079520887184,0.0,INDUSTRIAL_PERSISTENT_SOURCE
365.02336297523044,311.89096183007706,53.13240114515338,301.32240937328777,5.711494028622098,1184.1431014539785,0.17180686041472393,0.0,1.0,2,0.4123782158161189,1.0799026802006788,0.11633298212476541,0.0,1.130592641848504,1.0,4.168776958930797,1.0,INDUSTRIAL_ACCIDENTAL_FIRE
351.5691244354415,289.06374287157854,62.505381563862954,43.51288390937535,3.7957786733209935,1125.194412436881,0.13001076312772591,1.0,0.9,17,0.9407558432901757,1.6456772336233576,0.8864825624512489,1.0,0.4328067092262609,1.0,0.5965451870610929,0.0,INDUSTRIAL_PERSISTENT_SOURCE
314.85858431493074,307.02292691378545,7.8356574011452835,5.088179990300182,1.8063491848891398,548.6177156967941,0.02758914350286321,0.0,0.4,2,0.16653711979132807,0.0,0.22781084882186853,0.0,21.2674545760426,0.0,0.0,0.0,AGRICULTURAL_BURNING
327.74218702486166,290.345768771913,37.39641825294865,31.399325193428368,3.4781375952180693,814.1322196423555,0.14465472750982883,0.0,1.0,2,0.19044812504484307,0.24696764169446367,0.25826987890867453,0.0,28.99237670099082,0.0,0.0,0.0,WILDFIRE_FOREST
341.2854221317153,300.7732847050441,40.51213742667119,24.518662654315843,3.2394100532757113,676.2173494022722,0.1307489640762034,1.0,0.7,27,0.8093354959465047,0.8464292149437112,0.7470619906778077,1.0,1.6293991374410377,1.0,-0.4403215302953985,0.0,MINING_COAL_FIRE
329.44829891279335,299.3760226042401,30.072276308553228,18.287953276698282,2.959480718473317,630.7469458229759,0.08318069077138307,0.0,0.65,1,0.17643499110227365,0.0,0.2865278158286192,0.0,55.86322503427075,0.0,0.0,0.0,AGRICULTURAL_BURNING
321.8915247312509,291.5572081055646,30.334316625686313,14.931578493665288,2.7683032083830046,660.1354945334225,0.10166947607338947,1.0,0.7,8,0.67638709137905,0.9709849372933802,0.5668584810199772,1.0,0.414164870604397,1.0,0.6727740289811064,0.0,MINING_COAL_FIRE
330.3508539343832,295.7515082897583,34.59934564462492,45.32107588161461,3.835597060145568,818.8389367207525,0.13533115214874972,1.0,0.85,2,0.06982168822849986,0.26188723015349713,0.29404258698023045,0.0,78.01786683827294,0.0,0.0,0.0,WILDFIRE_FOREST
322.69323998671985,291.92233233411804,30.770907652601807,16.44279878397431,2.8589268863376502,637.5627840194634,0.10291687900743374,1.0,0.7,9,0.7143644863662053,0.8375757161826243,0.7966342719079589,1.0,1.1464990811019122,1.0,0.01683581142593016,0.0,MINING_COAL_FIRE
321.493869952707,300.14929457227174,21.34457538043523,17.00735792490505,2.8907804479768315,598.0291412071315,0.061361438451088074,0.0,0.8,2,0.13435935459565884,0.0,0.15775649228128052,0.0,10.660145844255368,0.0,0.0,0.0,AGRICULTURAL_BURNING
322.1018722009408,290.52202358739777,31.57984861354305,15.925011400159255,2.828792492367344,665.2651790153293,0.10522813889583728,0.0,0.7,24,0.7039957845343005,1.3075858407078234,0.706998278113913,1.0,2.9790084783906563,1.0,0.5805868616496053,0.0,MINING_COAL_FIRE
361.0869201885149,290.90575576164446,70.18116442687045,21.770474587965747,3.1254647225446854,1180.2797469251668,0.1453623288537409,1.0,0.75,14,0.7024509338581135,1.1958968587433316,0.8332580250550551,1.0,0.7739062832749148,1.0,-0.7360110797113506,0.0,INDUSTRIAL_PERSISTENT_SOURCE
351.2822873814928,289.8816267667578,61.40066061473499,43.517172015951466,3.7958750027354786,1101.3136211054523,0.12780132122946997,0.0,0.75,22,0.8399912323682671,1.117965101034391,0.7015129966921064,1.0,1.734533014765075,1.0,0.6806061197981681,0.0,INDUSTRIAL_PERSISTENT_SOURCE
332.71828953361324,296.343147754864,36.37514177874925,19.981738754368774,3.043652476291392,861.6343225703403,0.14125047259583084,1.0,1.0,3,0.10316576127667124,0.21287402642484282,0.4528868684705346,0.0,78.18786912132535,0.0,0.0,0.0,WILDFIRE_FOREST
369.8837296761869,306.3329796777762,63.55074999841065,126.29902238032523,4.846538825882067,1231.8605583052627,0.20157357142403043,1.0,0.95,5,0.37335726362926014,0.8420674872647191,0.41666821958804123,1.0,0.3133264742604956,1.0,3.9592954942854104,1.0,INDUSTRIAL_ACCIDENTAL_FIRE
344.4024024542208,289.4048617891121,54.997540665108716,63.53104395667985,4.167146409667188,1095.039382083585,0.11499508133021744,1.0,0.75,16,0.7491249848931577,0.965121531967194,0.9143315445069697,1.0,1.6944348449526931,1.0,0.6379815137064662,0.0,INDUSTRIAL_PERSISTENT_SOURCE
330.4826796535269,296.39423940940503,34.08844024412184,19.23805733932998,3.007564858554369,634.4324454369034,0.09322110061030461,0.0,0.8,1,0.04000520782806946,0.0,0.30678522452528945,0.0,58.64691626828743,0.0,0.0,0.0,AGRICULTURAL_BURNING
313.15561894015684,300.5744137841325,12.581205156024339,20.786225356506954,3.0812779057041997,563.8066845428335,0.03945301289006085,0.0,0.4,1,0.011120708907619632,0.0,0.3453622190771418,0.0,43.42290576998716,0.0,0.0,0.0,AGRICULTURAL_BURNING
333.09533516214276,296.57743156774035,36.51790359440241,54.66186073743843,4.019295185963654,996.0532174721895,0.07803580718880483,1.0,1.0,37,0.9632830763112198,1.5281746118312522,0.6504738263233736,1.0,0.5729405940641987,1.0,0.7666337804387227,0.0,INDUSTRIAL_PERSISTENT_SOURCE
349.0697812108271,293.2680772168847,55.8017039939424,46.12459604351105,3.8527950737104493,962.590582470117,0.20600567997980798,0.0,0.85,1,0.21974702847884475,0.3904728095442217,0.3977102399249971,0.0,28.393509207202854,0.0,0.0,0.0,WILDFIRE_FOREST
316.65552509054413,307.7940462094335,8.861478881110656,4.812244632026531,1.759966835673331,556.8585625620473,0.030153697202776643,0.0,0.8,2,0.11511785393759,0.0,0.32482585162035715,0.0,5.826247083083104,0.0,0.0,0.0,AGRICULTURAL_BURNING
324.22645373298514,289.2322297417836,34.99422399120152,86.21600579978993,4.4683878668210735,841.4409556197684,0.13664741330400507,0.0,0.85,3,0.14426767581464425,0.30128022648479036,0.23454917357135768,0.0,84.89489813941002,0.0,0.0,0.0,WILDFIRE_FOREST
325.1815170581386,297.59708009327915,27.584436964859435,80.44563470050873,4.399935738774583,747.0490004764914,0.11194812321619813,0.0,0.65,1,0.08996703917105087,0.24211536818469345,0.4032126040189037,0.0,19.295394179509227,0.0,0.0,0.0,WILDFIRE_FOREST
317.84769599072916,307.35464284565467,10.493053145074498,7.81097021247954,2.1759975601592707,538.9697034181183,0.03423263286268624,0.0,0.8,1,0.1442489031536375,0.0,0.13177190085243337,0.0,30.397531737121025,0.0,0.0,0.0,AGRICULTURAL_BURNING
327.77931285254766,306.05214508327606,21.727167769271603,5.922101991316011,1.9347194794755953,580.1874213265877,0.062317919423179005,0.0,0.8,1,0.13666234448055303,0.0,0.19590870599987514,0.0,54.083439764482165,0.0,0.0,0.0,AGRICULTURAL_BURNING
332.30236285582197,298.3486324892431,33.953730366578895,17.37961447602651,2.9112421415185765,667.6045329492974,0.09288432591644724,0.0,0.65,2,0.1396293651059759,0.0,0.24298215444624527,0.0,17.79434453051561,0.0,0.0,0.0,AGRICULTURAL_BURNING
338.0237641038846,290.08909124427515,47.934672859609464,13.859787616753282,2.698658746909771,713.6824213427553,0.15195620817031275,1.0,0.7,20,0.7458531483976002,0.8829720765607179,0.6740585496950781,1.0,1.71046017363744,1.0,0.052290957542051486,0.0,MINING_COAL_FIRE
328.28500871497823,306.3361237512008,21.94888496377746,19.97837559180936,3.0434921734600473,609.593507021436,0.06287221240944366,0.0,0.8,1,0.015955380999904862,0.0,0.25697741444664446,0.0,29.713483268948874,0.0,0.0,0.0,AGRICULTURAL_BURNING
335.62889901922506,294.4246626207476,41.20423639847746,22.763748492267148,3.168161246876941,674.1112586359258,0.11101059099619365,0.0,0.4,2,0.1335485297577001,0.0,0.24888912749208453,0.0,23.435638934462677,0.0,0.0,0.0,AGRICULTURAL_BURNING
335.75334937119135,298.45908325106063,37.294266120130715,2.63952470982044,1.291853098897939,661.0373821633307,0.1012356653003268,0.0,0.8,1,0.14430940197538364,0.0,0.2582308254787684,0.0,51.64520650906168,0.0,0.0,0.0,AGRICULTURAL_BURNING
334.4474709045301,294.13785038282504,40.309620521705085,17.196906931489796,2.9012516308205707,712.9767171783437,0.1301703443477288,1.0,1.0,9,0.9176272222428887,1.0017594480193293,0.6596173037000599,1.0,0.6305239272973674,1.0,0.5248256143075307,0.0,MINING_COAL_FIRE
332.29361835578794,300.34723231700406,31.946386038783885,12.93454644248021,2.634371112322418,662.0287911396563,0.10627538868223967,1.0,1.0,23,0.823499422323609,0.8905440944745895,0.5716951044578056,1.0,2.169546439281206,1.0,0.2760026764485505,0.0,MINING_COAL_FIRE
334.87973185119256,294.6610493676563,40.21868248353627,8.129786425280905,2.2115423017024773,667.1104900975502,0.10854670620884069,0.0,0.65,1,0.11900654833995418,0.0,0.3098191322397369,0.0,21.77602568727075,0.0,0.0,0.0,AGRICULTURAL_BURNING
335.3463459653676,290.7081906022565,44.63815536311114,57.84468540448442,4.074901522142923,899.283647511549,0.16879385121037047,0.0,0.85,3,0.02284931403786384,0.10290669439316541,0.49101720801142085,0.0,61.94730595295104,0.0,0.0,0.0,WILDFIRE_FOREST
330.36329822925194,302.58249935611036,27.780798873141578,54.50286198316819,4.016434586687135,932.4644551464665,0.060561597746283155,0.0,0.9,37,0.9076582854916718,1.031735759930071,0.7066789441294857,1.0,0.05112382007511454,1.0,-0.1626054854292054,0.0,INDUSTRIAL_PERSISTENT_SOURCE
312.66540779428436,293.8533115753422,18.812096218942145,19.433424648925353,3.0171720232163715,586.8402686738519,0.055030240547355364,0.0,0.65,2,0.10682910282312576,0.0,0.2106693830561781,0.0,8.693678031055173,0.0,0.0,0.0,AGRICULTURAL_BURNING
325.9242594357916,300.9908931875255,24.93336624826611,17.748633800646715,2.9311208857962034,673.4611648788327,0.08623818928076031,1.0,0.7,11,0.6021490569326442,0.8541728583019602,0.7496602000510042,1.0,2.105159705409159,1.0,0.29878362501095457,0.0,MINING_COAL_FIRE
319.75968248996736,299.58974461786477,20.169937872102594,20.745088272042732,3.079387905459285,595.5617554980109,0.05842484468025649,0.0,0.65,1,0.1036387753266199,0.0,0.29728508479789434,0.0,22.812957251131156,0.0,0.0,0.0,AGRICULTURAL_BURNING
355.83193991618475,300.68837458384917,55.143565332335584,28.826094716077368,3.39538367195673,950.0595568028177,0.2038118844411186,0.0,0.85,2,0.11498817384436415,0.1427188184784606,0.25680012604912117,0.0,48.082028382647096,0.0,0.0,0.0,WILDFIRE_FOREST
322.1412118103354,289.90896829557664,32.23224351475875,64.75771542306987,4.185977009011071,834.2575354873903,0.1274408117158625,0.0,0.85,1,0.14145343703518867,0.2891852378811275,0.25693603323037295,0.0,51.288628572916885,0.0,0.0,0.0,WILDFIRE_FOREST
347.2083886601841,289.3221336508619,57.88625500932221,28.388259166346913,3.380595246500516,1115.44872957177,0.12077251001864443,0.0,0.9,32,0.8837886852851975,1.3483703692565814,0.748859124132199,1.0,0.9217908414113912,1.0,0.08590202149586545,0.0,INDUSTRIAL_PERSISTENT_SOURCE
323.3264412668715,296.52807489646597,26.798366370405518,6.282780462487212,1.985512720951595,630.8886847758496,0.07499591592601379,0.0,0.4,2,0.09742322744053575,0.0,0.15171787682410293,0.0,35.86896014369756,0.0,0.0,0.0,AGRICULTURAL_BURNING
329.74760605491184,300.4135388961142,29.334067158797666,10.105372434767922,2.407428994358798,644.5864231147626,0.08133516789699416,0.0,0.8,1,0.10441667042631028,0.0,0.3765503529901322,0.0,6.575526222064114,0.0,0.0,0.0,AGRICULTURAL_BURNING
339.0835832510635,295.78530970394894,43.29827354711455,12.273369380741965,2.5857597257408953,701.1705363744943,0.13870935299175585,1.0,0.85,19,0.9072827382044027,0.8303870276190256,0.6709929663978734,1.0,2.6965225415290734,1.0,0.22337761525283206,0.0,MINING_COAL_FIRE
369.6168771901956,309.4216637498686,60.195213440326995,197.40170115738692,5.290293769196003,1260.248124124876,0.19198632411522,1.0,0.95,5,0.41848721144670675,1.1202024684415952,0.23690941812813293,1.0,0.44277100071415615,1.0,5.526405176837713,1.0,INDUSTRIAL_ACCIDENTAL_FIRE
357.9780645467016,287.5066062679295,70.4714582787721,70.16464430352681,4.264996126316137,1006.5936569495454,0.25490486092924036,1.0,0.65,2,0.028690371016816645,0.28934037707006344,0.4677015410662425,0.0,23.358093680105576,0.0,0.0,0.0,WILDFIRE_FOREST
358.3793390273728,299.351838343536,59.02750068383682,51.77794804132154,3.9660934527393104,1095.2577122331518,0.12305500136767364,1.0,0.9,27,0.8144198274915981,1.6859797859319556,0.6624932067019941,1.0,0.7437615306165407,1.0,-0.2417117335553911,0.0,INDUSTRIAL_PERSISTENT_SOURCE
352.2575502547575,301.89312261601026,50.36442763874726,39.56926676671656,3.703010803767296,1032.9650874326508,0.10572885527749452,0.0,1.0,42,0.8154063862983867,1.2891005098907988,0.9437785596825927,1.0,0.21279394039139532,1.0,0.10267345030819452,0.0,INDUSTRIAL_PERSISTENT_SOURCE
318.11562763115427,304.6947230862195,13.420904544934785,16.984520781297295,2.8895114313267745,613.8780485882392,0.041552261362336966,0.0,0.4,1,0.16356349348625157,0.0,0.2944261336325369,0.0,19.077451588746165,0.0,0.0,0.0,AGRICULTURAL_BURNING
331.5664541100957,291.03565416171244,40.530799948383276,9.62354437143554,2.363072705089599,710.5783957094253,0.13080228556680934,0.0,0.7,12,0.9210543166234644,1.008092893232369,0.7346465258027972,1.0,2.84723882832903,1.0,-0.21205241105411782,0.0,MINING_COAL_FIRE
347.88323256475087,286.5699675595711,61.313265005179744,56.211671325047156,4.046757921715758,957.5236527620352,0.2243775500172658,0.0,0.65,3,0.20620507228619714,0.24469580131086804,0.2218046467522433,0.0,56.20363706706287,0.0,0.0,0.0,WILDFIRE_FOREST
376.526201389574,298.54594417604875,77.98025721352525,336.10679925328964,5.820399791877276,1281.805914845588,0.2428007348957864,0.0,0.85,3,0.23001246823159702,1.3848361654676293,0.22963894519635727,1.0,0.10417263410885118,1.0,6.354203985565832,1.0,INDUSTRIAL_ACCIDENTAL_FIRE
387.35644228072505,301.2511456726188,86.10529660810624,187.35647007287636,5.238336284877371,1376.3169309805235,0.2660151331660178,1.0,1.0,3,0.4117035925337359,1.3356356836280745,0.15010647523391754,1.0,0.7593193811321683,1.0,6.616764771740792,1.0,INDUSTRIAL_ACCIDENTAL_FIRE
337.6789293261918,299.4772974127282,38.201631913463586,22.38202735607693,3.151967665547031,1000.8841339188807,0.08140326382692718,1.0,0.9,30,0.7209810678702707,1.0410383661866272,0.872455175698097,1.0,1.0453570239946317,1.0,-0.046100056627455865,0.0,INDUSTRIAL_PERSISTENT_SOURCE
370.67587377171066,308.08537598021024,62.59049779150041,171.74569310611332,5.151820530968613,1224.6991927397917,0.19882999369000118,1.0,1.0,1,0.38044916910329096,0.8737809641775236,0.39359885166642405,0.0,0.944448867356626,1.0,6.698944763710334,1.0,INDUSTRIAL_ACCIDENTAL_FIRE
340.27834050773373,288.1649343050273,52.113406202706415,20.620972987638027,3.073663815251973,746.9029855852134,0.16389544629344688,0.0,0.7,22,0.6306504860431805,1.058933747829248,0.715440063621181,1.0,1.3568643234802267,1.0,0.7100821405627342,0.0,MINING_COAL_FIRE
337.88087202359463,289.6884690028972,48.19240302069744,20.474771907491004,3.066878846509652,886.4210773661619,0.1806413434023248,0.0,0.85,3,0.22132568900671884,0.3033198643861974,0.38767687504092585,0.0,46.799971025547435,0.0,0.0,0.0,WILDFIRE_FOREST
319.0353722461937,299.7530992417268,19.2822730044669,21.055961919450056,3.093582947180744,588.0613841094707,0.056205682511167254,0.0,0.8,2,0.09316059346299616,0.0,0.38613081886384815,0.0,17.5570734093848,0.0,0.0,0.0,AGRICULTURAL_BURNING
327.50614905367917,288.6596688028397,38.84648025083948,120.35778042094897,4.798743045658697,897.5481752010837,0.14948826750279826,1.0,1.0,1,0.06261164509509513,0.13868947754585736,0.47662779607169947,0.0,74.9752071342279,0.0,0.0,0.0,WILDFIRE_FOREST
322.55444409331545,303.45988655476873,19.094557538546724,16.67094071486327,2.871921522880744,598.9008465892848,0.05573639384636681,0.0,0.8,1,0.11911077121479308,0.0,0.18039893463860912,0.0,39.86853746422432,0.0,0.0,0.0,AGRICULTURAL_BURNING
329.17477493928976,290.90800594194127,38.26676899734849,23.646017584918365,3.20461532901557,703.3692612500923,0.12433362570670997,0.0,0.85,17,0.8524223731865734,0.9533845645465996,0.6891797361324052,1.0,2.5601015927810233,1.0,0.5276256521848683,0.0,MINING_COAL_FIRE
320.3161445303885,288.2711991442863,32.0449453861022,9.182979254156663,2.3207176258857407,677.9258116604888,0.10655698681743485,0.0,1.0,10,0.8946997079832147,0.8085418049886893,0.7120280263293144,1.0,2.1807349360027706,1.0,0.12849779593884614,0.0,MINING_COAL_FIRE
356.1087400454736,289.6037979656973,66.5049420797763,53.293665018853886,3.994407553814396,1165.5640078205286,0.1380098841595526,1.0,0.75,10,0.9280249388529206,1.5216309355492494,0.8102083191154152,1.0,1.120364425372881,1.0,0.8773944805901006,0.0,INDUSTRIAL_PERSISTENT_SOURCE
335.77757847301865,297.46294330093235,38.3146351720863,4.757293065190405,1.7504674102848288,696.5844198852376,0.10378658793021575,0.0,0.8,2,0.11120752922779985,0.0,0.28894299571183535,0.0,9.625591912238333,0.0,0.0,0.0,AGRICULTURAL_BURNING
328.1655258602871,294.19017372568726,33.97535213459986,43.15067627878688,3.7876082446854706,976.3691813244002,0.07295070426919972,1.0,0.9,7,0.7071542868167412,1.5593514293163588,0.8554175491643013,1.0,0.2389974583045112,1.0,-0.3586018504293298,0.0,INDUSTRIAL_PERSISTENT_SOURCE
352.37715930082067,301.15026320190975,51.22689609891091,34.2332854726597,3.5619912458152876,1083.7842716631374,0.10745379219782183,0.0,0.75,35,0.7948941431168216,1.1363151342923614,0.7264409798095086,1.0,0.49153604984563315,1.0,-0.46188450173258855,0.0,INDUSTRIAL_PERSISTENT_SOURCE
322.47495507190547,297.41496708498886,25.05998798691661,16.913020206697563,2.8855278342788626,643.5248376315876,0.0865999656769046,1.0,0.85,23,0.8644978443865143,1.0523118230080666,0.56824489355494,1.0,1.411239545238681,1.0,-0.2185465216153118,0.0,MINING_COAL_FIRE
375.85759972513597,306.3112510769195,69.54634864821645,193.7936232604794,5.271940655870172,1276.3107459222906,0.21870385328061842,0.0,0.85,2,0.2194356631982585,1.4317173151000893,0.12325534552452122,0.0,0.06772957204855092,1.0,3.525311356830473,1.0,INDUSTRIAL_ACCIDENTAL_FIRE
328.8951747026885,294.36954729225266,34.525627410435845,18.259008500799517,2.9579789253355866,655.2367575036297,0.11364464974410242,0.0,0.7,9,0.8334738763881255,0.8087309771227316,0.7968566570935722,1.0,1.307565050728409,1.0,0.24601128277290052,0.0,MINING_COAL_FIRE
319.67206730963017,299.9486621822571,19.72340512737304,11.254646268245851,2.5059051522832703,596.031536414354,0.057308512818432605,0.0,0.8,1,0.161164254738353,0.0,0.13753484789484566,0.0,13.07809821328548,0.0,0.0,0.0,AGRICULTURAL_BURNING
392.6730285096837,299.01828926890136,93.65473924078236,161.89433413473563,5.093101733755332,1400.0,0.2875849692593782,1.0,0.85,1,0.47372897037277295,0.9572601783492367,0.2397664030697279,0.0,0.541051423166353,1.0,4.327137133711214,1.0,INDUSTRIAL_ACCIDENTAL_FIRE
382.9811897861596,300.8176930338826,82.16349675227696,143.3198690501183,4.972032148956075,1361.9812970870546,0.25475284786364844,1.0,0.85,5,0.3194117412114037,1.0198306648429027,0.2747196313944661,1.0,1.607914088142599,1.0,6.2682605142943615,1.0,INDUSTRIAL_ACCIDENTAL_FIRE
320.7199878161438,294.2713297017009,26.448658114442935,4.65676154724669,1.7328515636689454,608.5658827291907,0.07412164528610735,0.0,0.65,2,0.14225764018248624,0.0,0.30212047824719546,0.0,30.56071702317361,0.0,0.0,0.0,AGRICULTURAL_BURNING
376.80666008318946,299.8300425302566,76.97661755293285,339.1041033269776,5.829251757000578,1283.9838379881967,0.23993319300837956,1.0,1.0,5,0.3640919699335864,1.0185328155983906,0.24961328485834117,1.0,1.2254905036771064,1.0,6.212722918919793,1.0,INDUSTRIAL_ACCIDENTAL_FIRE
324.3633041630664,303.9387795969262,20.424524566140178,21.324891883355857,3.1057022839000346,607.2853082124819,0.05906131141535045,0.0,0.8,2,0.17115335584773708,0.0,0.3610911335499528,0.0,6.96410219654787,0.0,0.0,0.0,AGRICULTURAL_BURNING
329.30009028957807,297.901623870582,31.398466418996065,47.72402839467283,3.8861723046031784,870.3819197240778,0.12466155472998688,0.0,0.85,3,0.161843836076441,0.274132003658706,0.4833681110801443,0.0,14.506248493428288,0.0,0.0,0.0,WILDFIRE_FOREST
327.571034774092,297.85844041656577,29.712594357526257,19.731240098217018,3.031641746087161,675.4642369119531,0.08228148589381565,0.0,0.65,1,0.05461617138385282,0.0,0.222470386246587,0.0,55.973587192511566,0.0,0.0,0.0,AGRICULTURAL_BURNING
333.8693822237005,298.48855188872494,35.38083033497554,9.196066192442917,2.3220019784938666,677.6256416316014,0.11608808667135868,1.0,0.7,10,0.8751763807249114,1.1910143965892337,0.585116937689376,1.0,3.385456410234203,0.0,0.38832306229665015,0.0,MINING_COAL_FIRE
354.5696932032746,289.4894722961446,65.08022090713001,46.40741523390085,3.858778655999416,967.8084620732296,0.23693406969043337,0.0,0.85,3,0.243082881920167,0.3304151580231017,0.2238414997563484,0.0,70.83672899493408,0.0,0.0,0.0,WILDFIRE_FOREST
316.66485775838726,305.9158263682639,10.749031390123378,12.968847688860873,2.636829685175402,562.572943156464,0.03487257847530845,0.0,0.65,2,0.026332915858520538,0.0,0.22147410084125102,0.0,18.940813959361485,0.0,0.0,0.0,AGRICULTURAL_BURNING
377.94584429409326,302.65942100277476,75.2864232913185,170.87824341361016,5.1467863390128805,1321.036979907103,0.23510406654662427,1.0,0.85,2,0.21963603633169362,0.9061724158129258,0.20910272372844188,0.0,1.3284609894162775,1.0,5.714341952864014,1.0,INDUSTRIAL_ACCIDENTAL_FIRE
322.07160379476227,299.4909930454964,22.580610749265873,26.515359043112486,3.314744359422132,627.7192558405034,0.07951603071218821,0.0,0.85,13,0.698890202283604,1.2998215679437497,0.7947254762371344,1.0,1.9488428500556103,1.0,-0.19541004650916255,0.0,MINING_COAL_FIRE
326.8847463889714,295.33469946183817,31.550046927133224,51.453661887967236,3.9599301491443586,826.9139268733533,0.12516682309044408,1.0,0.85,3,0.09250488453223486,0.20544218924867688,0.2854904797211737,0.0,16.084777810267745,0.0,0.0,0.0,WILDFIRE_FOREST
354.57878562616185,291.05633228774917,63.522453338412674,21.687089453871483,3.1217960161642155,1132.0024752066963,0.13204490667682536,1.0,0.75,14,0.7992454021858822,1.5380678404113999,0.9218302786041277,1.0,0.5882424075358018,1.0,0.4593671905184058,0.0,INDUSTRIAL_PERSISTENT_SOURCE
394.34662005579673,300.53248661930456,93.81413343649217,154.2600983992562,5.045101764748145,1400.0,0.2880403812471205,0.0,0.85,2,0.555234108607733,1.3828282413282917,0.3814579477443595,0.0,1.4485264494333687,1.0,6.23834196193733,1.0,INDUSTRIAL_ACCIDENTAL_FIRE
345.14894394615806,294.9649761719273,50.18396777423078,32.19206576057825,3.502310864246315,1081.252669828496,0.10536793554846156,0.0,0.75,18,0.9698063307914435,1.576511790328281,0.7768605227177261,1.0,0.5724078744794324,1.0,0.915320794084513,0.0,INDUSTRIAL_PERSISTENT_SOURCE
340.8530561159286,288.1216229532932,52.731433162635426,46.602301263315404,3.862881105936721,1060.5291929133957,0.11046286632527086,0.0,1.0,9,0.841617124771257,1.6573641516559108,0.6533085345497409,1.0,0.04017049891026714,1.0,0.5738548335486049,0.0,INDUSTRIAL_PERSISTENT_SOURCE
325.8409067101262,298.02880588383977,27.81210082628644,35.176947319245514,3.5884221015938373,821.5769213762802,0.11270700275428813,0.0,0.65,2,0.069792830471207,0.3508930223568659,0.4644400294638668,0.0,78.80060386535284,0.0,0.0,0.0,WILDFIRE_FOREST
361.7882854941097,298.93353203686127,62.85475345724842,35.00073515752592,3.58353935928999,1156.9987436752401,0.13070950691449684,1.0,0.75,44,0.9618412932373777,1.0303675445414198,0.8244591422831331,1.0,2.0964310349468276,1.0,0.11831826075182272,0.0,INDUSTRIAL_PERSISTENT_SOURCE
382.2184959820703,303.5005315245045,78.71796445756581,122.61226475450552,4.817149769506063,1315.1471991504552,0.24490846987875944,1.0,1.0,2,0.6233780175868516,0.8281806021064625,0.30592327734410363,0.0,0.1001417482608954,1.0,4.274420606644707,1.0,INDUSTRIAL_ACCIDENTAL_FIRE
328.5887926719705,287.4757823876045,41.113010284366,34.17446545918429,3.560320406273307,870.6626440877519,0.15704336761455331,0.0,0.85,1,0.055965930882660594,0.3374622421770062,0.48620474123575613,0.0,35.89386278456721,0.0,0.0,0.0,WILDFIRE_FOREST
332.7933410447296,287.8600449193621,44.93329612536746,28.984613925972027,3.4006843809655303,854.7286619146951,0.16977765375122486,0.0,0.65,2,0.15176391827137847,0.3007833091421534,0.4742626369042436,0.0,79.2953181863714,0.0,0.0,0.0,WILDFIRE_FOREST
338.044349234668,289.3583920140138,48.68595722065419,32.30655342287099,3.505754177109535,1048.6930852376781,0.10237191444130839,1.0,0.75,23,0.8075823766517289,1.7061537199636032,0.6586832950230102,1.0,1.4762470866197708,1.0,-0.45907497683671594,0.0,INDUSTRIAL_PERSISTENT_SOURCE
343.319804755748,292.2828760757301,51.03692868001792,40.40641210463248,3.723435750592736,1084.850767138884,0.10707385736003584,0.0,1.0,8,0.7029206291013621,1.2540175548729857,0.9039652327459589,1.0,0.6697326996851559,1.0,-0.5812001490793322,0.0,INDUSTRIAL_PERSISTENT_SOURCE
348.20344761997467,292.132654925876,56.07079269409866,22.37337299339169,3.1515974681914574,936.1350266246972,0.20690264231366218,0.0,0.65,1,0.1699737714787637,0.18845993406195857,0.2934216935134634,0.0,27.048669700451978,0.0,0.0,0.0,WILDFIRE_FOREST
323.524504596702,298.12122097885,25.403283617852026,27.01965537583102,3.332906241612348,643.8006810895008,0.08758081033672008,0.0,0.7,18,0.9016193985596377,1.2947941462572325,0.8102046065612072,1.0,1.1177439544438421,1.0,0.6305750719932595,0.0,MINING_COAL_FIRE
369.26411371380374,298.1638925502327,71.10022116357106,169.62748998303505,5.139482759139908,1255.103345835244,0.22314348903877446,0.0,0.85,3,0.3744265358373541,0.886102306586622,0.2955248387576489,1.0,0.7885599552233683,1.0,4.677033117455047,1.0,INDUSTRIAL_ACCIDENTAL_FIRE
381.65254847906857,308.26299814441546,73.38955033465311,134.83305598200164,4.911426602160429,1302.5421895200136,0.2296844295275803,0.0,0.95,3,0.4939420549399576,1.3936334537915402,0.39398739309876385,1.0,1.1279745379553134,1.0,5.331869636512284,1.0,INDUSTRIAL_ACCIDENTAL_FIRE
313.68793421009855,304.35549585411803,9.332438355980514,17.703946320588493,2.9287345347827207,556.5085574887788,0.03133109588995128,0.0,0.65,1,0.1119730075943294,0.0,0.39582156110165634,0.0,35.07600806484926,0.0,0.0,0.0,AGRICULTURAL_BURNING
359.992836786655,295.2955815123772,64.69725527427778,35.873653509072334,3.607497298985087,1158.4995036647929,0.13439451054855556,1.0,1.0,31,0.938257530610643,0.9111830344145391,0.9139431307159056,1.0,1.0285100128155304,1.0,-0.44040437300984925,0.0,INDUSTRIAL_PERSISTENT_SOURCE
320.94606528161216,304.17389337793225,16.77217190367992,7.838847385034113,2.17915648184016,600.5623562075631,0.0499304297591998,0.0,0.4,1,0.1177549931502022,0.0,0.3178242270034566,0.0,31.91442189741719,0.0,0.0,0.0,AGRICULTURAL_BURNING
357.63704467883736,286.06422636754155,71.5728183112958,203.81233697151424,5.322094130469772,954.199376042232,0.2585760610376527,0.0,0.85,1,0.12609222262502248,0.23371219064394483,0.22749146155271838,0.0,76.63702979844832,0.0,0.0,0.0,WILDFIRE_FOREST
349.35959077924355,287.27454756148376,62.08504321775979,57.87861511774626,4.0754779537253,955.2215442431707,0.22695014405919928,1.0,0.65,1,0.1186128239185115,0.3770512837375469,0.23458737796508008,0.0,19.775349503321507,0.0,0.0,0.0,WILDFIRE_FOREST
333.3477597695887,303.3559000789053,29.99185969068344,10.240450163871825,2.419518893830091,655.1883203723397,0.08297964922670861,0.0,0.8,1,0.1147699045515004,0.0,0.3100102122894567,0.0,12.99825725024919,0.0,0.0,0.0,AGRICULTURAL_BURNING
323.85588763837035,293.03086722887303,30.825020409497313,9.134670019409398,2.3159622208548702,657.538246496364,0.10307148688427803,1.0,0.7,7,0.7541273759125793,1.2904538771549485,0.6706367774648936,1.0,3.3806400198245723,0.0,0.41230850163381894,0.0,MINING_COAL_FIRE
389.79372398323227,302.48069441442857,87.3130295688037,165.74098683418902,5.1164416313659915,1381.719015207474,0.2694657987680106,1.0,1.0,1,0.17674264837368445,1.4654250028562892,0.30070326084315013,0.0,1.6171656498683509,1.0,6.781572777249272,1.0,INDUSTRIAL_ACCIDENTAL_FIRE
351.8278107297151,301.90210063665063,49.92571009306448,25.423262826071237,3.2742447898061786,1054.7616214862442,0.10485142018612896,1.0,1.0,10,0.8609114059297556,0.921113119549039,0.7488249972123329,1.0,0.8383226315005172,1.0,-0.7924646108989339,0.0,INDUSTRIAL_PERSISTENT_SOURCE
319.17168563547403,297.8692586346722,21.302427000801856,23.925224546380456,3.215880324689186,597.1345700955471,0.061256067502004644,0.0,0.8,2,0.037894158486746446,0.0,0.3192885124483349,0.0,15.0525646464923,0.0,0.0,0.0,AGRICULTURAL_BURNING
331.5077614720559,301.8037903488513,29.70397112320461,19.996746811093505,3.0443675119655955,625.0105052482146,0.08225992780801153,0.0,0.4,2,0.022403176865202323,0.0,0.17378116427585474,0.0,46.83563667679141,0.0,0.0,0.0,AGRICULTURAL_BURNING
331.8930823871585,291.243238630213,40.64984375694547,18.52133875689329,2.9715081624904194,724.8335043418031,0.1311424107341299,0.0,1.0,28,0.9312770983891101,0.7863075264598735,0.6901937134465204,1.0,1.2296044238393222,1.0,-0.2778347473242064,0.0,MINING_COAL_FIRE
316.8366480700378,298.1196386073484,18.71700946268942,18.558428590143752,2.973406323452196,591.7916840004939,0.054792523656723546,0.0,0.65,2,0.02437277284410932,0.0,0.1630158760537916,0.0,58.16382457453178,0.0,0.0,0.0,AGRICULTURAL_BURNING
325.1165079036133,300.5094016467927,24.6071062568206,15.404084867754985,2.7975303811176846,647.3968378342643,0.08530601787663028,0.0,0.85,28,0.6960354815719968,0.9629905420954585,0.6549554161091179,1.0,1.8023020543386195,1.0,0.7284385773690389,0.0,MINING_COAL_FIRE
370.3366437214707,305.20557063970017,65.13107308177052,227.293739876024,5.430633132555435,1236.6368880369457,0.20608878023363006,0.0,0.85,5,0.27290371965307647,0.8829518365187061,0.20110972861820797,1.0,1.464482019222891,1.0,7.004821148614882,1.0,INDUSTRIAL_ACCIDENTAL_FIRE
329.63902657013045,289.70826983347104,39.93075673665942,13.789316375524052,2.693905053580335,704.2504548695504,0.1290878763904555,0.0,0.7,18,0.7838451899950629,1.228883408088952,0.7523511336298713,1.0,3.458177255387681,0.0,0.7475322752952642,0.0,MINING_COAL_FIRE
330.27769720945884,288.42287010670833,41.854827102750505,22.12087262397902,3.140735786343606,1027.9482292823461,0.08870965420550102,0.0,1.0,44,0.9099568576283505,1.0721496339336574,0.8051353792570759,1.0,0.5535442736085014,1.0,-0.5898048995727234,0.0,INDUSTRIAL_PERSISTENT_SOURCE
357.5603935981131,292.86878750799434,64.69160609011874,28.808290093612534,3.394786545884224,1016.8224389695143,0.23563868696706244,0.0,0.85,3,0.04922224755474092,0.23511086715917673,0.47797367514293776,0.0,21.31416046797853,0.0,0.0,0.0,WILDFIRE_FOREST
339.69303657115336,298.26527128441626,41.4277652867371,12.147515563046063,2.5762328102073067,706.3484306666813,0.1333650436763917,0.0,0.7,21,0.8539935952630675,1.0280830470603985,0.740623774940605,1.0,3.405957280425322,0.0,0.5871315121828236,0.0,MINING_COAL_FIRE
341.3317724216563,293.56043169960617,47.77134072205013,10.043544705685058,2.4018460677278077,733.0433863640981,0.15148954492014322,0.0,1.0,5,0.7585938924162616,0.8647158786527595,0.6026171004920838,1.0,2.0246937636314666,1.0,0.4599098148719857,0.0,MINING_COAL_FIRE
349.1297903703307,299.66816558305317,49.461624787277515,34.09754626725359,3.5581312211123657,1058.8405575389568,0.10392324957455504,0.0,0.9,14,0.8946542513404321,1.6838708398762883,0.7527002247382972,1.0,1.1107812256379708,1.0,0.6529934926748453,0.0,INDUSTRIAL_PERSISTENT_SOURCE
318.7514512912978,306.34946911251365,12.40198217878418,8.878129286538307,2.2903231503642565,575.050052863427,0.03900495544696045,0.0,0.65,1,0.15913763932973235,0.0,0.14102650708401626,0.0,58.19166480401111,0.0,0.0,0.0,AGRICULTURAL_BURNING
322.335258379353,293.2857306909401,29.049527688412866,43.843154513103414,3.803170946155519,823.4808849089624,0.11683175896137622,1.0,0.65,1,0.024731436878169977,0.37217489938719117,0.3478246688388013,0.0,73.14995595022845,0.0,0.0,0.0,WILDFIRE_FOREST
323.23664759148687,295.06860643013107,28.168041161355802,22.4577943540095,3.1552028214997776,680.5004248390819,0.09548011760387372,0.0,0.7,20,0.8299759315942242,0.7444146926136225,0.8439004391267197,1.0,1.4126309737358675,1.0,0.10215464135508279,0.0,MINING_COAL_FIRE
341.89728793548994,294.43378439240564,47.4635035430843,34.92441884580703,3.581417254960394,1026.3745256265956,0.09992700708616861,0.0,0.75,31,0.7434353681874617,1.4150554330878011,0.7825561124273192,1.0,1.2965236198244343,1.0,0.658830897453081,0.0,INDUSTRIAL_PERSISTENT_SOURCE
381.2209542993473,299.3514825827362,81.86947171661109,199.0618075028721,5.29862635632014,1330.6817216465668,0.25391277633317455,0.0,1.0,1,0.38438398273225294,0.9584460460390402,0.35558615148155104,0.0,0.4733141994529682,1.0,5.612280176199466,1.0,INDUSTRIAL_ACCIDENTAL_FIRE
336.21355110586535,299.6594171437893,36.55413396207604,17.60861583631926,2.923624690473689,692.9513625773396,0.11944038274878868,0.0,0.7,27,0.6224671495732185,1.1890307142077845,0.6519029015637007,1.0,1.1977238101761387,1.0,0.25630757771109913,0.0,MINING_COAL_FIRE
347.69688193153814,291.1137461378814,56.583135793656766,93.54591616899606,4.549085601881817,933.9585872639522,0.20861045264552255,0.0,0.65,2,0.22317470854710972,0.2759742987701901,0.3863600433812546,0.0,51.67800962131103,0.0,0.0,0.0,WILDFIRE_FOREST
325.0590624547537,290.80170017858694,34.25736227616676,9.13167407633363,2.315666563869729,657.0526004295189,0.11287817793190502,0.0,0.7,16,0.8187687505396282,0.7143032162500674,0.7057297725286551,1.0,1.4583486133591745,1.0,-0.41514329988784454,0.0,MINING_COAL_FIRE
331.1564671666887,296.2610632962309,34.89540387045781,19.87042417462542,3.0383330454932724,807.2049831415817,0.13631801290152604,1.0,0.65,1,0.17948085059762686,0.2592680966828485,0.2871950988096105,0.0,18.223850398490825,0.0,0.0,0.0,WILDFIRE_FOREST
343.946847950408,301.928332993412,42.018514956996,36.85271637484501,3.633702744147047,1008.9752994223801,0.08903702991399201,1.0,0.75,17,0.8154085004504196,1.7829403760290192,0.8485432185723274,1.0,1.4175677058091076,1.0,-0.12353806536543033,0.0,INDUSTRIAL_PERSISTENT_SOURCE
348.9312294872263,288.19134719561146,60.73988229161483,41.296651111062005,3.744707912966873,1119.7960767422958,0.12647976458322965,1.0,1.0,13,0.8640116701356522,1.5447190345866784,0.7172775149453695,1.0,1.5356006495300638,1.0,-0.09952677134584653,0.0,INDUSTRIAL_PERSISTENT_SOURCE
376.5529318580578,309.915913401236,66.63701845682175,142.67044443119042,4.967522096434634,1210.9375188659383,0.210391481305205,1.0,0.95,2,0.42840063122917504,0.868023545639538,0.3152525293447094,0.0,0.604613509023486,1.0,6.0713400443723735,1.0,INDUSTRIAL_ACCIDENTAL_FIRE
351.384153016435,292.1021177306247,59.28203528581031,41.199867633490065,3.742417084389892,1078.3336067794376,0.12356407057162062,1.0,1.0,43,0.7308594112418249,1.184069893830437,0.797305928800673,1.0,1.625511520669579,1.0,-0.5220620162267509,0.0,INDUSTRIAL_PERSISTENT_SOURCE
343.16184425437757,297.8058498098555,45.35599444452208,26.317711295360162,3.3075352572314283,876.9198693680993,0.17118664814840692,0.0,0.65,2,0.043508602431743176,0.4339538044917123,0.4971397196184729,0.0,34.94498614690254,0.0,0.0,0.0,WILDFIRE_FOREST
322.42557359971676,292.87100408609336,29.55456951362339,19.514001738361408,3.0211076646254615,808.7965535701414,0.11851523171207798,0.0,0.85,1,0.1143376669230466,0.16918482790599415,0.3645450757247374,0.0,21.624073099656535,0.0,0.0,0.0,WILDFIRE_FOREST
324.9590624436419,288.8754890674245,36.08357337621743,32.429416082447624,3.509436233406819,789.5790506526372,0.14027857792072476,0.0,0.65,2,0.17637182206131027,0.2920369063022889,0.2598762487400295,0.0,78.52269459579631,0.0,0.0,0.0,WILDFIRE_FOREST
330.1586325537118,297.0985462919592,33.06008626175259,14.836040069956324,2.7622883595486094,626.964461585747,0.09065021565438147,0.0,0.65,1,0.10523273421981964,0.0,0.39094284675290614,0.0,20.5981664992798,0.0,0.0,0.0,AGRICULTURAL_BURNING
354.40463255307725,296.2833342026077,58.121298350469544,18.819601373638104,2.98667141637053,1104.5830966639146,0.12124259670093909,1.0,0.9,34,0.8043659533488209,1.7654764430837737,0.8034402620127852,1.0,1.4609229290162933,1.0,0.26785688099820204,0.0,INDUSTRIAL_PERSISTENT_SOURCE
317.33870802623676,295.9985621858726,21.340145840364187,8.006301799899806,2.197924532299446,612.7377993777762,0.061350364600910465,0.0,0.65,1,0.11166312202222822,0.0,0.13127295966543326,0.0,45.541824004736824,0.0,0.0,0.0,AGRICULTURAL_BURNING
379.375496883308,300.7238165245942,78.6516803587138,134.27351392381442,4.907298757874773,1325.5079651753524,0.2447190867391823,0.0,0.95,4,0.27838828386025394,1.227233648317643,0.35065273597811775,1.0,0.3410803135504988,1.0,4.244262835153547,1.0,INDUSTRIAL_ACCIDENTAL_FIRE
324.1056728144702,294.48124932366306,29.624423490807146,16.720590187422715,2.8747272509102566,652.3075517371061,0.0996412099737347,1.0,1.0,19,0.9266079512400283,1.0033458448514474,0.7879646608039568,1.0,1.3582110137579169,1.0,0.6285606945877611,0.0,MINING_COAL_FIRE
316.91791153263694,296.49369581379665,20.424215718840287,3.461521476767308,1.4954898461461708,603.3594085557445,0.05906053929710072,0.0,0.65,2,0.1037855258379487,0.0,0.2404916462135903,0.0,27.827502167464512,0.0,0.0,0.0,AGRICULTURAL_BURNING
367.87187164233194,302.44772576566027,65.42414587667167,200.4875617208225,5.305727651048817,1197.4222291101712,0.20692613107620478,1.0,0.85,1,0.30652507253157346,1.2408744581042954,0.24112372161433795,0.0,1.745180559755125,1.0,3.0360078289451393,1.0,INDUSTRIAL_ACCIDENTAL_FIRE
328.93885312712655,287.0934890906372,41.84536403648934,34.403739018985696,3.566817436567363,848.1015970260594,0.1594845467882978,0.0,0.85,1,0.021030789464871632,0.14277405425487857,0.32936011593340153,0.0,28.431691515411657,0.0,0.0,0.0,WILDFIRE_FOREST
337.3386395727888,295.1165237122076,42.2221158605812,42.64319452838896,3.7760473601278393,1042.9082300232226,0.0894442317211624,0.0,0.9,16,0.9094426686153574,1.3001648921225142,0.6581243401010153,1.0,0.7476329816121593,1.0,0.29376234757486586,0.0,INDUSTRIAL_PERSISTENT_SOURCE
324.2166165143478,289.84203392438303,34.374582589964746,8.839039269751575,2.2863580711096887,684.2317250553986,0.11321309311418498,1.0,0.7,15,0.806297282172485,0.7833037735027837,0.6919302584470273,1.0,1.6399717599497403,1.0,-0.33657629213378715,0.0,MINING_COAL_FIRE
319.44666805861584,302.7171319703287,16.729536088287148,9.471033717042783,2.348612751340517,588.5686667121413,0.04982384022071787,0.0,0.65,1,0.1551282713767767,0.0,0.25827165796583784,0.0,8.366632884393866,0.0,0.0,0.0,AGRICULTURAL_BURNING
322.0045085066123,286.27479013905315,35.729718367559144,52.59121055344714,3.981385072418396,842.7329601385986,0.13909906122519713,1.0,1.0,1,0.0283386259515513,0.34187576231159933,0.3563288538740377,0.0,40.43737890070496,0.0,0.0,0.0,WILDFIRE_FOREST
349.61614147871416,300.1649835362244,49.45115794248977,22.16817602087781,3.1427796137606756,888.1671752207203,0.18483719314163255,1.0,0.65,3,0.1747378623876947,0.2227272490339065,0.27243926845976485,0.0,56.58464013166459,0.0,0.0,0.0,WILDFIRE_FOREST
324.8681607481131,287.0290147734272,37.83914597468589,72.7475802435251,4.300648184424374,833.4691268173791,0.1461304865822863,1.0,0.85,2,0.15483076365126638,0.12691872355736714,0.261528126117083,0.0,51.22902049807387,0.0,0.0,0.0,WILDFIRE_FOREST
354.87385418002157,290.90608399537217,63.967770184649396,57.91332871004578,4.076067358945664,1138.6214460743895,0.1329355403692988,1.0,0.9,26,0.7958742348913005,1.7718223051917388,0.6751537154013443,1.0,0.5906212545007117,1.0,0.1475203074774405,0.0,INDUSTRIAL_PERSISTENT_SOURCE
